:020000040800F2
:108000003DB8F3960000000000020000F8BA00003E
:108010000000000000000000000000000000000060
:108020000000000000000000000000000000000050
:108030000000000000000000000000000000000040
:108040000000000000000000000000000000000030
:108050000000000000000000000000000000000020
:108060000000000000000000000000000000000010
:108070000000000000000000000000000000000000
:1080800000000000000000000000000000000000F0
:1080900000000000000000000000000000000000E0
:1080A00000000000000000000000000000000000D0
:1080B00000000000000000000000000000000000C0
:1080C00000000000000000000000000000000000B0
:1080D00000000000000000000000000000000000A0
:1080E0000000000000000000000000000000000090
:1080F0000000000000000000000000000000000080
:10810000000000000000000000000000000000006F
:10811000000000000000000000000000000000005F
:10812000000000000000000000000000000000004F
:10813000000000000000000000000000000000003F
:10814000000000000000000000000000000000002F
:10815000000000000000000000000000000000001F
:10816000000000000000000000000000000000000F
:1081700000000000000000000000000000000000FF
:1081800000000000000000000000000000000000EF
:1081900000000000000000000000000000000000DF
:1081A00000000000000000000000000000000000CF
:1081B00000000000000000000000000000000000BF
:1081C00000000000000000000000000000000000AF
:1081D000000000000000000000000000000000009F
:1081E000000000000000000000000000000000008F
:1081F000000000000000000000000000000000007F
:10820000C05E002029BD000847FF000815BD00081A
:1082100015BD000815BD000815BD000800000000D0
:1082200000000000000000000000000025BE000863
:1082300015BD000800000000A9BF0008ADD100086E
:1082400021C0000821C0000821C0000821C000088A
:1082500021C0000821C0000821C0000821C000087A
:1082600021C0000821C0000821C0000821C000086A
:1082700021C0000821C0000821C0000821C000085A
:1082800021C0000821C0000821C0000821C000084A
:1082900021C0000821C0000821C0000821C000083A
:1082A00021C0000821C0000821C0000821C000082A
:1082B00021C0000821C0000821C0000821C000081A
:1082C00021C0000821C0000821C0000821C000080A
:1082D00021C0000821C0000821C0000821C00008FA
:1082E00021C0000821C0000821C0000821C00008EA
:1082F00021C0000821C0000821C0000821C00008DA
:1083000021C0000821C0000821C0000821C00008C9
:1083100021C0000853B94AB9002908BF00281CBF72
:108320004FF0FF314FF0FF3000F00CB8ADF1080C0A
:108330006DE904CE00F01AF8DDF804E0DDE902236F
:1083400004B07047704700BF10F8012B11F8013BD3
:10835000012A28BF9A42F7D0D01A7047034613F873
:10836000012B002AFBD1181A013870472DE9F0477C
:108370008C468E46089E154604461946002B40F052
:10838000D080724547D9B2FA82F74FB1C7F12003C6
:108390000EFA07FC20FA03F3BD4043EA0C0CBC4084
:1083A0004FEA154EA8B2BCFBFEF8230C0EFB18CC0E
:1083B00008FB00F943EA0C43994528D9EB1808F16A
:1083C000FF3204D2994502D9A8F102022B44A3EB53
:1083D0000903A4B2B3FBFEFC0EFB1C330CFB00F044
:1083E00044EA0344A04214D92C190CF1FF3304D2FF
:1083F000A04202D9ACF102032C44241A43EA024001
:108400001EB1FC40002334607360BDE8F087424633
:10841000DDE76346F1E7002A79D0B2FA82F3002B58
:108420003FD01946C1F1200302FA01F52EFA03F2FA
:108430000EFA01FE20FA03F343EA0E034FEA154E4B
:1084400000FA01F4B2FBFEFCAFB20EFB1C201A0CCA
:108450000CFB07F842EA004290455AD9AA180CF1E1
:10846000FF3004D2904502D9ACF102002A44A2EBBD
:1084700008029BB2B2FBFEFC0EFB1C220CFB07F7B2
:1084800043EA02439F4246D9EB180CF1FF3204D273
:108490009F4202D9ACF102022B44DB1B42EA0042AC
:1084A00002E0AEEB020301224FEA154EAFB2B3FB7E
:1084B000FEFC200C0EFB1C330CFB07F840EA0343C8
:1084C00098452AD9EB180CF1FF3004D2984502D90F
:1084D000ACF102002B44A3EB0803A4B2B3FBFEFCF7
:1084E0000EFB1C330CFB07F744EA0344A74216D9E2
:1084F0002C190CF1FF3304D2A74202D9ACF10203CC
:108500002C44E41B43EA00400F46114678E71F2144
:1085100088E76046ABE76246BFE76046DBE7634655
:10852000EFE7734506D916B9002108466DE7C6E99D
:10853000000EF9E7B3FA83F787B9734501D3824296
:1085400007D8841A6EEB030301209C461EB9002154
:108550005BE73846FAE7C6E9004CF8E7C7F1200CBC
:10856000BB4022FA0CF51D4320FA0CF12EFA0CF355
:108570000EFA07FE41EA0E014FEA154900FA07F428
:10858000B3FBF9F81FFA85FE09FB18300B0C08FB4A
:108590000EFA43EA00439A4502FA07F240D9EB1873
:1085A00008F1FF3004D29A4502D9A8F102002B4409
:1085B000A3EB0A0389B2B3FBF9F809FB183308FBF4
:1085C0000EFE41EA03418E452CD9691808F1FF33AC
:1085D00004D28E4502D9A8F10203294443EA00409F
:1085E000A0FB0298A1EB0E014145CE46434602D3C3
:1085F00006D14C4504D2B9EB020E68EB05030138F5
:10860000002EA4D0B4EB0E0261EB030101FA0CFCC6
:1086100022FA07F34CEA0303F940C6E9003196E772
:108620004046C5E74346D9E7F0B50268002302B9E2
:10863000F0BD8A4235D013461268F8E71A6000236D
:108640000B601C4B1B78002BF2D01B4B1B4E186889
:1086500034680346A342EBD203F1080291421DD1D4
:108660001A781207E4D05A680778A24234BF154638
:108670001D463F07297801F00F0106D101B96A684C
:108680004260A242D4D13060D2E709B96A685A6028
:10869000197821F00F0119701846F2E718465B6847
:1086A000D8E70A68002BC9D1002A18BF1346036017
:1086B000C7E700BF542F0020981C0020A01C0020FA
:1086C0002DE9F84FDFF834A11D469AF80C308046AA
:1086D00089461746002B00F0878000F0ADF900288E
:1086E00000F0858015B1002F00F0848090F801B073
:1086F000BBF1020F7ED805F11003B3F5803F03D321
:108700006FF00B00BDE8F88F9BB2032BF8D95AF835
:108710002B6036B133463668002E3BD03368002BD1
:10872000F8D1374B1B78002BEAD036490C6805F19D
:10873000130222F0030214B9334B1C680C60334857
:10874000006802F10803001B834225D8234401205E
:108750002070636008340B602046002108F086FC1E
:1087600000232360002E3DD14AF82B40C4E9029536
:1087700084F8048037B12DB12A46394604F110003F
:1087800008F066FC40462B463A46494606F0FCFC9B
:108790000020B7E71E46C4E71B4B1B689C42AFD9BD
:1087A0001878596810F00F001AD1A1EB030CACF146
:1087B000080C624514D81C464FF0010C04F808CB95
:1087C00004EB020CA1EB0C0EBEF1080FC8D9C3F8E4
:1087D00004C0A35C60F30303A354CCF80410BFE708
:1087E0000B46DBE73460C1E76FF012008AE76FF0F9
:1087F000010087E76FF0150084E700BF801C0020B0
:10880000542F0020A01C0020981C0020901C002049
:108810002DE9F74F374E80460C46374800219146E8
:108820004FF4C0729A4608F021FC0021C6E90011FD
:108830008DF80710B16006F088FC0021B181B8F115
:10884000000F4BD0002C49D02C4BDFF8B4B019608E
:108850002C4F2D4BCBF80010082C1960397016D90D
:1088600008F1030525F00305C8F108022A449442E3
:108870000DD94444641B2246284608F0F7FB013C0E
:10888000214BCBF8005025441D6001233B700DF1B6
:1088900007025146484600F0F1F8044600BB9DF837
:1088A000073033730546337BE8B2834203D8204652
:1088B00003B0BDE8F08F00F0CFF8C0B1037ADB075A
:1088C00001D40135EFE7002300781A464FF08051BC
:1088D000FFF7F6FE0028F4D0044601E06FF015041F
:1088E0004FF4C0720021044808F0C0FBDFE76FF0CE
:1088F0001500F1E7801C0020001B0020A01C0020B8
:10890000981C0020542F0020901C002070B506F009
:108910000CFC00220C49082514460E783EB1CB68A9
:108920001B1A23EAE37364B19A42A8BF1A46013DB9
:1089300001F13001F1D1002C14BF10464FF0FF308F
:1089400070BD1A463446F2E7001B0020F0B585B032
:1089500006F0EBFB364D074600262B78A3B1EB68FB
:10896000FB1A002B10DBD5E901136878002B33D0FC
:1089700005F11002FFF7A4FE044600283AD1014693
:108980003022284608F072FB0136082E05F130052A
:10899000E3D1284E347B6CB300F08EFE044648BB16
:1089A0003568E5B97568CDB9B56835BB0746337B21
:1089B000F9B299421ED2727B0A44B2FBF3F103FB77
:1089C0001125E8B200F048F8A0B1037A990701D563
:1089D0004368D3B90137EAE71A46CBE7012428797F
:1089E00000F02AF806EB840448B929462046FFF730
:1089F0001BFE0124204605B0F0BD0224EFE74368CA
:108A0000002BF2D0281D9847EFE703788DF804304B
:108A10004FF000520023CDE90223436801A8984794
:108A2000327B6B1CB3FBF2F102FB11337373E0E793
:108A3000001B0020801C00200346054A0548904288
:108A400001D30020704701789942FBD00C30F6E743
:108A5000DC3C0108B83C01080246064906480023F0
:108A6000884201D3002070479342FCD00133DBB22F
:108A70000C30F5E7DC3C0108B83C0108F0B50AB35E
:108A80001549164D0023A94205D313F0FF031FD04B
:108A900013700020F0BD4878022813D8486888B1C8
:108AA0000D4C0020AC4205D3012803F101030CD882
:108AB0000C31E8E727780E78B74204BF0130C0B226
:108AC0000C34EFE76FF01500E4E76FF07700E1E7B3
:108AD0006FF01200DEE700BFB83C0108DC3C010883
:108AE00008B5FFF733FF031E04DA064A06480121E2
:108AF00007F02EF9FFF70AFF642828BF642000F072
:108B000031FCEEE79E1A01089416010800231A466C
:108B100010B508484FF48051FFF77AFE034630B194
:108B2000054A0648BDE81040012107F011B9FFF7DA
:108B3000D7FF00BFA81C0020B71A0108941601082F
:108B40001FB54468022C024612D0B4F1805F04D0F5
:108B5000012C13D0002004B010BD00F03DFE0346F0
:108B60000028F7D0104A0121104807F0F1F8F1E78A
:108B70000F4A0E48032107F0E2F8EBE783680C2B5D
:108B800002D00C4A2146EFE7C068116901AB03C36C
:108B90005069029918600144019800F0BFFD034636
:108BA0000028D7D0044AEDE7FA1A01088416010814
:108BB0001A1B01083A1B0108641B010808B50121B2
:108BC00000231A46084606F0B8FA28B1BDE8084066
:108BD0000248002106F0BABA08BD00BFA82C002048
:108BE000002310B51A460221184606F0A6FA0446DC
:108BF00028B1044A03460121034807F0A9F820469A
:108C000010BD00BFA31B01087C160108F8B5374949
:108C100000AF0446FFF798FB0546C0B16D4688B02B
:108C20006A46334BCDE905344FF40073ADF81C3080
:108C3000304B42F8103F304800234FF4E25102F02D
:108C400069FA6FF01504AD462046BD46F8BD012017
:108C500000F05EFD2948294606F078FA06F00EFB82
:108C6000044668B10121254806F070FA284600F054
:108C70004FFD234A20482346012107F069F8E3E726
:108C80002049072201F09AFA0728064610D0012150
:108C90001A4806F05BFA00F0B7FE204600F038FDF7
:108CA000194A1548012107F04AF86FF00404CBE790
:108CB000204600F049F901210446104806F046FA22
:108CC0006CB112493246284601F078FA104A0A4837
:108CD0002346012107F03CF800F096FEB4E70D4969
:108CE0000F22204601F06AFAF6E700BFCA1B01080E
:108CF000CE1B0108030000017C16010810010020B2
:108D0000E91B0108A22A0108101C01089A2A01087F
:108D1000271C01088A2A01082DE9F04F83B0436817
:108D2000012B00AF20D14C4D4C4800220023F91DEF
:108D300004F0B4FE0446E0B14948002106F006FA0A
:108D4000464B1B6A83B1BFF35B8F012350E8002FB2
:108D5000002A03D140E800310029F7D1BFF35B8F2F
:108D600002D1404805F092F800200C37BD46BDE81E
:108D7000F08FFB792A680D2B01D00A2B5FD1002AD6
:108D8000D2D0DFF8E4903949002409F8024048467F
:108D9000072208F080F90646A8B16E4688B06A46F8
:108DA000334BCDE905394FF40073ADF81C30314B2E
:108DB00042F8103F304823464FF4E65102F0AAF93A
:108DC000B5462C60B0E709F107003D2108F056F9DF
:108DD00009F107090446E8B104F8016B274EDFF8F2
:108DE000A0B05E4518D36C4688B06A46254BCDE9E5
:108DF00005394FF40073ADF81C301E4B42F8103F9C
:108E000000231D484FF4E65102F084F90023A546E3
:108E10002B6089E71C4CE1E7316871B1D6F804A0FA
:108E2000BAF1000F09D01948FFF78EFA804620B931
:108E30002046D047C5F8008076E70836D1E7FE2AFD
:108E400005D9134A0C48022106F079FFB9E7511CF5
:108E5000296005498B5467E7AC2C00206412002080
:108E6000A82C002000010020562F0020461C0108DD
:108E70004E1C0108030000017C160108DC3C0108BF
:108E8000F43C0108691C01088F2201085D2F0020B5
:108E90007F1C010880B5037800AF3BB90E480F4A2C
:108EA000032106F04CFF012001F0DEFD88B06A4688
:108EB0000B4BCDE905304FF40073ADF81C30094B76
:108EC00042F8103F044800234FF4E25102F022F927
:108ED0006FF01500BD4680BD7C160108B31C01086B
:108EE000971C01080300000107B58DF80700124B1D
:108EF000BFF35B8F1B68BFF35B8FCBB10F480022C2
:108F000000230DF1070107F0D8FD88B9BFF35B8F8F
:108F10000B4B012253E8001F002903D143E8002036
:108F20000028F7D1BFF35B8F02D1064804F0AEFFF3
:108F300003B05DF804FB00BF1001002064120020A4
:108F4000A82C0020000100202DE9F04F99B04FF42B
:108F5000E13102AF044601F041F8064688BB2046E5
:108F600001F010F9BC4ABD48032106F0E8FE0123D8
:108F7000C7E90136B046FE603546FB68002B40F07D
:108F8000AE8106F0EEF847F2305310EB03094FF0D4
:108F9000000641F1000BB24606F0E3F8484571EBDC
:108FA0000B0113DB0024AE4AAC486FF073030121C0
:108FB00006F0CEFE1CB16FF0730000F079FE6FF08A
:108FC000730630465C37BD46BDE8F08F06F0C9F841
:108FD000B04271EB0A0109DB4321204606F0C9F8D3
:108FE00006F0BFF810F57A7641F1000A012207F188
:108FF0001301204601F028F9012813D000210A208E
:1090000007F07EFEC8E7012207F11301204601F0B8
:109010001BF901239842FB6006D000210A2007F0CB
:109020006FFE63E10023FB60FB7C182B0DD18D4AA2
:109030008A48012106F083FEFB681BB16FF08B00AC
:1090400000F036FE6FF08B06BBE7042B0FD1B8F1B2
:10905000000F06D11521204606F08BF84FF00108CD
:109060008BE70621204606F084F84321F3E7012B25
:1090700000F0A680022B40F0B2804FF480633B608A
:109080003B6803F1040B06F06CF840F6B833C618E1
:1090900041F100094FF0000A734BABEB0A0203EBFE
:1090A0000A01204601F0D0F8002800F08B808244AD
:1090B00006F057F840F6B833C61841F10009D34519
:1090C000EAD8694A92F8009053784B44DBB2FF2B00
:1090D00040F0948013463A68134441F22100997895
:1090E000DA78002342EA012260499A4611F8016FBA
:1090F00083EA062308260FFA83FC5B00BCF1000F0D
:109100009BB2B8BF4340013EF5D1D7F800C00AF189
:10911000010BDC4561D19A4270D15A4654495548F9
:1091200007F096FFFB68534A002B40F0AF80B9F17F
:10913000000F66D191461046334610F8011B0029F6
:1091400064D19B4568D901339B4567D9D55C981894
:109150001DB10A2205F018FD054607F1180319464E
:1091600019F8012B22B101363F2E03F8012BF7D15C
:1091700007F1100206F148039E18002306F8403C50
:109180006E4688B002AA3C48C2E905014FF400715E
:1091900091833A4942F8101F30484FF4E65101F0EC
:1091A000B9FFB546364A2D482B46032106F0D0FDBF
:1091B000B5BB1521204605F0DCFF6FF0150600E772
:1091C00080235CE705F0CDFFB04271EB090112DAB4
:1091D00000210A2007F094FD71E7DA4686E76FF078
:1091E0001503284A1D48022106F0B2FD152120462C
:1091F00005F0BFFFC1E66FF07303F2E76FF04C03B9
:10920000EFE71521204605F0B4FFBAE69A4503F1D1
:10921000010101D00B4690E700259EE70D469CE733
:109220000621204605F0A5FF4321204605F0A1FFB9
:1092300007F114007D6100F091FC064600284ED035
:10924000114A03460548012106F082FD18212046F7
:1092500005F08FFFB5E600BFE81C0108A416010861
:10926000021D0108231D0108563400205734002038
:1092700058340020563000205E1D01080300000114
:109280006E1D01083D1D0108871D0108B8F1000F82
:1092900016D0B9F1000F13D1484600F009FD06467B
:1092A00010B1274A0346CDE70621204605F061FFAD
:1092B0000095BB68234A2448032106F053FD80E64D
:1092C0007B684B451BD07B68009302211F4A1E48D8
:1092D0004B4606F047FD1521204605F04AFF05F0F4
:1092E00040FF40F6B833C61841F1000905F039FFD8
:1092F000B04271EB0901FFF686AE012453E6BB686C
:109300001349A5EB0309D94528BFD9464A46184653
:1093100000F08CFC064648B10E4A034601210A487B
:1093200006F016FD304600F0C3FC8FE7BB684B44E7
:10933000BB607B680133DBB27B600621CCE700BFFA
:10934000AA1D0108CE1D0108A4160108001E01086F
:10935000563000202C1E0108014804F003BC00BF59
:10936000AC1200200A23A0FB0323014804F02EBC0A
:10937000AC120020014B186000207047B02C002078
:1093800007B50346094805F001FF20B14FF0FF3053
:1093900003B05DF804FB01220DF10701184600F04F
:1093A00053FF0028F2D09DF80700F1E7B82C002009
:1093B00008B50346044805F0E9FE20B91846BDE8A3
:1093C000084006F012B908BDB82C0020064BBFF3C8
:1093D0005B8F53E8001F013143E80012002AF8D1E7
:1093E000BFF35B8F704700BFB42C0020064BBFF368
:1093F0005B8F53E8001F013943E80012002AF8D1BF
:10940000BFF35B8F704700BFB42C0020F8B50C464B
:10941000164638B10128124D18BF002524B9002680
:109420003046F8BD0F4DF9E7002EF8D00E4805F094
:10943000ADFE0028F3D1002DF1D0284607F012FB35
:109440000028ECD0FFF7C2FFA71914F8011BAB6886
:1094500028465B689847BC42F7D1FFF7C7FFDFE7B4
:109460004013010824130108B82C002070B50546EC
:10947000A8B016460C4611B9002028B070BD0D48A2
:1094800005F084FE0028F7D1FFF7A0FF68463346B9
:109490002246A02105F022FEFFF7A8FF0028EBDD01
:1094A0009F280246694628BF9F222846FFF7AEFF45
:1094B000E3E700BFB82C0020F0B58DB01C4607468E
:1094C0000E46154600212C2201A807F0CFFDCDE95C
:1094D00002648DF80470FFF779FF202C15D82CB1A9
:1094E000B5B12246294604A807F0B2FD0A48002279
:1094F000002301A907F0E1FA044608B9FFF72CFFA1
:10950000FFF774FF20460DB0F0BD6FF07904F7E768
:109510006FF01504F4E700BF3C12002010B5084CB2
:10952000C2B0084800220023694604F0B7FA08B127
:1095300042B010BD2368002BF3D068469847F0E78F
:10954000B02C00201412002010B5094C094805F079
:109550001DFE30B14FF0FF314FF0FF3007F0D0FB70
:10956000F4E7FFF7DBFF23689847FFF7D7FFEDE746
:10957000C42C0020C02C0020F7B5044605F00CFEDA
:10958000241841F10005FFF7C9FF0A2605F004FE83
:10959000231A114865EB010105F0F8FD0746C0B933
:1095A000012B71F100020FDBA3FB063206FB012247
:1095B0000A48CDE900320321012207F03EFDC3072E
:1095C000E4D5FFF7ABFFE1E7FFF7A8FF384603B0AC
:1095D000F0BD6FF00307F9E7C02C0020BC1200209B
:1095E000F7B50C4601A905F0EEFD30BB032C22D8DF
:1095F000019B134A1868197952F82420DB88134319
:10960000DA028768066907D513F4402F1EBF43F3BB
:10961000000202F4402253403468012523F48012F2
:109620008D40DB074CBF2C43AC4334603B6803B038
:10963000BDE8F04018476FF0150003B0F0BD00BF63
:1096400000170108431C06D14FF0FF324FF0FF33E3
:10965000034804F0BBBA0A23A0FB0323F8E700BFCA
:109660009C12002010B50D4C206818B102F086FC49
:10967000002323600A4A002313600A4A13600A4841
:1096800007F022FA094807F01FFA094804F0C4FA63
:109690000848BDE81040032107F0CBBCC82C0020CF
:1096A000C42C0020B02C00203C12002014120020FA
:1096B0009C120020BC12002010B58EB0124800226F
:1096C000002303A904F0EAF908B1002416E0FFF72B
:1096D0007DFEDDE904139DF80C0093B106AA05F0A8
:1096E0002CFD0446FFF782FE0028E7D00090DDE95C
:1096F00004239DF80C10054805F079FF20460EB0B4
:1097000010BD1A46EBE700BF3C1200205C1E0108AA
:109710000146014805F04CBDB82C002008B588B1C1
:10972000830711D100F16043A3F56F4340F6FC724B
:10973000934209D80160064804F014FA0548022152
:1097400007F074FC002008BD6FF01500FBE700BFB8
:109750009C120020BC120020012108B5084805F029
:1097600027FD0846FFF7D4FF0648022107F05EFCFC
:10977000054B186818B1BDE8084007F0DABA08BD13
:10978000C02C0020BC120020C82C002070B505F0B1
:1097900003FD10F5FA6641F10005FFF7DDFF0C4B04
:1097A0001C6834B10B4805F0F1FC044618B9FFF70A
:1097B00059FF204670BD05F0EFFCB042A94104DA24
:1097C0000021642007F09CFAECE76FF07304F0E7E7
:1097D000C82C0020B42C002070B56F48A8B005F04C
:1097E000D5FC002840F0D5806C4E3268002A40F04D
:1097F000C8806B4B6B49C3F8001F0C251021C3F8C0
:10980000045FC3F8081F6849C3F80C1F6749C3F811
:10981000101F6749C3F8181F6649C3F81C1F664923
:10982000C3F8201F6549C3F8241F6549C3F8281FE2
:109830006449C3F82C1F6449C3F8301F6349C3F857
:10984000341F6349C3F8381F6249C3F83C1F0FA88F
:10985000089205F015FD044688B15F48214605F0E1
:10986000A7FCFFF7FFFE5C48214605F0A1FC14F1C0
:109870003D0F40F08A80594805F0B9FE82E009A802
:1098800005F06FFD04460028E7D12799CB073AD5AC
:10989000090E0C2906D052482A4605F0A8FE6FF0A2
:1098A0007A04DAE7249B099A9A422FD20A988342D3
:1098B0002CD30C9A1B1A9A4228D80B99B1F5805FC9
:1098C00024D8C1F580539A4220D80D9BB3F5805F10
:1098D0001CD80E9CC3F580539C4217D801F100514F
:1098E00008AB01F56F4105F06BFD04460028B4D1CB
:1098F0000C9A089B9A420CD06FF00401364805F090
:1099000057FC0C46ADE76FF08504A6E76FF0150431
:10991000A3E701460D980E9A324D00F1005000F574
:109920006F4007F0A3FB099B2B481D442E4B45F0CD
:10993000010521461D6005F03BFC269B0C9A2B4837
:10994000B3F5805F28BF4FF480530193284B0093F9
:1099500029460E9B05F04BFE00220023CDE906238D
:109960000A23CDE90243CDE90044224B2249049465
:109970004FF48062214804F01BFB3060204907F05F
:1099800025F90024204628B070BD1E4805F02FFEA2
:10999000F8E76FF00F04F5E7C02C0020C82C00207A
:1099A00000F0002050415452B99400087995000805
:1099B000B1930008459600080D940008E195000851
:1099C0003BF2000809F20008759300086D94000846
:1099D00081930008A9F10008BC2C00203D1F01085C
:1099E000B41E010880100308C42C0020F91E0108D1
:1099F00000EF002049950008C03D002050130020D2
:109A0000361F0108791F010808B50021074805F035
:109A1000CFFB074805F0CCFBFFF724FEFFF7DCFE89
:109A2000BDE808400020FFF773BE00BFC02C002037
:109A3000B42C00200523036000487047101701086C
:109A400008B5064B186808B106F01FFABDE80840D3
:109A500002484FF48E72002107F008BBCC2C002086
:109A600070B5194D2B6853B3AA68531EFF2B26D827
:109A70004FF48074B4FBF2F35343A3421FD1D5F8E3
:109A80000C31FBB1A8B9FF2B12D9104EE21AFF21FD
:109A9000F01807F0EBFA696856F80C0C23463246CA
:109AA00006F009FA20B96B68C5F80C0123446B6015
:109AB00070BDD418013CB4FBF2F45443E5E76FF0F9
:109AC0001500F5E71846F3E7CC2C0020D82C002031
:109AD00030B413460C4A0446D2F81401A0420FD306
:109AE000001B98420CD3106850B18568A54207D37B
:109AF0002D1B9D4204D30A46214630BC06F0C6B950
:109B00006FF0150030BC7047CC2C002038B50C46E7
:109B10000546C8B1C1B10A468023002106F0B6F956
:109B200088B922680B4B9A4211D162680A4B9A425B
:109B30000DD1A2685AB1AB68802B08D9803B9A42FC
:109B400088BF6FF03C0038BD6FF01500FBE76FF089
:109B50003C00F8E74D4346570200800073B50646C7
:109B6000002840D003687F2B3DD92F4D95F8181160
:109B7000002955D14FF48E72284607F077FA3368E2
:109B8000B3F5204F20D801A9022001F0D9FD0446E9
:109B900010B1FFF755FF0CE0019BD86806F062FF9B
:109BA0000346019843B906F070F9FFF749FF6FF0DB
:109BB0001204204602B070BD326883689A4206D90A
:109BC00006F063F9FFF73CFF6FF01A04F1E706F0C7
:109BD00097F90346013BFF2BA860019806D906F0D0
:109BE00054F9FFF72DFF6FF01504E2E72146826874
:109BF00006F076F9019B044618B1184606F045F9BF
:109C0000C7E72B603368C5F810314FF48072012329
:109C1000FF2105F10C0085F8183107F027FAC8E795
:109C20006FF00F04C5E700BFCC2C00202DE9F843EE
:109C30001E4C94F818310D4690469BB391B3D4F85E
:109C4000142182422ED1D4F810319B1A434526D3D9
:109C500023683BB3474604F10C0937B9D4F81431F3
:109C60004344C4F81431384617E0D4F80C01C0F569
:109C70008076BE4228BF3E4629463246484407F019
:109C8000E7F9D4F80C3100203344C4F80C313544E2
:109C9000BF1BFFF7E5FE0028DFD0BDE8F8836FF0BB
:109CA0001A00FAE76FF01500F7E700BFCC2C002090
:109CB0002DE9F04F684D95F81821C7B08346002A6A
:109CC00000F0C780A8BBD5E944329A4240F0B88082
:109CD0000120FFF7C5FE834658BB06AE8022314601
:109CE000FFF7F6FE002840F0AE8032685B4B9A42E8
:109CF00040F0A98072685A4B9A4240F0A480D6F88E
:109D00000890B9F1000F00F09E80D5F81031803B2B
:109D1000994500F29880336EB3F5805F0FD94FF408
:109D2000805200924F48504A012106F01BF86FF014
:109D30000B0BFFF785FE584647B0BDE8F08F0024B7
:109D4000A2460DF19808A9EB0A07802F28BF8027AB
:109D50003A4641460AF18000FFF7BAFE83460028E2
:109D6000E7D120463A46414602F034FBBA44D14599
:109D70000446E8D8F268824268D12A6832B3D5E94D
:109D80004410884222D11278022AD2D00DF114094F
:109D90004946022001F0D4FC83460028C9D1D9F8F5
:109DA0000000D5F810118268914204D906F06DF8D0
:109DB0006FF01A0BBDE706F0A3F8431E7F2B824617
:109DC0000393D9F8000004D906F05FF86FF0150B83
:109DD000AFE75946826806F083F800278346BBF157
:109DE000000F03D1D5F81041BC4204D8D9F80000C7
:109DF00006F04BF89DE7E41B039B2868802C28BFE6
:109E000080241E1942462346394606F03FF8B6FB29
:109E1000FAF683460AFB06F60028E7D1B44205D2DB
:109E2000321BFF2108EB040007F020F93946D9F86E
:109E300000003346424606F03EF827448346CEE70C
:109E40006FF0040B75E76FF03C0B72E76FF04C0B93
:109E50006FE76FF015006FE7CC2C00204D4346579D
:109E6000020080008C160108A11F01082DE9F04FA7
:109E7000DFF8008187B00446206883689B69002B67
:109E800075D0102202A99847031E00936FDDDFF8FA
:109E9000E89002AE4FF0000B4C4516F8013B4BD159
:109EA00098F8001089B30D2B344F01D00A2B1DD127
:109EB000DFF8CCA09AF8005035B9324B39688D42A2
:109EC0000CD30A20FFF710F800233B6088F800301D
:109ED0008AF800302C4B01221A700EE013F8010BA7
:109EE00001930135FFF700F8019BE7E73968FE2988
:109EF00009D8244A481C53543860009B0BF1010BCD
:109F00009B45C9D1B8E71E4BE5E71F4A107860B101
:109F1000402B0AD111701A4A1170184A01201060A2
:109F2000184A88F800001370E7E70D2B18BF0A2BBA
:109F30000CBF012100211170EFF31185102282F373
:109F40001288BFF36F8F6068A268411CC1F30A01D9
:109F5000914208BF4A1C204404BFC2F30A02A26017
:109F6000C373616085F31188BFF36F8FC5E707B0D6
:109F7000BDE8F08F5B38002014010020E82D0020A0
:109F80005A3800205C3800209C11002010B5437B1B
:109F90000446D3B9006810B96FF0120010BD06F086
:109FA00061FD0028F8D00B4B2068227B0A49002A6B
:109FB00018BF1946836853B19B6C43B1224698473A
:109FC000206805F037FA012363730020E6E76FF09D
:109FD0005700E3E76BF400083FF400080128F7B5E9
:109FE00005460C4604D96FF01504204603B0F0BDB9
:109FF0000029F8D04FF40167314E4743F05910B9AA
:10A000006FF01204F1E706F02DFD0028F8D0F059AA
:10A0100083681B69002B3DD12A4B009401934FF4B8
:10A0200001636B43F218117B002939D1577B27B1AB
:10A03000F0588368DB6A03B198474FF401636B43C0
:10A04000F0588368DB68002B34D069469847044693
:10A050002FB14FF401636B43F05805F0EBF914F1A5
:10A06000580F1FD16FF057044FF4016303FB0563D2
:10A070001B7B002BB9D04FF4016303FB0565AB7B61
:10A08000B3B92846FFF782FF04460028ADD101236B
:10A09000AB73AAE7694698470028BDD10094BEE794
:10A0A0000027CAE714F1860FDED0002CE3D09CE72E
:10A0B00000249AE7002FD5D06FF05704C9E700BFFE
:10A0C00014010020000103001FB583680C2B024619
:10A0D00007D00E4A0E48012105B05DF804EB05F0EB
:10A0E00037BE1169C06801AB03C3506918600146EF
:10A0F0000298FFF773FF01460198FFF70FFB034635
:10A1000008B1044AE6E705B05DF804FBEA1F010860
:10A110009C1601081120010873B54368012B26D055
:10A12000B3F1805F1DD1134C0026236893B1204604
:10A13000FFF72CFF0546B8B10F4A009033460F4891
:10A14000012105F00FFE0E4A0C480095334601210F
:10A1500005F008FE731C022B04F501644FF00106A4
:10A16000E3D1002002B070BD0123A373F2E7FFF733
:10A17000ABFFF6E7140100203B2001089C16010804
:10A1800062200108012813D8EFF31182102383F312
:10A190001288BFF36F8F084B4FF4016101FB00334E
:10A1A0000020C3E9010082F31188BFF36F8F70476D
:10A1B0006FF01500704700BF1401002001282DE941
:10A1C000F74305460F46904605D94FF00008404634
:10A1D00003B0BDE8F0834FF401661A4C464304EB2C
:10A1E0000609A0590028F0D099F80E30002BECD0C9
:10A1F0000029EAD0002AE8D006F034FC0028E4D098
:10A200000023019399F80C3073B94FF401633E4673
:10A2100003FB05444744206816F8011B83685B680C
:10A220009847BE42F7D1D2E7A05983681B6D002B37
:10A23000CBD001AA042198470028C6D1019B002B4E
:10A24000E3D1C2E71401002001282DE9F7430C46B1
:10A2500016464CD84FF40162264B50431F1818582D
:10A26000002844D0BB7B002B41D000293FD0002EDA
:10A270003DD006F0F7FB8046002838D001254FF08E
:10A280001009EFF3118189F31288BFF36F8FD7E9BB
:10A29000012393421FBFFA180133C3F30A03D27B91
:10A2A0001DBFBB608DF807204346002381F3118852
:10A2B000BFF36F8F73B19DF807302370AE4205F185
:10A2C000010304F1010403D8284603B0BDE8F0837C
:10A2D0001D46D6E7BB8943B9386883681B6823B13C
:10A2E0000DF1070198470028E5D0013DECE7002576
:10A2F000EAE700BF140100202DE9F04F91B0840778
:10A30000009302F004030293C2F3C20303F10103BA
:10A31000DDF868A0039205460E46059340F09D8146
:10A32000041D00284AD101F00706341DC6F10806B5
:10A33000009B00275A1E4FF004084FF0FF33019393
:10A340000497B946BB4643460DB100992160059874
:10A35000002800F3D78090480099814203D38F48AA
:10A360008142C0F0CF80039911F0020CA4EB0500EC
:10A3700040F0D680B9F10F0F00F2CF80002D00F031
:10A38000D68009F140010DEB010EC0F38700019961
:10A390000EF8200C0EF8101CBCF1000F00F0C3806A
:10A3A00060F07F000EF8200C013709F10109C5F1BA
:10A3B0000801043406914FF6DA7E8CE00729B7D8FD
:10A3C0006FF01B0011B0BDE8F08F7A285BD84B28E6
:10A3D0000FD8472857D829282ED8252850D052D80A
:10A3E000202818BF23280CBF4FF0010B4FF0000BA3
:10A3F00071E04C382E2846D8DFE800F06D45454521
:10A4000045454545454545454845454545454545F9
:10A4100045564548485656566D486A456D45184854
:10A420001845457F7C48454548457C0000204FF055
:10A43000000B4FF0040835E02A38C0B2012101FAC0
:10A4400000F010EA0E0F46D110F0625C2CD110EA39
:10A45000010B40D06046013C4444B4FBF8F408FBD7
:10A4600004F425B1A3EB050CA444B445A8D80028F6
:10A4700070D00599013905915AF8041B009163E7E2
:10A480000199013901914FF0000B24E012F8010C01
:10A490006C2834D112F8023C00206C2B8346C8D1C2
:10A4A0004FF008084346D6E70AF1070A2AF0070AE0
:10A4B0000734FAE802BC24F0070435B106982044BA
:10A4C000B0423FF67DAFC4E900BC08344FF0000B4A
:10A4D0004FF00808434612F8010F002853D0BBF193
:10A4E000000F7FF472AF2528F5D1019B0133019352
:10A4F0004FF0010B4FF00408ECE7584697E70020B7
:10A500008346A8E7039988077FF551AF601B4FF09A
:10A51000010CB0F5007FFFF42DAF6FF0150051E78F
:10A520004FF0000CF5E70498013004903DE7BCF1D2
:10A53000000F01D0013638E70298023600287FF478
:10A5400034AF0098CDE90632FDF708FFDDE90632A9
:10A5500006442AE7042B08D10AF1040015B1DAF801
:10A560000010216004348246B5E70AF1070323F0A6
:10A57000070303F1080A1DB1D3E90001C4E9000192
:10A5800008340823A7E7631BB3F5806FC5D23DB934
:10A59000A6F10804E01815E7C0110108E82A01082F
:10A5A000029A28609B082B709DF81030AAB1EB70BE
:10A5B000AF702FB108A80022C5F1010C91450ED152
:10A5C000C5F101030DF120084FF0000A01930DF1D0
:10A5D000300BD14512D1601BF4E66B70E8E710F840
:10A5E000013B190608D50CEB040EB64503F07F03BA
:10A5F0003FF6E6AE04F8013B0132DFE71FB198F900
:10A600000020002A17DB029BD3B11AF80B2004F8B4
:10A61000012B0022019B18191044B0423FF6D0AE26
:10A6200098F8000004F8010B00990392204606F008
:10A630000FFD039A14440AF1010A08F10108C8E762
:10A6400098F8002055F822300093029B45F82230FC
:10A650000098FDF783FE421CDCE76FF00D00B1E6C9
:10A660002DE9F04F97B000AFC7E90A3205468A4698
:10A6700049B903784678807800EB83002844564532
:10A6800024D8A0EB050AD7F8803095F80280D7F8D7
:10A69000804003F00103FB61EB787B62B8F1000FAF
:10A6A0000CBF002404F001041BB1D7F880309A07D6
:10A6B00015D4A4B9FB6A1BB1BA6A5146284698471B
:10A6C000564630465C37BD46BDE8F08F441C2046F8
:10A6D000FDF744FE013020440AF1010ACFE7D7F824
:10A6E0008030C3F3C0033B622B78BB619B003B61AE
:10A6F0006B687B61BB6905EB830BFB6A002B77D131
:10A700005646D844BCB11C461BF8013B55F8230003
:10A71000FDF724FED7F88430013043B1D7F88830F4
:10A72000A34282BFD7F8843023F814000134C34514
:10A730000644E9D1D846D7F8803013F0050F0CBF96
:10A740004FF0020B4FF0010B4FF000097B6A994567
:10A75000B7D298F8013055F823A0AE4B9A4508F1CE
:10A760000208C0F04B81AC4B3A6A9A452CBF0023DB
:10A7700001230AB318F8021C7869FB6204F016FF83
:10A78000FB6AC8B1EA468AB06A46A44B05937B6966
:10A79000CDE906314FF40073ADF82030A04B42F8FC
:10A7A000103FA04800234FF4125100F0B3FC023ECA
:10A7B000D54609F10109C9E723B1FB6933B9A6EB15
:10A7C0000B06F6E7D7F880309B07F2D55046FDF729
:10A7D000C5FDD7F884304BB1D7F888309C423FBFD5
:10A7E000D7F88420431C22F8143001340644E0E7F3
:10A7F000002C69D1B8F1000F6CD0D7F88030580721
:10A800006BD5C14607F148004246594606F020FC88
:10A810000BEB0803FB6000220233796A8A425ED3A5
:10A82000D7F8802095F801B0F969920704EB0B0383
:10A83000DBB254BF4FEA59020022002940F0A68043
:10A84000D7F8801011F0040F14BF494600216B7037
:10A85000A970EA703969BA6AFB6A28469847061EE9
:10A86000FFF62FAFBB692B707B6AEB704946BA6A63
:10A87000FB6A85F801B085F8028007F14800984727
:10A88000B0F10009C0F2B6803B697A6A786A03EBDE
:10A890004201FB68BA6A414403EB4000AAEB0101A4
:10A8A000FB6A98470028C0F2A780B14409EB000674
:10A8B0004FF0000B07F1380AA34569D30021BA6AAB
:10A8C000FB6A08469847FCE6444607F138004FF01B
:10A8D000000999E74446C1469AE7A14698E713F86C
:10A8E000016CDFF830C155F8260013F8021C6045F2
:10A8F000C0F08A80DFF820C16045386A2CBF4FF075
:10A90000000B4FF0010B38B17869C7E9013204F050
:10A910004DFED7E90132F0B9BBF1000F1ED0F96945
:10A9200049B1611C04F1280007F13004041904F84E
:10A93000206CCCB20FE0D7F8801049070BD509F195
:10A94000280007F1300C09F1010100EB0C0909F8AE
:10A95000106C5FFA81F9013202335EE7D7F88000AC
:10A960008007DED409F1280C07F1300EF44409F118
:10A9700001000CF8101C07F1580151FA80F009F1A0
:10A9800002095FFA89F900F8106CE4E700215EE73C
:10A990001BF80A3087F8373055F82390D7F8843001
:10A9A0002BB3D7F888309B4521D2D7F8843033F8C1
:10A9B0001B80BA6AFB6A012107F13700984700281B
:10A9C0001ADB0644B8F1000F06D14846FDF7C6FC75
:10A9D00000F101081FFA88F8BA6AFB6A4146484646
:10A9E0009847002808DB06440BF1010B64E74FF0A1
:10A9F0000008DEE74E4664E6064662E63B6A002B48
:10AA00003FF4E0AE0023B5E6386A0028A6D04FF048
:10AA1000000B79E7C0110108E82A0108A02001080D
:10AA20000400000114160108014B1860704700BFB4
:10AA30003411002080B505460E461746984603F0AF
:10AA4000C9FC034601F0FEFADFF81890044649F805
:10AA50000030424630463946A84754F8090001F014
:10AA60008DFA00BF0800000008B50446EFF311831B
:10AA7000102383F31288BFF36F8F05F066FF204623
:10AA800001F07AF9024804F0B2FD05F080FAFCE723
:10AA9000542101084FF0B04382B09A6C42F0010299
:10AAA0009A649B6C054A03F001030193019B536870
:10AAB000002043F00203536002B07047002004E01E
:10AAC00008B54168054883681B680C311BB198477D
:10AAD00000EAE07008BD6FF05700F9E76012010866
:10AAE000192810B502D90024204610BD044B53F894
:10AAF0002040204605F0B6FF0028F5D1F3E700BF5F
:10AB00009C170108EFF31180102383F31288BFF321
:10AB10006F8F094B1A683AB9084A116841F480717D
:10AB200011601168C905FCD51A6801321A6080F3FA
:10AB30001188BFF36F8F7047302E0020000400583B
:10AB400010B5EFF31184102383F31288BFF36F8FD6
:10AB5000134B1A68C2B9BFF35B8F124B012253E843
:10AB6000001F002903D143E800200028F7D1BFF3DC
:10AB70005B8F04D10C4A0D48022105F0E0F884F304
:10AB80001188BFF36F8F10BD012A01BF08490A6801
:10AB900022F480720A601A68013A1A60EFE700BF77
:10ABA000302E00202C2E0020C0210108C4160108E0
:10ABB00000040058084B1A6842F400721A601A68C0
:10ABC00042F480621A601A6842F480721A60034B81
:10ABD000034A1A60704700BF004000588C110020E3
:10ABE00000093D002DE9F047DFF854800446074690
:10ABF0004FF0010994FAA4F5B5FA85F509FA05F3C1
:10AC00002E0108EB05156FEA030A24EA03042B7BE7
:10AC100063B158F806301B696BB946440422736867
:10AC20002846196807EA0A0705F019F8002CE1D14F
:10AC30003846BDE8F087284698470028F6D1ECE76B
:10AC4000DC16010810B50F490F4888B0002206F045
:10AC50007FF900220023CDE9062300240E23CDE94D
:10AC60000334CDE90144094B094900944FF4407283
:10AC7000084803F09DF90849064805F0A7FF20465B
:10AC800008B010BD9DAC000868180020BDAF0008DA
:10AC900000420020D813002001220108014802F0E0
:10ACA00061BF00BF8C1200202DE9F047804620488C
:10ACB0000F4604F0ACFF0646002832D00025284697
:10ACC000BDE8F087237B83B12368DB680BB12046A6
:10ACD0009847636883F8069023681B69CBB963685B
:10ACE00004221968204604F0BAFF01361034544596
:10ACF000E8D3B8F1000FE2D0002DDFD02846FFF7EF
:10AD000071FF0546002FF7D00021642005F0F8FF01
:10AD1000F2E7204698470028E1D009FA06F31D43E0
:10AD2000E3E7044CDFF810A005464FF00109DEE729
:10AD3000442E0020DC160108EC160108014B53F8E4
:10AD4000200070471818010808B5034608462BB1C3
:10AD5000044A136000F03EFC002008BD6FF01500AF
:10AD6000FBE700BF3811002010B5044C237813B95D
:10AD7000034802F0F7FE0123237010BD5C39002068
:10AD80008C12002010B504460B4804F040FF5CB163
:10AD9000BFF35B8F094B53E8001F013943E80012F2
:10ADA000002AF8D1BFF35B8F054803F039FE054850
:10ADB000BDE8104002F0D6BE3C2E0020402E002000
:10ADC000681800208C120020064BBFF35B8F002216
:10ADD00053E8000F43E800210029F9D1BFF35B8F4E
:10ADE000704700BF3C2E002070B5FFF7EDFF084C08
:10ADF000084E0546B44200D370BD63685B792BB141
:10AE000023685B6813B12946204698471034F1E760
:10AE1000DC160108EC16010810B5044C0449204664
:10AE200004F0F2FC034B1C6010BD00BFC4110020F5
:10AE300004180108342E00200D4A0E48002310B5D6
:10AE400013700D4A13600D4A4FF47A711360FFF7C7
:10AE50007BFFFFF7E1FF0A4B0A4918468B4200D3FC
:10AE600010BD1A1A5C681211013222711033F5E715
:10AE70005D39002029FC00083C2E0020402E0020D7
:10AE8000DC160108EC1601080146002201480023E7
:10AE900004F0DBBCC4110020014804F072BD00BF07
:10AEA000C4110020024B0146186804F0C5BD00BF64
:10AEB000342E0020014804F0FABD00BFC411002068
:10AEC00070B5274B1B78002B47D0FFF7E5FF0446F2
:10AED00000283FD1234B244D1B68002B12DD05F0C9
:10AEE000EFFF0A220023FDF715FAD5E90032C01A58
:10AEF00040F2E93361EB0201984271F1000101D3A4
:10AF0000FFF772FFD5E9003213F57A7342F10002C0
:10AF1000C5E900320CB3BDE87040FFF7CBBF6B68EA
:10AF20005B7923B12B6821461B682846984710356A
:10AF3000B542F4D32046FFF7B5FFBFF35B8F0B4B51
:10AF400053E8001F013943E80012002AF8D1BFF38B
:10AF50005B8FBFE7064D074EEAE7002070BD00BFDC
:10AF60005C3900203C2E002060180020402E00207C
:10AF7000DC160108EC16010870B50D4D297861B991
:10AF80000120FFF791FE0B4C0B4EB44206D3FFF7A6
:10AF900097FF0028FBD101232B7070BD63685B799C
:10AFA0001BB1236820469B6898471034EDE700BF2B
:10AFB0005D390020DC160108EC16010800212DE99E
:10AFC000F8430846FFF770FE044648B34FF4FA789A
:10AFD0004FF0000901F036F81A4B1B4A1B5813605A
:10AFE00033B11A4B1B68092B02DD194802F0BAFD78
:10AFF000184F002544B12046FFF7F4FD044618B968
:10B000004FF0FF384FF0FF39FFF75AFF064628B9D7
:10B01000B5B90F4842464B4602F0D8FD3546E9E740
:10B020004FF0FF384FF0FF39D4E72B689B691BB115
:10B0300000221146284698471035BD42F5D3E8E76F
:10B04000054DFAE708000000382E0020402E0020B1
:10B050008C120020EC160108DC16010813B5184804
:10B0600004F0D5FD174B1B7873B1EFF31184102357
:10B0700083F31288BFF36F8FFFF722FF84F31188E9
:10B08000BFF36F8F02B010BD0F4B1B68002BF9D0C0
:10B0900050B900220023CDE900230C4842F210727F
:10B0A000002303F085FCEDE70928EBD1074803F006
:10B0B000B7FC074802B0BDE8104002F053BD00BF26
:10B0C000402E00205D390020382E00206818002016
:10B0D0008C12002010B5064B1B6804469847214689
:10B0E000A060044804F02EFCBDE81040FFF7B6BF96
:10B0F00038110020C4110020044A054B9B1AB1EB03
:10B10000D30F34BF52F83100002070470C160108ED
:10B11000DC1601082DE9F04F8FB004AFC1F34A26C9
:10B12000B8600D4690467B600C0D002E61D04FF04C
:10B1300000090A234FF0040B07F1140AFE60C7E967
:10B140000799C7F824900093CDF808B0CDF804A073
:10B1500007F11C03F9684A464046FFF781FAB0F54B
:10B16000006F03461CD36C468AB0D8F8041004ABB9
:10B170002448C3E9050140F2FF71D9611A464FF432
:10B1800000711984204B42F8103F20484B464FF481
:10B190001251FFF7BFFFA5462C37BD46BDE8F08F23
:10B1A000C0F30A0604F11700184420F007008008D5
:10B1B0003B60FFF769FE66F35325044680B13B68A8
:10B1C000134A00F11001C7E90839F961CDE901AB73
:10B1D0000A230093F96807F11C034046FFF740FA81
:10B1E00066F353257B68B9682A46204604F057FD6C
:10B1F000D2E704F1170020F007008008FFF744FEB3
:10B200000446EDE716220108040000014416010877
:10B2100071FC00082DE9F04F87B0DDE9127ADDE915
:10B22000106B0546884614469946BFB11021CDF8EB
:10B2300000A03B465A460020CDF814A0FFF75CF86A
:10B24000B0F5006F01460BD3194A1A4840F2FF735C
:10B25000022107B0BDE8F04F04F07ABD3946384608
:10B2600004F0070305F00704E40044EA831444EA09
:10B27000402444EA065406F11700084420F0070071
:10B2800080080391FFF700FE054640B13FB10399E6
:10B29000CDF800A03B465A461030FFF72DF84B463C
:10B2A00022464146284607B0BDE8F04F04F0F7BCFF
:10B2B0005522010844160108406820B1034BC01A0A
:10B2C00040F3CF0070474FF0FF3070470C16010875
:10B2D0000EB403B503AB014653F8042B04480193A5
:10B2E00001F036F802B05DF804EB03B0704700BF20
:10B2F000B3FD0008CA0605D48B064CBF02490349BA
:10B30000FFF7E6BF704700BF8E2201088D220108BB
:10B310002DE9F04F89B09846159B0693DDE916A3F9
:10B320009DF85090189F059204460D460493B9F17C
:10B33000000F00F0B08007F48073079304F08DFCD9
:10B3400007F0020B0246002874D078492046FFF728
:10B35000BFFF0646BBF1000F08D017F0440F6BD1BA
:10B3600073492A462046FFF7B3FF064407F001035E
:10B3700053B1704B704953F82920704B2046002A76
:10B3800008BF1A46FFF7A4FF07F48073002B07F0ED
:10B39000080318BF4FF00008002B79D0684B6949AB
:10B3A00053F829202046FFF793FF0546059B2BB154
:10B3B00065491A462046FFF78BFF0544B8F1000F98
:10B3C00005D0624942462046FFF782FF05446048A7
:10B3D0003544069B1BB15F49224604F0B6F8049B36
:10B3E000002B00F08E80DDF810803946B8F1100F88
:10B3F000204628BF4FF01008FFF77CFF0026B5421B
:10B4000050DC002633461AF8032053492046FFF744
:10B410005FFF0136102E4BD0710703D14F492046F4
:10B42000FFF756FF46453346EDD34D492046FFF71B
:10B430004FFFEEE706468DE74A4B1868002894D088
:10B44000494B4FF47A7B1B68B5FBF3F54FF461630E
:10B45000B5FBF0F100FB11550BFB05F54FF03C0C73
:10B46000B1FBF3F203FB1211B5FBF0FEB1FBFCF3F1
:10B4700000FB1E550CFB13110BFB05F50091B5FBF2
:10B48000F0F53A49CDE901E52046FFF721FF6CE7E9
:10B4900007F008058AE7B8F1010F0CBF2C483448C3
:10B4A0004D4696E72D492046FFF712FF0136A6E7E5
:10B4B000304920460026FFF70BFF33461AF80320D9
:10B4C0002D49A2F120035F2B28BF2E222046FFF733
:10B4D000FFFE0136102E0DD0720703D11F49204602
:10B4E000FFF7F6FEB0453346E8D81C492046FFF783
:10B4F000EFFEEEE7049BB3EB0803C24404937FF432
:10B5000072AFB9F1000F0AD0FB0704D50B4A0A4904
:10B510002046FFF7DDFE39462046FFF7EBFE2046CA
:10B5200009B0BDE8F04F04F037BC00BF9522010818
:10B5300099220108281801087C1C010890220108A2
:10B540003C180108BE220108C4220108C8220108D3
:10B55000B3FD000851C30008CD220108D52201081F
:10B56000D32201084C2E0020482E0020A2220108E0
:10B57000E9FD0008D7220108D922010873B542F27B
:10B580000F738B4228BF0B4605680F4A04460521FE
:10B59000684603F0CFFA63680C495B6806460422EC
:10B5A000284604F0EBFB63683246694628465B6830
:10B5B00004F0E4FB636806495B681722284604F040
:10B5C000DDFB02B070BD00BF0D1C0108C22A0108DE
:10B5D000AA2A0108074A00210123904206D8064AF8
:10B5E00001B901231360054B1860704740085B00E8
:10B5F0000121F2E740420F00482E00204C2E00208F
:10B60000014B01221A7070475E390020014B002067
:10B6100019607047642E00200148FFF7AFBF00BFDC
:10B620006C18010810B5064B18680C46FFF786FB2E
:10B6300021460346BDE8104002480E22184700BFCD
:10B64000642E00206C180108F8B5094D094B0A4E0C
:10B65000D5E9004701221A700CB92C60F8BD2146CB
:10B6600030463A4600F01EF8241A0644F4E700BFBC
:10B67000582E00205F3900206039002010B9074B98
:10B6800018707047064B1B781BB141F2883005F0EB
:10B69000C3B93220002105F033BB00BF5E39002062
:10B6A0005F3900202DE9F047DFF88090204E80467A
:10B6B0000F46042599F80040ACB905F0A0F93A46C8
:10B6C00082464146204601F035FF0446504605F0CB
:10B6D0009EF9ECB10123337099F800307BB93C46F8
:10B6E0002046BDE8F0873A464146002001F022FF9F
:10B6F0000446EEE72846FFF7C1FF6C1E25460020F2
:10B7000001F0A8FF0028EAD03378002BF2D1E6E759
:10B71000337833B1013D2846FFF7B0FF3378002B73
:10B72000C8D13378002BDAD0DAE700BF5F390020C8
:10B730005E390020014B0360002070477C1801082F
:10B7400070B5104B1C680D46B4B10F4B196800233F
:10B750008B4202DB6FF0010070BD224612F8106BC5
:10B76000864202D001331446F2E7E06805F07AF928
:10B7700028B12C600020EFE76FF00C00ECE76FF0D1
:10B780001200E9E73C1100207C18010808B50348C5
:10B79000034A0021121A04F0CEFB08BDC812002093
:10B7A000743900200748084A084908B5121A04F0FD
:10B7B000C4FB0748074A0849BDE80840121A04F0CC
:10B7C000BCBB00BF00010020C8120020F02A010805
:10B7D000F800002000010020E82A01082DE9F047C8
:10B7E000064600AF0C46002936D0E9468AB0D1E9BA
:10B7F0000012A3686D462148E8464FF0050ACDE9DE
:10B800000501CDE9072348F810AF1D484246002343
:10B810004FF42151FFF77EFCCD46D4E90312636952
:10B82000AD461848C5F810A0C5E90501C5E90723CC
:10B830001348002342464FF42151FFF76BFCCD46DD
:10B84000E369114A0E48012104F082FAA3690F4A04
:10B850000B48012104F07CFA012E07D1EFF3058398
:10B860000B4A0748103B314604F072FA2146304635
:10B8700001F020FFBD46BDE8F08700BF1923010895
:10B880006C16010848230108772301088623010864
:10B89000B423010830BFFFF7FDBF00BF2DE9F04121
:10B8A0000B4EDFF8308006EB0807CC1B054632460E
:10B8B0000949204605F0CCFBA01942460021083C6E
:10B8C00005F0D4FBAC6707F10800BDE8F08100BFCC
:10B8D0000000000008000000EC16010810B5204C24
:10B8E0002049214804F036FBA36A990136D51E4849
:10B8F0001E4904F02FFB1E20A36ADA0104D51A4862
:10B900001B4904F027FB1F20154CA36A1B0304D519
:10B910001548184904F01EFB2120A36A590304D5D9
:10B920001148154904F016FB22200D4CA36A9A0316
:10B9300004D50D48114904F00DFB2320A36ADB0355
:10B9400004D509480E4904F005FB2420044A936AF3
:10B950006FEA03436FEA1343936210BD1D20CBE7E8
:10B9600000ED00E0C72301086C160108DF23010881
:10B97000F22301080C2401082A2401084F2401089D
:10B980006924010870B506460D46234C2349244816
:10B9900004F0E0FAA36AD9043CD52148214904F017
:10B9A000D9FA1720A36A1A0504D51D481E4904F0C8
:10B9B000D1FA1820184CA36A9B0512D51B491848C8
:10B9C00004F0C8FAA36BA26A110409D5184A1448F6
:10B9D000012104F0BDF91EB1A36A23F40043A36260
:10B9E00019200D4CA36A5A0504D50D48114904F0DD
:10B9F000B1FA1A20A36ADB0504D509480E4904F000
:10BA0000A9FA1B20044A936A43F47F4393620023FC
:10BA10002B7070BD1620C5E700ED00E094240108EE
:10BA20006C160108AA240108BB240108CE240108D1
:10BA3000E7240108FC240108172501082DE9F84333
:10BA40008046894617462E4D2E492F4804F082FA2B
:10BA5000AB6ADA0627D52D492B4804F07BFA11246E
:10BA6000AB6A1B0704D52A49274804F073FA12244D
:10BA7000234DAB6A9E0718D52649234804F06AFA7D
:10BA80006E6BAB6A1C0637D5234A1F48334601212B
:10BA900004F05EF9B9F1000F03D0AB6A23F0800324
:10BAA000AB62132403E01024DAE76FF01506144D9F
:10BAB000AB6AD80704D51949134804F04BFA14248B
:10BAC000AB6AD90602D4AB6A9A070BD50C4B5B68FC
:10BAD0001B0507D54146304600F006FA10B180F349
:10BAE00009880224064A936A43F0FF039362002305
:10BAF0003B702046BDE8F8836FF01506D1E700BF24
:10BB000000ED00E02F2501086C160108452501080D
:10BB1000BB2401087825010890250108A625010805
:10BB20002DE9F041684B8AB0D3F8048000AF044699
:10BB3000C8F30806002585F31188BFF36F8F02F064
:10BB40007F43B3F17F4F07D102F00C03082B12D1D2
:10BB50005E495F4804F0FEF900252C460023FB7186
:10BB6000F31E092B00F28F80DFE803F00A8588813D
:10BB70008D8D8D8D8D8B10074CBF0C460125EDE70B
:10BB800054495348504E04F0E5F90023FB71F36A21
:10BB90009A0705D550494E4804F0DCF900232DE002
:10BBA000F36A002B01DA4D49F5E7F36A5B00F5D53E
:10BBB0004B49474804F0CEF97369A26943F4807396
:10BBC0007361BFF34F8FBFF36F8F32F8023C72691E
:10BBD00022F480727261BFF34F8FBFF36F8F03F453
:10BBE0007F42B2F55F4F2BD1DBB2022B28D1236805
:10BBF0003C4A3748012104F0ABF82368FA79DAB9F6
:10BC000007F1080604F1200C20686168324603C27F
:10BC1000083464451646F7D17A6A002D50D0C2F335
:10BC2000080121B96FEA52226FEA42227A6207F1D3
:10BC300008011846FFF7D2FD2837BD46BDE8F08160
:10BC4000214B9A6AD2B22AB1FA1D01212046FFF790
:10BC5000F5FE0EE09A6A12F47F4F04D0F91D012020
:10BC6000FFF790FE05E09B6AB3F5803F96D3FFF7A0
:10BC700035FE0346C2E7FA1D0021E7E7F91D002063
:10BC8000EEE7194987E7194A194B18F4F87FE84697
:10BC90008AB008BF13466A461649CDE905134FF42A
:10BCA0000073ADF82030103E134B079642F8103F5A
:10BCB000074800234FF41151FFF72CFAC5466DE7F2
:10BCC0006FF30802B2E700BF00ED00E0F3250108C2
:10BCD0006C1601081E2601083526010856260108A3
:10BCE00064260108832601089F260108C52501084E
:10BCF000DA250108C326010804000001044B5A6933
:10BD000042F010025A615A6922F008025A617047E3
:10BD100000ED00E0EFF30880EFF3098101B5724612
:10BD2000FFF7FEFE01BD00BF002080F31488BFF3C3
:10BD30006F8F0E4880F3088800200D490860BFF31C
:10BD40004F8F00F03DF8102080F3118809484FF420
:10BD50000461401880F30988EFF31480022108433E
:10BD600080F31488BFF36F8F04F0FCF8C05E0020EE
:10BD700094ED00E040450020BFF34F8F0549064B8E
:10BD8000CA6802F4E0621343CB60BFF34F8F00BF79
:10BD9000FDE700BF00ED00E00400FA050749D1F817
:10BDA00090200023C2F307221846934200DB70471D
:10BDB000C1F89830C1F8A0000133F6E700ED00E0CB
:10BDC00008B572B6002383F31388FFF7E7FF144B1F
:10BDD0004FF0FF32C3F88020C3F88420C3F88820D6
:10BDE000C3F88C20C3F89020C3F89420C3F898209F
:10BDF000C3F89C20C3F88021C3F88421C3F88821AC
:10BE0000C3F88C21C3F89021C3F89421C3F898217A
:10BE1000C3F89C2162B6BFF34F8FBFF36F8F08BD8D
:10BE200000E100E01EF0040F0CBFEFF30880EFF319
:10BE30000980816911F8021C0229FFD001B5724600
:10BE400004F07DF801BD00BF40B2002807DB044AC2
:10BE50004109012300F01F00834042F82130704760
:10BE600000E100E040B20028A8BF00F1604001F10D
:10BE70000101B8BF064B4FEA0111ACBF00F56140AC
:10BE800000F00F00C9B2B4BF195480F80013704716
:10BE900014ED00E0044B054A23F07F039360BFF3E9
:10BEA0004F8FBFF36F8F70470082000800ED00E0F6
:10BEB00042F8203C009B42F81C3C0A49019B42F896
:10BEC000183C029B42F8143C21F001014FF08073B2
:10BED00042F8043C42F8081C0023203A0265C3677C
:10BEE000704700BF35AA0008094A0346906870B140
:10BEF00013F1160F806E05D0A0F14002934205D3D6
:10BF0000834203D2814228BF00207047002070473F
:10BF1000202F002008B515460B4A0C4B9060826F0D
:10BF20001A600E4600F0A0F82C4686F3098800201F
:10BF3000034B98472046002100220023014C204754
:10BF400081FF000835AA0008202F0020682E00205D
:10BF5000014B10221A61704700ED00E0054B5A6951
:10BF60009B689A421FBF044A536843F08053536052
:10BF7000704700BF202F002000ED00E0084B9B68B9
:10BF800083420BD1EFF3058343B1064B5A6842F06D
:10BF900080525A605A6A22F400425A6202F020BA71
:10BFA000202F002000ED00E014498A684FF0300097
:10BFB0001044EFF3098C80E8F01F102080F3128802
:10BFC000BFF36F8F0E4F4FF000664A698A603E6084
:10BFD000906F0C4C2060D06F0023D36780F31188E2
:10BFE00004B5104600F040F8BDE8044002F130000E
:10BFF00090E8F01F8CF3098870470000202F002084
:10C0000004ED00E0682E0020044800231021C2182F
:10C010000133352B82F80013F9D1704700E100E0BD
:10C0200008B5EFF30583064A103B02EBC30152F853
:10C03000330049688847BDE80840FFF78FBF00BF5D
:10C04000781301080148006870470000682E00203E
:10C05000024B034A0348012100F08AB800EC00209B
:10C0600000000020C0180108836E054A403B1360A1
:10C07000044B4021C2E901131046012100F082B8AF
:10C080006C2E002000000B1508B503461048D0F8B0
:10C090009020C2F30722013A934207D90D480E4A75
:10C0A000012103F055FE6FF0150008BDC0F898306F
:10C0B0000A6822F01F021A4342F01002C0F89C20C6
:10C0C0008A6842F00102C0F8A0201846EDE700BFE0
:10C0D00000ED00E064160108DA260108F0B50E460E
:10C0E00085B01F4604460025B5420DDA606810B3DE
:10C0F00097B1431E18420AD0104A11482B4601211D
:10C1000003F026FE6FF01502104605B0F0BD1F28A3
:10C11000F2D921680B42EFD12368019303F044FF69
:10C12000A36801A90343D0B20393FFF7ADFF10F159
:10C13000160FE7D0421C01350C34D5E70027010863
:10C1400064160108044B0522C3F89420BFF34F8FF7
:10C15000BFF36F8F704700BF00ED00E0BFF35F8F4C
:10C16000024B0022C3F89420704700BF00ED00E0AE
:10C1700010B5034C01232278FFF7B0FF207010BDEB
:10C180007039002008B50B4A00231278FFF7A6FF8C
:10C1900010F1160F07D0084A0021D2F89030C3F3EF
:10C1A0000723984200DB08BDC2F89800C2F8A0102F
:10C1B0000130F2E77039002000ED00E02DE9F04396
:10C1C0005D485E49D0F890300C68C3F307239C4269
:10C1D00085B000F2AE80FFF7C1FF496800229442AB
:10C1E00001F10C011AD1564F564D3C706846FFF7CD
:10C1F000A1FA554C554E81464FF00008C14520D15B
:10C200003B784D490020D1F89020C2F30722934299
:10C21000C0F28980FFF796FF002050E0C0F8982018
:10C2200051F80C3C23F01F03134343F01003C0F8F4
:10C230009C3051F8043C43F00103C0F8A0300132B7
:10C24000CDE7009800EB08114FEA081CCB682340AB
:10C25000B3F5000F49D00BD8B3F5001F32D0B3F5BA
:10C26000800F37D0B3F5801F14D008F10108C5E75F
:10C27000B3F1007F42D0B3F1805F48D0B3F1807F4B
:10C28000F3D150F80C3088684A6803F08DFE40F016
:10C29000887009E050F80C3088684A6803F084FE22
:10C2A00040F0885040F43020039001A93878CDE95F
:10C2B0000123FFF7E9FE002831DA6FF0150005B021
:10C2C000BDE8F08350F80C3088684A6803F06CFED3
:10C2D0003043E9E750F80C3088684A6803F064FEA0
:10C2E00040F0007040F40030DEE750F80C30886811
:10C2F0004A6803F059FE40F08270D5E750F80C30E0
:10C3000088684A6803F050FE40F48020CCE750F87B
:10C310000C3088684A6803F047FE2843C4E73B783E
:10C3200001333B70A1E7C1F89830C1F8A000013398
:10C3300069E74FF0FF30C2E700ED00E0CC180108DC
:10C3400070390020000002110000F0FF0000081109
:10C35000F0B587B007460E46144600211022684605
:10C360001D4604F083FE02238DF802302A46054B59
:10C37000019321466846CDE9047602F06BFC07B0D4
:10C38000F0BD00BFC9FF000808B5024B1B68984705
:10C39000002008BD782E0020034B044A18609378D3
:10C3A00043F0020393707047782E00204011002064
:10C3B00008B50649064821F00701C1F1005202F50F
:10C3C0006C4203F081F8002008BD00BFB39100204B
:10C3D0007C2E002030B50D4DC0430A44914201D15E
:10C3E000C04330BD11F8013B83EA000404F00F04A0
:10C3F00055F8244084EA101080EA131303F00F0369
:10C4000055F8233083EA1010E8E700BFEC18010864
:10C4100007B5084A92E80300CDE9000106488268A2
:10C42000126822B16946904703B05DF804FB6FF0D3
:10C430005700F9E7EC1601086012010800F01F022E
:10C4400001213F2808B501FA02F2034605D9084840
:10C45000084A03F07DFC002008BD074B1F2894BF4D
:10C46000DB68DB6A9A430CBF01200020F4E700BFC1
:10C470001C160108412701080008005800F01F029F
:10C4800001213F2808B501FA02F2034606D9074800
:10C49000074A03F05DFC6FF0150008BD1F28054B2F
:10C4A00002D8DA600020F8E7DA62FBE71C16010820
:10C4B0004127010800080058044B184400230133A9
:10C4C0008B4200F8012BFADB704700BF9D11002062
:10C4D0002DE9F041104F054600264FF001086B781A
:10C4E000F4B2A34201D8BDE8F0812B781C44204669
:10C4F000FFF7A4FF68B12046FFF7C0FF57F83430BC
:10C500003BB107EBC40204F01F04516808FA04F0C1
:10C5100098470136E3E700BF882E0020034670B13C
:10C52000B0FA80F2C2F11F02D2B206498856064A1A
:10C53000D2F880100B43C2F88030FFF785BCFF2291
:10C54000F3E700BF9D11002000080058034AD2F80D
:10C55000803023EA0003C2F880307047000800589A
:10C56000032921D8DFE801F0020C10190F4B1A68DB
:10C5700022EA00021A605A6822EA00025A607047F2
:10C580000A4B1A680243F5E7084B5A6802435A609F
:10C590001A6822EA00021A607047044B1A680243C4
:10C5A0001A605A6810435860704700BF000800586E
:10C5B00030B5B0B1B0FA80F3C3F11F03DBB20B4862
:10C5C00050F833408C4204D100EBC3056D689542AE
:10C5D00005D044B940F8331000EBC300426000209E
:10C5E00030BDFF23EBE76FF00F00F9E7882E002046
:10C5F00060B1B0FA80F3C3F11F03DBB2044A00213B
:10C6000042F8331002EBC30251607047FF23F5E795
:10C61000882E002000F00302043292000F23934082
:10C6200043EA900000F003030233064A52F8232045
:10C63000030C02EA104093FAA3F3B3FA83F3D84051
:10C64000704700BF0000014038B50B88C3F30B03EF
:10C650000B2B0D46144627D813B96FF0850022E046
:10C66000013B0A2BF9D801A252F823F0BFC60008FB
:10C67000D1C6000899C6000899C6000899C60008E6
:10C68000BFC60008BFC60008BFC600085BC60008DA
:10C69000C5C60008C5C60008002020602B68B3F599
:10C6A000805F18D2002038BD03F6B873C3F30B03C4
:10C6B0001C2BD2D80B4A22FA03F3DB07CDD50A4B49
:10C6C0001868EAE700F0C6F800EB40004008E4E72D
:10C6D0004FF40040E1E7C3F313330133B0FBF3F051
:10C6E0002060DFE7110111118C11002070B5564D4B
:10C6F0004FF0B04403F05DFD284603F059FD00F013
:10C7000027FED4F80831514A03F00F0352F8236092
:10C710001368B0FBF6F6B5FBF3F5AE4202D228463D
:10C7200000F084FE236843F400132360236843F47D
:10C73000803323604FF0B04423689803FCD5FEF7A4
:10C74000E1F9D4F8903043F00103C4F890304FF091
:10C75000B043D3F890209107FBD5D3F8902042F056
:10C760008002C3F890204FF0B044D4F890301A05FE
:10C77000FBD5FEF7E5F9A36803F00C030C2B1CD1E5
:10C7800023685B0508D4236843F4807323604FF06B
:10C79000B04213685805FCD54FF0B0439A6822F0B8
:10C7A000030242F001029A609A6802F00C02042A25
:10C7B000FAD19A6822F0F0029A604FF0B0442368F0
:10C7C00023F08073236023689901FCD4E36823F08D
:10C7D000606343F00073E360E36843F08073E360F9
:10C7E00000F03CF8236843F0807323604FF0B043BF
:10C7F0001A689201FCD59A6822F0F0029A609A6851
:10C8000042F003029A604FF0B042936803F00C03C9
:10C810000C2BFAD1AE4202D3284600F007FE0C4B97
:10C82000094A1A604FF0B04300209A6822F4E0628F
:10C830009A609A6822F460529A60D3F8082122F034
:10C840000F02C3F8082170BD006CDC02201A010839
:10C850008C110020004870470048E8014FF0B043B9
:10C860000A49DA6811400A4A0A43DA60DA68094973
:10C8700042F08072DA60DA681140074A0A43DA60EF
:10C88000DA6842F08052DA60704700BF8C80FFF1B6
:10C89000030300028C80FF1F0303002008B5044837
:10C8A000FEF7C2F80248FFF777FD002008BD00BF81
:10C8B000B5C8000873B5104E8DF80700044603256F
:10C8C00001220DF10701002000F0AAFE20B1012392
:10C8D0003370204602B070BD3378002BF9D0013D93
:10C8E00008D004F06DF90028EAD10021142004F0EA
:10C8F00007FAE5E73570ECE771390020004870472A
:10C900002C190108044BB3F8E0359B020B6000239F
:10C910004B601846704700BF0070FF1F07B5034605
:10C92000054A00910548012103F01CFA6FF015003B
:10C9300003B05DF804FB00BF8E2701083416010820
:10C9400073B506464FF4FA720023684604F0BAFA4B
:10C9500033691B681A6944F2FA310A40DDE900457F
:10C9600011D01A690A401A616FF0040002B070BD5C
:10C9700022462B46684604F0CAFADDE9003213432A
:10C980000CBF0122002233691B68186910F4A02033
:10C99000ECD0002AECD0034A03483223012103F0F3
:10C9A000D7F9E1E7B82701083416010838B503695B
:10C9B00005461C6849B1FFF7C3FF58B12869043028
:10C9C00001F0D0F86FF0040038BD6369002B06DB7E
:10C9D0000020F9E7636943F000436361F8E7034B24
:10C9E000A36003F18833A360F2E700BF230167452A
:10C9F00073B5012306460D46144603F017FC50B9E3
:10CA00000A480B4A00942B46012103F0ABF96FF062
:10CA1000150002B070BD3CB122462946304602B036
:10CA2000BDE8704003F045BC2046F2E7341601082B
:10CA3000CC270108F7B51C461746012322460546B8
:10CA40000E4603F0F3FB58B9164A009416483346D5
:10CA5000012103F087F96FF01504204603B0F0BD03
:10CA6000002CFAD0286903F0DAFB00212846FFF7F2
:10CA70009DFF98B9314623463A46284600F016F8FD
:10CA8000064601212846FFF791FF002E14BF3446C9
:10CA900004462869043001F065F8DEE76FF004060B
:10CAA000EFE700BFF7270108341601082DE9F84F1A
:10CAB000064600200C46174698468146C84525D9AB
:10CAC00029F007033B444FEAE902D3F804A0336995
:10CAD00057F832B01D686B69002B15DB3046FFF745
:10CAE0002FFF002812DB04F100631A68013202D123
:10CAF0005A6801320CD05BEA0A0209D00F4A10488A
:10CB00002346012103F024F96FF00400BDE8F88FFB
:10CB10006A6942F001026A616A69C3F800B030468E
:10CB2000C3F804A0FFF70CFF6B69002823F0010392
:10CB30006B61EBDB09F108090834BFE748280108FD
:10CB40003C160108074B186840B90748D0F8E005C3
:10CB5000C0F34E0018604FF4006058600B60012372
:10CB600013607047082F00200070FF1F2DE9F84365
:10CB7000D0F804900746D9F8080090460D461E46A6
:10CB800003F076FAB8F5001F044616D12846D9F806
:10CB90000840FFF73FFD84420CD1294603F068FAB4
:10CBA0000446FFF7D3FC2046FFF722FD0021204674
:10CBB000FFF7D6FC0020BDE8F883B8F5800F20D041
:10CBC000B6F1806F19D0B6F1C06F18D0B6F1007F02
:10CBD0001AD102260F493A462046FFF7E9FCB0B9C0
:10CBE000D9F80810284603F048FA20463146FFF7E6
:10CBF000B7FC2046FFF792FCDCE70126EAE70326B4
:10CC0000E8E76FF08500D6E76FF01500D3E76FF027
:10CC10000F00D0E71505010843681B6803F10802FF
:10CC200052E8002F42F0010203F1080040E8002121
:10CC30000029F3D1094A934203D0A2F574429342EA
:10CC400003D15A6842F040025A6053E8002F42F480
:10CC5000807243E800210029F7D170470038014075
:10CC600043681B6803F1080252E8002F22F001021A
:10CC700003F1080040E800210029F3D1094A93425A
:10CC800003D0A2F57442934203D15A6822F04002C5
:10CC90005A6053E8002F22F4807243E800210029F3
:10CCA000F7D17047003801402DE9F04182B0436868
:10CCB00000AF1E6880460D46002937D058681969B4
:10CCC0008368DB686BB13A1D9847041E0CDA1B4A77
:10CCD0001B48012103F033F820460837BD46BDE864
:10CCE000F0816FF05704F2E7336823F400433360B8
:10CCF0007B6803EB5503B3FBF5F30F2B19D86C4698
:10CD00008AB0D8F800306A460E490795CDE9051378
:10CD10004FF40073ADF820300B4B42F8103F084839
:10CD200000234FF41151FEF7F5F9A5466FF01504F5
:10CD3000D2E79BB2F3600024CEE700BF832801084E
:10CD4000D4160108B128010804000001F8B50C460A
:10CD5000036941681D682379012B19D0A3F1020EE4
:10CD6000DEF1000646EB0E06B6026279022A9CBF8F
:10CD7000464F37F81270A27988BF4FF40057022A45
:10CD800009D0042A2FD0003B18BF01231B0306E063
:10CD90004FF4C066E9E7B3FA83F35B091B07E27956
:10CDA0000968012A0CBF4FF4407C4FF0000CA542EB
:10CDB0001CD10A6822F0805222F4B05232431A4346
:10CDC0000A604B6823F440533B434B6043681A6846
:10CDD000936823F4407343EA0C0393602968BDE829
:10CDE000F840FFF761BF4FF48053D8E7D1F800E077
:10CDF0000EF4C06E76451FBFD1F800E02EF4C06E71
:10CE00004EEA06060E6041680E68716801F44051F2
:10CE10008F421FBF716821F44051394371604168EE
:10CE20000E68316801F010218B421FBF316821F07C
:10CE300010210B433360436819688B6803F4407317
:10CE40009C451FBF8B6823F4407343EA0C038B603F
:10CE500043681B68D71E99687E427E41C1F38031CA
:10CE60008E4207D0032A9A680CBF42F4804222F413
:10CE700080429A6021682B68994205D0FFF714FF21
:10CE800008B923682B60F8BD0020FCE7981A010858
:10CE90002DE9F04383B0D0F804908046D9F804001F
:10CEA000D9F8101083681B6800AF7BB1984705461E
:10CEB00070B9D9F824003A1D002103F041FB051E8A
:10CEC0000EDA28460C37BD46BDE8F0836FF05705F3
:10CED000554A5648012102F032FF002DF1DBE8E708
:10CEE0007B6800221979186803F03DFB051EE8DB1A
:10CEF000D8F80460D8F8103034681D68236823F02F
:10CF000001032360B06803F0ADFD38B9484A4748D3
:10CF1000012102F014FF6FF01205D2E7D6E90201F9
:10CF20008368DB6803B1984754E8003F43F00C0383
:10CF300044E80032002AF7D129464046FFF706FFB1
:10CF4000054610B16FF01505BBE7337E1BB1A36832
:10CF500043F00803A360737E1BB1636843F400438E
:10CF60006360B37E1BB1636843F480336360F37E18
:10CF70001BB1636843F400336360337F002B3CD004
:10CF80002C4B9C421ED0A3F574439C421AD003F54F
:10CF900070539C4216D06C4688B0D8F800306A4670
:10CFA0002549CDE905134FF40073ADF81C30234B30
:10CFB00042F8103F1D4800234FF4E251FEF7AAF853
:10CFC000A546BFE7D8F804301A68936843F4804355
:10CFD00093602368727F23F0787343EA425323609F
:10CFE0002368B27F23F4F81343EA02432360F37FFC
:10CFF0001BB1A36843F40043A36096F820301BB133
:10D00000236843F000532360236843F00103236047
:10D01000E3699A02FCD5E3695B02FCD5D9F82830B4
:10D02000404698474DE700BFC8280108D4160108BC
:10D03000E828010800380140032901080300000125
:10D040002DE9F04143681C6803691E680B79012BC8
:10D0500002460D4617D0981E41424141890295F87B
:10D0600005E0AF79BEF1020F96BF30484FF4005C87
:10D0700030F81EC0022F09D0042F01D0002B4CD055
:10D080004FF4805005E04FF4C061E8E7002B41D039
:10D090000020A3F10308B8F1010F04D86FF0850355
:10D0A0001846BDE8F0810BB1042FF7D0BCF5805FC6
:10D0B00035D0BCF5405F34D0BCF1000F0CBF01236C
:10D0C00003239E45EAD103F0C6FA8742E6D1EB7905
:10D0D00063B1012B27D1164B9C4207D0A3F57443B3
:10D0E0009C4203D003F570539C42D7D1236823F0B0
:10D0F0000103236029461046FFF728FE0346002857
:10D10000CCD1226842F00102226095E8030086E853
:10D110000300C5E74FF08050C8E71846C6E7002374
:10D12000CFE70223CDE7032BD5D0B7E7981A010844
:10D13000003801404FF0E0230D4A996912681869E0
:10D140009B69002908BF1146002B08BF134610F445
:10D15000803F084801D1994205D20168114401601D
:10D160004FF0E021096900681044C01A704700BF01
:10D170001C2F0020102F0020094B102283F82320A1
:10D18000084B4FF496521A60074B002018604FF07E
:10D19000E02341F2BF225A61072298611A61704769
:10D1A00000ED00E01C2F0020102F0020684620F02A
:10D1B00007018D4601B5FFF7BDFF104B104A1868F7
:10D1C00011680844106000221A600E4A13684FF478
:10D1D0009651C01AB0FBF1F001FB00331360EFF37E
:10D1E0001181102383F31288BFF36F8F01F0E6FAE9
:10D1F000FEF7B4FEBDE8014085467047102F0020C1
:10D20000182F0020142F00202DE9F041324D91B14C
:10D21000421C0AD14FF0E022136923F0010313618D
:10D220004FF07F432B60BDE8F0812C68012807DCBC
:10D230004FF000080BE0431C2C68F7D140F6A650D5
:10D2400040F6A7539842A8BF184600F1FF38EFF305
:10D250001186102383F31288BFF36F8FFFF76AFFE5
:10D260001E4F4FF0E0230022D3F818C03B6818444B
:10D270001B4B1A601B4B1A68831A29D44FF4965E15
:10D2800018FB0E3303F595531F33B3FBFEF1131A4E
:10D290000EFB0133B3F5806F134A38BF4FF4806340
:10D2A000934228BF13464FF0E0222B609169013B67
:10D2B000536100238C459361ACEB01033ABFE41842
:10D2C0000019C018386086F31188BFF36F8FAAE782
:10D2D0004FF48063E7E700BF1C2F0020182F0020C9
:10D2E000102F0020142F002080E8FF0038B5EFF346
:10D2F0001185102383F31288BFF36F8F084B1C68CE
:10D30000084B1B68E41AFFF715FF85F31188BFF37C
:10D310006F8F4FF496532044B0FBF3F038BD00BF3D
:10D32000182F0020142F002038B5EFF3118510239B
:10D3300083F31288BFF36F8F044B1C68FFF7FAFE6C
:10D3400085F31188BFF36F8F204438BD182F00205C
:10D3500010B54FF0B0439A68D96812F00C0205D0AE
:10D360000C2A4AD101F00303012B50D14FF0B041F8
:10D370002B480B6813F0080306D00B6813F0080362
:10D3800037D1D1F8941007E00C68240756BFD1F8C4
:10D3900094300968C3F3032350F82330002A0CBFEC
:10D3A000184600204FF0B0418A6802F00C020C2AA7
:10D3B0001ED1CA6802F00302022A2ED0032A06D127
:10D3C0000B68184A13F4801F174B08BF13464FF021
:10D3D000B042D068D168D268C0F306205843C1F388
:10D3E00002130133B0FBF3F0530F0133B0FBF3F042
:10D3F00010BD0B68C3F30313CEE7042A0AD0082A32
:10D4000005D11B6813F4801304D10648CAE7002332
:10D410001846C7E704480023C4E7034BD7E700BF1B
:10D42000E01901080048E8010024F400204A0346FE
:10D4300007CA84B00DF1100C0CE9070018463BB385
:10D440001C4B1B6803F4C063B3F5007F22D11A4B59
:10D45000984229D8194B984224D9194B98428CBF2D
:10D4600002200120174904AB03EB80000B6850F841
:10D470000C2C23F0070313430B600B6803F0070326
:10D480009A4213D0086800F00700831A58425841A6
:10D4900004B070470C4B984206D80C4B984201D907
:10D4A0000B4BDBE70020DDE70020F1E70120EFE791
:10D4B000F416010800040058006CDC0280A8120178
:10D4C00000512502004000580024F400808D5B00CC
:10D4D000001BB70008B5124BA8220021184603F024
:10D4E000C5FD032202610F4942610F4A8161C26199
:10D4F00040220262002282624262C26201660B49DD
:10D500004166102181660A4902670346C266426786
:10D5100011F8010D98540132102AF9D108BD00BF4D
:10D52000500000206E29010810000020000000209B
:10D53000E52A01082DE9F74FDFF88880182606FB59
:10D54000008700FB066646447D6AD7F828C07368EA
:10D55000AC4581468B46144603EB050025D83B6A53
:10D56000A3EB050A0AF1FF3E724507D82C4403F0ED
:10D570006FFD7C62012003B0BDE8F08FE644724588
:10D580001ED85246019303F063FD019B2C44E41A1C
:10D5900005D0706822460BEB0A0103F059FD1823F1
:10D5A00003FB0988C8F82440E4E70CF1FF3CACEB2E
:10D5B000050C944504D3254403F04AFD7D62D9E768
:10D5C0000020D8E750000020F8B5144B182700FBC6
:10D5D00007751D4407FB00330E46DB6A012B14461A
:10D5E0000AD0022B14D023B9284603F0B5F984429F
:10D5F00008D900242046F8BD284603F0ADF984423E
:10D6000028BF044622463146284603F0AEF9F1E72A
:10D610002846BDE8F84003F0C3B900BF5000002021
:10D62000F8B50B4B1B78532B04460E46174601D01A
:10D63000FFF750FF03F0E3F93A460546314620462E
:10D64000FFF7C2FF0446284603F0E1F92046F8BD83
:10D6500050000020034B182202FB00339A6A586ADC
:10D66000801A70475000002010B4084A084900236F
:10D67000C85C12F8014D844204D10133102BF7D15C
:10D6800010BC704710BCFFF725BF00BFE52A01089A
:10D690005000002010B50446FDF76EFC0348044A14
:10D6A000012102F04CFB204603F0E7F96C1601085B
:10D6B000772901082DE9F843044600AF0D46EFF342
:10D6C0001188102383F31288BFF36F8F04282A4A2E
:10D6D00098BF2A4B9668117C94BF53F82030284B92
:10D6E000E9468AB06A462748CDE9073140F201335E
:10D6F000ADF82430244BCDE9050442F8103F23480F
:10D7000000234FF43151FDF705FDCD4645B1EB69DE
:10D71000C3F3080323B11E4A1C48012102F00FFB8A
:10D720002EB1304603F055FA08B1037803B9194811
:10D73000E9468AB06A46184B0790CDE9053640F2B3
:10D740000133ADF82030154B42F8103F00230F484D
:10D750004FF41151FDF7DEFC2946CD462046FFF778
:10D7600099FF88F31188BFF36F8F3046FEF706FCF0
:10D77000BD46BDE8F88300BF202F0020601A0108D5
:10D78000862901089C290108050000016C16010882
:10D79000C429010894290108E529010804000001B1
:10D7A00038B50A4B53F82040013053F82050A542B9
:10D7B00000D838BD606830B1037EDB0701D403F0C8
:10D7C00039F90834F3E723689847FAE7741A01082F
:10D7D00070B52A4B2A4C2B4D86B0012203201A70BB
:10D7E000FFF7DEFF01F078F90420FFF7D9FF2646A6
:10D7F000AE4204F130040FD300F028FD204CAC42BF
:10D8000026D300F037FD01F011FE1F4A938923F063
:10D810000103938106B070BD54F80C3C059354F895
:10D82000103C049354F8143C039354F8183C0293AE
:10D8300054F81C3C019354F8203C009354E90A230B
:10D8400054E90C0100F068FB54F8303C5E65CEE70B
:10D85000D4E90A23B3F1FF3F08BFB2F1FF3F05D07F
:10D8600052EA0301206803D103F063FA3034C6E7BB
:10D870000649183000F012FFF8E700BF72390020A7
:10D88000201501085015010828190020AF0C0108C7
:10D8900070B5164E164D1749882386B003FB0066F7
:10D8A00001220023CDE904230F22CDE902320193A6
:10D8B000142303FB005504464FF4A07000FB041131
:10D8C0000D4B00954FF48072304600F025FB337C01
:10D8D0000A4AEE6023F0040333744FF4046304FB3C
:10D8E000033313442C746B6006B070BDA018002085
:10D8F000202F0020804D00208B0A01084045002089
:10D900007FB50020FFF74CFF294B83F30888294C93
:10D91000636943F4007363610025F02384F82230C7
:10D92000E57725766576A57684F82050636A43F41A
:10D93000E0236362FEF7E2F9FEF70AFB4FF0FF33E4
:10D94000A362E362FEF73AFCFEF782FBFDF774FA8E
:10D9500019481A4C00F058FBFDF72CF90120FFF78D
:10D960001FFF0220FFF71CFF00F0AEFC144B15490F
:10D970005C61154B059301234FF48052CDE90353AD
:10D98000CDE90155114B0095204600F0C5FA237CE6
:10D99000064623F004032046237403F054F9284676
:10D9A000FFF776FF094A31462046FEF7B3FA00BF7B
:10D9B000804D002000ED00E0B01900202819002063
:10D9C000202F0020C04E0020F8210108D1D70008E8
:10D9D000F7B50D4604469DF82010EFF3118710208F
:10D9E00080F31288BFF36F8F266AE068864240D2C8
:10D9F0002668B4421AD0CEB1304603F051F806F191
:10DA0000180003F024FA54F8082F706929460025FD
:10DA100003F01EFB3046C6F8805003F014F9204690
:10DA2000394603F06AF9284603B0F0BDA268A9B1EF
:10DA3000E069294603F00CFBE369A26813446269BC
:10DA4000E361934201D12369E361236A01332362D5
:10DA5000002087F31188BFF36F8FE5E7A069236982
:10DA6000984208BF6069801AA061294603F0F0FA65
:10DA7000EBE752EA03010BD00749896804F108007B
:10DA80004D61CDE900233946224600F0A9FBCBE7E2
:10DA90006FF02200DDE700BF202F0020F7B504461D
:10DAA0000846EFF31186102181F31288BFF36F8FC0
:10DAB000216A00293BD0A268A16903F0C9FAA369D1
:10DAC000A268256813446269A361934204BF236975
:10DAD000A361236AAC4203F1FF33236236D02846A8
:10DAE000002D34D002F0DCFF05F1180003F0AFF98F
:10DAF0006969A268E06903F0ABFAE369A2681344BC
:10DB00006269E361934204BF2369E361236A0027EA
:10DB1000013323622846C5F8807003F094F804F1BD
:10DB20000800314603F0E9F8384603B0F0BD52EA88
:10DB3000030111D00A4989684861CDE900233146C3
:10DB4000224604F1080000F04BFBEEE7002086F3CC
:10DB50001188BFF36F8FE8E76FF02200F7E700BF8F
:10DB6000202F002070B5EFF31186102383F3128865
:10DB7000BFF36F8F0468A0421BD0D4B1D4E9003248
:10DB800013605A60237C002523F002032374C4E948
:10DB90000055A56004F1180003F059F92046C4F8B7
:10DBA000805003F050F831460748BDE8704003F05C
:10DBB000A4B8D0E902329A4218BF0133836086F3D9
:10DBC0001188BFF36F8F70BD7339002013B5EFF369
:10DBD0001181102484F31288BFF36F8F846844B1DD
:10DBE000013C846081F31188BFF36F8F002002B085
:10DBF00010BD52EA030406D181F31188BFF36F8F81
:10DC00006FF00F00F3E7CDE900230246014800F072
:10DC1000E7FAECE77339002070B50546EFF311869B
:10DC2000102383F31288BFF36F8F00232C68A54263
:10DC300019D0C4B1D4E9003213605A60227C0023A9
:10DC400022F00202C4E900332274A36004F1180038
:10DC500003F0FDF86FF00A03C4F88030204602F0AC
:10DC6000F2FF0123E2E70022AA6023B986F31188BC
:10DC7000BFF36F8F70BD31460248BDE8704003F0BE
:10DC80003CB800BF733900202DE9FF41544E0446D3
:10DC90001027EFF3118887F31288BFF36F8FD4F842
:10DCA0008C50F5B9022104F1A40002F054FF0028C1
:10DCB00070D004F19C0500220121284603F059F898
:10DCC0000028F8D1002302934FF0FF324FF0FF33CA
:10DCD000CDE90023414604F19402424800F01EFCC5
:10DCE000D7E7D4F890202B68C4F88C30954208BF51
:10DCF000C4F89030D4F8A43043F00203C4F8A43040
:10DD0000EB6823F0040343F00103EB606B6888F3D6
:10DD10001188BFF36F8F28469847EFF3118887F378
:10DD20001288BFF36F8FEB68D80623F001023ED450
:10DD3000EA60EB689A0717D5306823F00203EB60BE
:10DD400090B10368002178B1426895423DD10368E3
:10DD5000002934D172683360904200D1736000238F
:10DD600040F8083BFFF7FEFED4F8A43023F002038E
:10DD7000C4F8A430DB0530D4D4F88C30003B18BF95
:10DD8000012388F31188BFF36F8F002B81D000F03F
:10DD9000A3FA7EE7D4F8A430D90693D5C4F8A4003A
:10DDA00088F31188BFF36F8F04B0BDE8F08123F0D2
:10DDB0001103EB6005F11000FFF7D4FEB9E70B602B
:10DDC0007368984208BF7160C9E701461BB11A68C1
:10DDD00018461346B7E71A46FAE70023D1E700BF13
:10DDE000402F002073390020F8B5C3689A07044615
:10DDF0000E46C3F3400542D45F0742D40B680BB90B
:10DE000083680B60E368D80744BFA3683360376852
:10DE10004CBF0225012557B31B4B9A68D7F88830B1
:10DE20009A421ED102F0CCFE80F00100C0B2D7F8B9
:10DE3000A430D907C3F380021CD5F2B1F8B1002396
:10DE40002360D7F8903073B9C7E92344384602F00D
:10DE50008DFEE36843F00403E3603368A360284663
:10DE6000F8BD0020E3E71C60C7F89040EEE76FF0D4
:10DE7000150506E06FF0120503E01B07DFD56FF014
:10DE80000F0500233360EAE7202F002001460148F8
:10DE900002F086BE581A0020F0B589B00446002072
:10DEA000C4E923000E9D04F19400C4E9250004F1A7
:10DEB0009C00C4E9270055B32879002840F20110DE
:10DEC00008BF0120C4F8A40000204FF0FF364FF037
:10DED000FF37CDE90330CDE90100CDE906670D4BF1
:10DEE0000094204600F064F855B1296811B120462D
:10DEF00002F06CFE6B791BB1A38943F00103A3818F
:10DF0000204602F016FFC4F8884009B0F0BD012099
:10DF1000D8E700BF89DC00082DE9F043073285B05F
:10DF200022F007020E461F461099818100F1580326
:10DF30007F32C0E916330446002322F03F02042159
:10DF4000836001743F2A0F98A073C4E90633E3731A
:10DF500006F14009A2F1400805D883F31188BFF308
:10DF60006F8F084602DFB51829462046FDF796FC5C
:10DF700007300E9B20F007002067C4E91A9802932F
:10DF80000D9B01932D1A0C9B00932A463B4631466C
:10DF90002046FDF78DFF00236365044B9B6803B1AA
:10DFA0005B6F6367284605B0BDE8F083202F002033
:10DFB000F0B587B000250595109D04950F9D03953C
:10DFC0000E9D0295DDE912760D9D01950C9D009543
:10DFD0000446FFF7A1FFB6F1FF3F08BFB7F1FF3FCF
:10DFE00005D056EA070305D1204602F0A2FE2046DE
:10DFF00007B0F0BD3A46334604F11800014900F07D
:10E000004DFBF4E7AF0C0108012310B503748381C5
:10E010000023C0E91A33044600F058FD014B9C6010
:10E0200010BD00BF202F00200A4A93686FF00A013C
:10E03000C3F880100849D8674B6843F080534B60A1
:10E04000002383F31188BFF36F8F9368D3F88000A8
:10E05000704700BF202F002000ED00E070B590F960
:10E060001020037C002A2FDBD9062DD11A4C63F037
:10E070007F032246037452F8183FE169934207D1A7
:10E08000C0E900210860E0610FE09942F8D01B6808
:10E09000002BF5D093F90E6090F90E50AE42F4DDEE
:10E0A0005968C0E9003108605860A569954200D000
:10E0B00005B9E568A3681A7CD20606D1DA897F2AF9
:10E0C00003D9AA690AB9636170BDAB4202D0284680
:10E0D00000F066FA6561F7E7202F002038B590F967
:10E0E0001020037C002A014604DA03F07F03037446
:10E0F00002F071FD0D4D2A46AB6852F8184F94425C
:10E1000000D004B9EC688B4207D01A7CD20604D147
:10E11000DA897F2A01D9A2692AB1A34202D0204616
:10E1200000F03EFA23466B6138BD00BF202F00206F
:10E13000B3F1FF3F08BFB2F1FF3F03D002491830EF
:10E1400000F0ACBA704700BFAF0C0108034648B9F5
:10E15000EFF3058232B9064A51699268914201D0C3
:10E16000FFF762BF83F31188BFF36F8F704700BF63
:10E17000202F002038B5184CA168E0690B68814257
:10E1800014BF1A46002249680B605960A368E16910
:10E190002AB9124AC3E900210B60E3610AE092F94F
:10E1A0000E5093F90E00854212DD5168C3E900213B
:10E1B0000B605360A569094B9D4200D005B9E56825
:10E1C000A3689D4202D0284600F0EAF9656138BD97
:10E1D0008A42DED01268DBE7202F0020382F002093
:10E1E000F8B50E4B0C4611460D4A98681060DDE9F3
:10E1F0000667EFF31182102282F31288BFF36F8F4C
:10E200009D68284602F0F9FC284632463B46FFF757
:10E210008FFF2046BDE8F840FFF706BF202F002003
:10E22000482F0020034648B9EFF3058232B9064A69
:10E2300051699268914201D0FFF7F6BE83F31188CD
:10E24000BFF36F8F704700BF202F0020EFF31181C5
:10E25000102383F31288BFF36F8F054B9A68D37B2B
:10E26000013BD37381F31188BFF36F8F704700BFF9
:10E27000202F002070B5EFF31186102383F312884E
:10E28000BFF36F8F0F4DAB68DA7B0132DA732A462A
:10E2900052F8184F944200D004B9EC681A7CD206A8
:10E2A00004D1DA897F2A01D9A2692AB19C4202D01D
:10E2B000204600F075F923466B613046BDE870409A
:10E2C000FFF744BF202F0020024B03F11802C3E9DF
:10E2D00006227047202F002070B5EFF3118610231F
:10E2E00083F31288BFF36F8F1A4CA168E0690B6843
:10E2F000814214BF1A46002249680B605960A36826
:10E30000E1692AB9144AC3E900210B60E3610AE01C
:10E3100092F90E5093F90E00854216DD5168C3E95B
:10E3200000210B605360A5690B4B9D4200D005B9DD
:10E33000E568A3689D4202D0284600F031F9656186
:10E340003046BDE87040FFF76FBE8A42DAD01268EF
:10E35000D7E700BF202F0020382F0020F8B550EA63
:10E36000010306460C4603D1FFF7B6FF0020F8BDB7
:10E37000EFF31187102383F31288BFF36F8F124DD1
:10E38000124BA8681860FFF7A9FEA8681049234639
:10E390003246183000F082F9AA68137C43F0040377
:10E3A000137404463846FFF73FFEAB68D3E90A23EF
:10E3B000B3F1004F08BF002AD8D102F07DFD201A2A
:10E3C00020EAE070D3E700BF202F0020482F002074
:10E3D000AF0C0108014B9868704700BF202F002048
:10E3E0002DE9F84304468789EFF31186102383F360
:10E3F0001288BFF36F8F037C190705D586F3118848
:10E40000BFF36F8FBDE8F883D90943F008026FD1DD
:10E410000274A36813B1204602F0E5FB04F1180072
:10E4200002F015FDA56D04F15808A84511D04FF074
:10E43000000975B1284602F0D6FB05F1180002F07C
:10E4400006FDC5F880902846FFF708FEA56DA84593
:10E45000EFD1DFF8BC80D8F808309C4250D1EFF300
:10E460000589B9F1000918BF4FF00109D8F8185013
:10E47000284A954200D00DB9D8F80C50AB4202D0D2
:10E48000284600F08DF82046C8F8145001F075FDBC
:10E49000B9F1000F02D02048FFF7B6FDD8F80830D8
:10E4A0009C4230D1EFF305836BBBA289D20711D513
:10E4B00086F31188BFF36F8F83F31188BFF36F8FDB
:10E4C0000423184602DFEFF31186102383F312882A
:10E4D000BFF36F8F3046FFF7A7FDFB0792D50023F0
:10E4E00083F31188BFF36F8F0423184602DF89E797
:10E4F00003F07F0343F00803037402F06CFB88E72A
:10E500004FF00009B2E786F31188BFF36F8FE4E79D
:10E51000202F0020382F0020B0190020D3B5DDE9CE
:10E520000667089CCDE90067FFF75AFE1CB1034B54
:10E530009B685B69236002B0D0BD00BF202F002024
:10E54000027C12F01F02034610D10A4988420DD006
:10E550000949086868B1D9897F2909D893F90E203B
:10E56000064B1B689A42B8BF0020704700207047D6
:10E5700010467047A0180020901100204C2F00205A
:10E58000044BC01A044BC0105843044B01221A54C8
:10E59000704700BF381A0020ABAAAAAA733900201E
:10E5A00070B50C4B0C4D1E7CFFF7CAFF182303FB04
:10E5B00006550446284602F04AFC084B00229A55AC
:10E5C0003CB1621E28460649BDE87040D31700F0F2
:10E5D00065B870BD202F0020381A00207339002044
:10E5E00081E5000838B5EFF31185102383F3128815
:10E5F000BFF36F8F0F4B104A9C681068A04206D182
:10E60000FFF7CEFF85F31188BFF36F8F38BD002170
:10E610001B7C1160094AD35C002BF3D02046FFF726
:10E620008FFF0028EED0237CDB0601D1FFF7A2FD8F
:10E630002046E5E7202F0020482F002073390020D6
:10E64000024B1868984208BF0020704794110020C0
:10E65000034B1B680BB9FEF749BE0020704700BF93
:10E66000502F002030B570B10B4B5B6898420AD038
:10E67000036843B1D3E90421D0E90445121941EB01
:10E680000501C3E90421D0E9003213605A60002378
:10E69000C0E9003330BD00BF94110020B3F1FF3F4B
:10E6A00008BFB2F1FF3F2DE9F84F044699461546E1
:10E6B0001F467AD08160EFF31188102383F312880C
:10E6C000BFF36F8FB9F1000FDFF8E4A020DBFFF795
:10E6D000BFFFDAE90027013549F100092D1849EBA0
:10E6E000E073C4E90453AD18064643EB07074FF047
:10E6F0000109FFF7A5FFDFF8BCE0DEF804A0034640
:10E70000EBB9C4E900EACAF80040CEF8044028E0BA
:10E71000DAE900126FF001035B1A4FF0FF3161EB91
:10E7200002025B1B62EB0902012B72F10001BCBF0C
:10E7300001230022C0E904324FF00009D9E7D3E9F0
:10E74000041CD4E904208A4270EB0C0B24DA891AE9
:10E750005A686CEB0000C3E90410C4E9003214608D
:10E760005C60FFF76DFF84420ED1134B1B685BB9F1
:10E77000B9F1000F02D1FFF76BFF0646304602F0F9
:10E780004FFB0021FEF740FD88F31188BFF36F8F28
:10E7900028463946BDE8F88F521A60EB0C00534505
:10E7A000C4E90420ADD01B68AAE700252F46EFE797
:10E7B000501A002094110020502F00202DE9F0471E
:10E7C000DFF8A890DFF8A880C9F800000246FFF73C
:10E7D00037FF0D4600260027D8E900134FEAE27EF6
:10E7E00050B1D0E9044CA2427EEB0C0A1BDAA41A09
:10E7F0006CEB0E06C0E9044652184FF0000443EBE0
:10E800000E032046C8E90023C9F8004002F008FBC7
:10E810002146FEF7F9FC85F31188BFF36F8FBDE841
:10E82000F047FFF7DFBE611843EBE473C0E904670C
:10E83000C8E90013FFF716FF01224FF00043C0E9BB
:10E84000042385F31188BFF36F8F83689847EFF334
:10E850001185102383F31288BFF36F8FD9F800203E
:10E86000121BC9F80020FFF7EBFEB5E7502F002080
:10E87000501A002010B5EFF31184102383F312888F
:10E88000BFF36F8FFFF7E4FE054A0346D2E90001AC
:10E89000181841EBE37184F31188BFF36F8F10BD3B
:10E8A000501A0020F8B50446EFF31187102383F3C4
:10E8B0001288BFF36F8FD0E90423B3F1004F08BF74
:10E8C000012A04D087F31188BFF36F8FF8BDD0E918
:10E8D0000A566A1C46F10003022A73F1000334D37E
:10E8E000013D46F1FF36002EBCBF00252E4602F04A
:10E8F000E7FA013041F10001401946EB010101281E
:10E9000071F1000148DB02F0DBFA013041F1000156
:10E910006FF00203401946EB010183426FF00043A0
:10E920008B413EDB02F0CCFA013041F100016FF087
:10E930000102401946EB0103121A4FF0FF3161EB5F
:10E9400003031A492046FFF7A9FE236B0133236313
:10E95000236A63B187F31188BFF36F8F204698470E
:10E96000EFF31187102383F31288BFF36F8F54F8EE
:10E97000185FA542A6D0002DA4D0284602F072F957
:10E980000023C5F8803087F31188BFF36F8F2846C6
:10E99000BDE8F84002F057B96FF001024FF0FF33C5
:10E9A000CFE700224FF00043CBE700BFA5E8000807
:10E9B0002DE9F04105461C4690461F46EFF31186AF
:10E9C000102383F31288BFF36F8FB4F1FF3F08BFAA
:10E9D000B2F1FF3F05D186F31188BFF36F8FBDE819
:10E9E000F081002C09DB012A74F10003BCBF012275
:10E9F000002412F1FF3844F1FF37284602F027FACD
:10EA0000DDE906010023C5E90A012B6342463B46C6
:10EA100028460249FFF742FEDDE700BFA5E80008EF
:10EA200070B50546EFF31184102686F31288BFF304
:10EA30006F8F02F00CFA20B184F31188BFF36F8F4F
:10EA400070BD6B6A63B184F31188BFF36F8F6B6A1B
:10EA500028469847EFF3118486F31288BFF36F8F2F
:10EA600005F1180002F033F90028E5D002F0EBF8C8
:10EA700021460248BDE8704002F03FB974390020D9
:10EA800073B50446EFF31186102383F31288BFF3A6
:10EA90006F8F8368594003EA02050A405340009390
:10EAA00000226B460849019202F086F9DDE9003246
:10EAB00023EA020304F10C00A360314602F01DF9C1
:10EAC000284602B070BD00BFEF0F0108014B43673D
:10EAD000704700BF00120020014800F088BD00BF51
:10EAE0004A2A010838B5064C064DAC4201D3002035
:10EAF00038BDD4E90112204602F0A2FA1434F4E73A
:10EB0000001200201412002007B5074B009307499C
:10EB100007484FF0FF334FF40062FFF7BDF90020C4
:10EB200003B05DF804FB00BF8C1A0108005F0020F1
:10EB3000581A00200CB430B58BB004460D46202284
:10EB4000002102A802F092FA02238DF80A30002D6B
:10EB50000C4B0393069412DB01D06B1E1C440FAACE
:10EB60000E99079402A8019200F074F815B1069B63
:10EB700000221A700BB0BDE8304002B0704700248C
:10EB8000EDE700BFA7110108242AF0B5044601D81B
:10EB9000012A40D1FDF756FA2D4B16221A5001B129
:10EBA0000C600020F0BD2F463D4615F8010B2028D3
:10EBB000F9D0A0F10906042E0346F4D92B282CD055
:10EBC0002D282CD101262B78BD1C302B2DD1287857
:10EBD00040F02000782824D132F0100021D16B7849
:10EBE0002C46102202350020392B82BF03F1FF335F
:10EBF00043F02003263B303B9A421AD9A0FB020483
:10EC00000CB9C01801D346F002062F462C4617F85F
:10EC1000013B3D46E8E70746C6E70026D3E7002666
:10EC2000D3E7002A08BF0822DDE7002A08BF0A222E
:10EC3000D9E701B10C60F20748BF4042B307B1D534
:10EC4000FDF700FA024B22221A504FF0FF30A9E7DD
:10EC50000C0000002DE9F04F8BB0436800938378DF
:10EC60009C078046924640F1F980002508780028EC
:10EC700000F0F68025280AD04B1C0193013541464F
:10EC8000009B98470028C0F2E3800199EEE74E7898
:10EC90008B1C252E0193F1D00027B9463C460A2251
:10ECA0001F2C22D8A6F12003102B20D8DFE803F078
:10ECB000141F1F1A1F1F1F0B1F1F1F121F171F1F9D
:10ECC000090044F00104019B13F8016B0193002E2D
:10ECD000E6D13AE044F0020444F00404F3E744F0DF
:10ECE0000804F0E744F01004EDE77F2C24D8A6F1E7
:10ECF0003003092B08D860064EBF02FB073702FB22
:10ED0000093944F02004DEE72A2E0DD161065AF8B5
:10ED1000043B53D4002BA7BF44F020049946C3F111
:10ED2000000944F02804CEE72E2E05D1630600F139
:10ED3000978044F04004C6E76C2E2ED028D8682E69
:10ED400032D06A2E37D04C2E35D0002F46F020031B
:10ED5000B8BF24F04004A3F16502BCBFA4B20027F1
:10ED6000022A01D9612B2BD10AF1070A2AF0070ADE
:10ED70009C4E0AF1080A0727210760D506EB070B0E
:10ED800034465C455DD1AE1BA219A9EB070959E1D8
:10ED9000742E98D07A2E96D0D7E7260648BF44F432
:10EDA000007444F080048EE7E00548BF44F400742A
:10EDB00044F4807487E744F4207484E71F4682E7B4
:10EDC000A6F16302122A00F2D880DFE812F01300E5
:10EDD0004D00D600D600D600D6004D00D600D60095
:10EDE000D600D600D600E800D100D600D6001A0022
:10EDF000D600A0005AF8043B8DF81030012704AE6D
:10EE0000BAE75AF8046B784B002E08BF1E4614F080
:10EE1000400F14BF39464FF0FF31304602F060F921
:10EE20000746A9E7009B41462020984700280FDBB2
:10EE3000013CA742F6D34D442D1BA1469EE74C460C
:10EE4000F7E714F8010B009B41469847002898DA31
:10EE500098F8023043F0040388F802304FF0FF3591
:10EE600028460BB0BDE8F08F220630D5A3052AD581
:10EE70000AF1070A2AF007039A4659685AF8080B5C
:10EE800024F0100B00291FFA8BFB2FDA404261EBB4
:10EE900041014BF4806B04AC0A23224602F02CF9AA
:10EEA0001BF0400FA0EB040200F08E802BF0010459
:10EEB0009742A4B240F38F80002E40F08E802BF05A
:10EEC0001104A4B21DE05AF8040BC117D8E7E005FD
:10EED0005AF8041B01D40846F7E7A2054BBF48B215
:10EEE00008B241F3C01141F3C031C9E750EA010350
:10EEF000D1D16306CFD5002FCDD124F01104A4B217
:10EF00003A463B4640F206410C4262D124E024F0EE
:10EF10001004A4B20A2314F0800243D014F4007148
:10EF20001FBF0AF1070A2AF007029246516814BF70
:10EF30005AF8080B5AF8040B50EA01023ED124F0AB
:10EF4000160B62061FFA8BFB3CD5002F3AD124F03A
:10EF50001704A4B23A463B4621075AD4E10705D527
:10EF6000994572DDA9EB03039F184B469B464AE087
:10EF700044F0100410237826CDE7782B04D1C6F195
:10EF8000780343F01003C6E7009B414625209847CD
:10EF90000028FFF65DAF02354146304670E6082393
:10EFA0000026B8E714F480715AF8040BC4D014F4A6
:10EFB00000711ABFC0B2114680B2BDE724F006044A
:10EFC0001FFA84FB04AC68E713465C46E10699D55A
:10EFD0002EB90133C0E71346F8E73B46F6E70233A4
:10EFE000BAE700BF822A01087B2A0108CDE9023274
:10EFF0004146009B202098470028FFF629AFDDE915
:10F0000002320BF1010BD945F0DCEB1A03EB0B05D7
:10F010005B46E10627D5CDE902324146009B302010
:10F0200098470028FFF614AFDDE902327EB90135BA
:10F030002F44791B8A4229DB144604AE9CBB2A4428
:10F04000A9EB03091546914442E017468EE7CDE946
:10F050000232023541463046009B98470028DDE9E0
:10F060000232E5DAF4E640F206410C42E0D014F058
:10F07000020F14BF2B20202014F4806FCDE9023240
:10F0800005F10105414618BF2D20E5E7CDE9023223
:10F090004146009B302098470028DDE9023205F107
:10F0A0000105C6DAD4E6013CCDE90232305D009BB1
:10F0B000414698470028DDE90232BFDAC8E6009BE6
:10F0C000414620209847002805F10105FFF6C0AE13
:10F0D000A9EB0503002BF2DCD7E500BFF0B589B042
:10F0E00004460D4616460021202268461F4601F0C0
:10F0F000BDFF02238DF80230002D0A4B01930494CA
:10F100000EDB01D06B1E1C443A463146684605941E
:10F11000FFF7A0FD15B1049B00221A7009B0F0BDE5
:10F120000024F1E7A7110108704708B501F0C8FEF7
:10F130000A220023F9F7EEF808BD08B5F9F7C0FA7E
:10F14000831C08BF6FF0850008BD7047BFF35B8F5D
:10F1500050E8003F40E80012002AF9D1BFF35B8F6E
:10F16000704708B501F0ACFE0A220023F9F7D2F887
:10F1700008BD07B501228DF807100DF10701FBF757
:10F180001DF803B05DF804FBFAF7E6B8BFF35B8F38
:10F190000068BFF35B8F704708B501F091FE0A224B
:10F1A0000023F9F7B7F808BD08B5FFF7F5FF08BD6C
:10F1B000BFF35B8F50E8003F40E80012002AF9D10E
:10F1C000BFF35B8F704773B5044601A80D46FAF78D
:10F1D00031FC01990023994202D16FF015000EE035
:10F1E000024652F80C6BA6420BD1031D2B604068FF
:10F1F00001F038FC002814BF00206FF0120002B0AC
:10F2000070BD01331046E6E737B56946FFF7DBFF0F
:10F2100088B9009B18681C790569836801A95B6837
:10F22000984740B92B68019858400123A3401840E3
:10F23000003818BF012003B030BD13B50C4601A93A
:10F24000FFF7C1FFC0B9019B18681A79012303FABF
:10F2500002F103691B68003C03EA010318BF0124A3
:10F26000003B18BF01239C42836814BFDB681B6905
:10F2700002B0BDE81040184702B010BDFAF786BAD8
:10F280002DE9F04F0546C5B0002867D06422002163
:10F290000DF10C0901F0EAFE49460220FCF750FA94
:10F2A000044660B904AFD9F800003946FAF72EFCDD
:10F2B000D9F800A0044630B1504600F0E6FD2046E3
:10F2C00045B0BDE8F08FBB6801930646BAF1000F68
:10F2D0003ED08046019B434522D8D9F8000000F07B
:10F2E000D4FD002CEBD13F220CA9681C01F0E5FEF7
:10F2F0000F2208A905F1410001F0DFFEBB686B6534
:10F30000FB683A6EAB65B342EA6508BF01237A6ECB
:10F310002A6618BF00232B7018BF6FF04C04CEE78D
:10F32000019BA3EB080BBBF1800F28BF4FF0800BB4
:10F330005B4624AA08F18001504600F0A7FD50B9B1
:10F3400030465A4624A9FDF745F8D8440646C1E799
:10F350006FF01504C1E704460026BEE76FF0150400
:10F36000ADE770B50546A2B020B31822002101F028
:10F370007DFE01A90220FCF7E3F90446B8B9019823
:10F3800002A9FAF7C3FB0446019800F07EFD74B9A8
:10F390001B9BDB0711D51CAE2B46324603CA5960B6
:10F3A00022A98A421860164603F10803F5D12046C7
:10F3B00022B070BD6FF01504F9E76FF08504F6E731
:10F3C0002DE9F0430746A3B091461E46884651B347
:10F3D0004BB30023336001A90220FCF7B1F90446C6
:10F3E00040B9019802A9FAF791FB044601982CB1A3
:10F3F00000F04BFD204623B0BDE8F083049DBD42E4
:10F40000F6D9ED1B4D4528BF4D462B46424607F128
:10F41000800100F03BFD0446019800F036FD002C11
:10F42000E8D13560E6E76FF01504E3E700207047A8
:10F430000020704783689B6A03B11847704710B576
:10F440000C46206883685B6C3BB9206883685B6B03
:10F450003BB92046FAF70AFDF3E798470028F4D1B4
:10F4600010BD98470028F4D1FAE70846FAF7FEBC29
:10F4700000EBC100408840087047F8B50346FFF72D
:10F48000F7FFB0FA80F0C0F11F0003EB800CCA0058
:10F49000DCF81060171D0C4606328DB256B90121FA
:10F4A00001FA00F0D9680143D960CCF81040DD536F
:10F4B0009D52F8BDF1000431585AD85303EBC000F7
:10F4C0009E52C5805D52F4E7043A2DE9F843CC1D05
:10F4D000114424F0070421F00706A6EB04084FEAC4
:10F4E000D807B7FA87F2C2F12405AD004FF0000942
:10F4F0000735C2F12002ED0804604946A760C4F850
:10F500000C90920004F1100001F0B0FDAAB253007B
:10F5100043F0010363807B1B9BB204EBC5015800E1
:10F52000A4F80090488024F83520A6F8029024F82A
:10F53000083004EBC70329465A8842F001025A807A
:10F540002046BDE8F843FFF798BF2DE9F04706468F
:10F550000D46174698462BB398F8004093F8019053
:10F56000DB78A40004EB430498F802301C444444C4
:10F570004FF0000ACA4509D3D8F8042008F108035F
:10F5800039463046AC46BDE8F047604714F8013BC9
:10F5900048F823402046F8F7E1FE013004440AF120
:10F5A000010AE7E76FF01500BDE8F08730B50246C5
:10F5B0000024002012F8013B43B178B18C4207D1FE
:10F5C000702B04D0A3F140053A2D07D8002030BDA0
:10F5D000A3F140053A2D01D80134EAE7252B08BFF5
:10F5E00080F00100E6E70020704700F025BB0FB473
:10F5F00007B504A951F8040B019100F01DFB03B0FD
:10F600005DF804EB04B0704710B50369024613F0CF
:10F61000080009D11368D4689C4297BF126AE31AA4
:10F62000D31A01200B6010BD00231846FAE713B56A
:10F6300001A90446FFF7E8FF20B1019BE268013B06
:10F6400013440193206A019BC01A013802B010BD17
:10F6500010B5044650182269236AD20702D5013B2F
:10F66000184010BD984228BFC01AFAE710B50446EA
:10F670000A46C168FFF7ECFF2369E06023F0080346
:10F68000236110BD38B50D46C2698B00016843F097
:10F69000020342F82130044601682A46FFF7D8FFEA
:10F6A000E36861682060984202BF236943F0080361
:10F6B00023612A462046FFF7CBFF606038BD2DE965
:10F6C000F74FD0F80CB0C669009216F82B2002F064
:10F6D0000302022A08BF56F82B209A4606EB8B033A
:10F6E0000F4601934FF00001009B0CBFC2F39D0930
:10F6F000894619600446CAF80010B9F1000F07D016
:10F700004946FFF7B3FFE368A3604FF0010804E048
:10F7100001698A0705D44FF00008404603B0BDE8F0
:10F72000F08F816906EB8B00884716F82B1011F0DB
:10F7300001080546EFD08B071DD51FB1394620467D
:10F74000FFF7A0FF61682A462046FFF781FFD4E952
:10F7500002138B42606007D12A462046FFF778FFEC
:10F760004FF000080146A0602369216043F00803C0
:10F77000E1602361D1E701462046FFF777FFE168AA
:10F78000A1601FB12068E16941F82090EA19CAF828
:10F79000002021682046FFF75BFF2269206042F0CD
:10F7A0000802226116F82B2022F0010206F82B2015
:10F7B000DDE900321A60A8E770B504461546FFF788
:10F7C00047FF2368834205D12369216023F00803A2
:10F7D000236170BDE269AB0043F0020342F82130BF
:10F7E000204661682A46FFF733FF6060F1E738B5CD
:10F7F00003695B07044606D5456AFFF718FF854293
:10F800002CBF6562606238BD38B50D4604461C22C7
:10F81000002101F02BFCEB68A361AB6863612B68EE
:10F82000E3616B682362002262622A6923B1591E78
:10F83000194208BF42F001022261012204F12800AE
:10F840000021BDE8384001F07AB92DE9F04F984623
:10F85000036A87B000258B4204460E469346039503
:10F860000595AA4638D3EFF31189102383F3128844
:10F87000BFF36F8F059A2AB129462046FFF79CFFF8
:10F880000023059304A92046FFF7BEFE0499B14268
:10F8900007462AD32268E36913F8221021F00301F6
:10F8A00003F8221003EB820A216832462046FFF754
:10F8B000CFFEE3682060984212D0002789F31188B8
:10F8C000BFF36F8F039929B162690AB1204690474F
:10F8D00000230393002FC6D1504607B0BDE8F08F38
:10F8E000236943F008032361E7E718B12046FFF7D7
:10F8F000C9FEE3E75BEA08031CD0019101F060F95F
:10F900000199B8B9B9F1000F14D189F31188BFF387
:10F910006F8F5A46434604F12800FEF757F9EFF37C
:10F920001189102383F31288BFF36F8FB0FA80F729
:10F930007F09C3E705AB03AA20462568FFF7BFFE92
:10F940000746BBE770B50446836908460D469847ED
:10F950000246EFF31186102383F31288BFF36F8FF3
:10F960002B7843F001032B7061682046FFF770FE8F
:10F9700060602046FFF73BFF86F31188BFF36F8F6F
:10F9800070BD2DE9F843044600271026EFF31185DA
:10F9900086F31288BFF36F8F2369A268190702D418
:10F9A0006368934200D2236A9B1A002B42D0E0691D
:10F9B00010F8221011F0030300EB82093AD0022B59
:10F9C00004D150F822305FEA930805D1CB0720D448
:10F9D000A369484698478046A16842462046FFF7FB
:10F9E00037FE0127A06041462046FFF73FFE3B4619
:10F9F00085F31188BFF36F8F002BC7D137B1B9F1F1
:10FA0000000F03D104F12800FEF7ACF84846BDE82A
:10FA1000F88341F0020100F822104846A369D4F8A7
:10FA200008809847414602462046FFF711FE002312
:10FA3000A060DDE79946DBE7F8B504468369084630
:10FA40000D4698470646EFF31187102383F312887B
:10FA5000BFF36F8F2B7823F001032B7023699B0773
:10FA600005D5E268E36903EB82039D421AD12B7846
:10FA700023F002032B70D4E90231994204D13246BB
:10FA80002046FFF7E5FDA06031462046FFF7EEFD7A
:10FA900087F31188BFF36F8F04F12800BDE8F840A9
:10FAA000FEF760B82B6860F39F032B60F0E7EFF37D
:10FAB0001181102383F31288BFF36F8F026983686B
:10FAC000120702D442689A4200D2026AD31A81F322
:10FAD0001188BFF36F8F181E18BF01207047704741
:10FAE000F0B51E4643685C68012067688840C2F331
:10FAF000801327EA00078B403B43636090FAA0F72E
:10FB0000B7FA87F7D4F808C04FF0030E7F000EFA5B
:10FB100007F72CEA070C90FAA0F7B7FA87F7C2F3B9
:10FB2000C1137F00BB4043EA0C03A36090FAA0F32B
:10FB3000B3FA83F3E7685B000EFA03F327EA0307DF
:10FB400090FAA0F3B3FA83F302F030055B00C2F33E
:10FB500041229A403A43202DE26016D107292CD841
:10FB600090FAA0F3226A33B3B3FA83F39B000F2118
:10FB700001FA03F322EA030290FAA0F3B3FA83F343
:10FB80009B0006FA03F31343236290FAA0F3B3FA3F
:10FB900083F3226890FAA0F003215B00B0FA80F0B2
:10FBA00001FA03F340002D0922EA030385401D43B7
:10FBB00025600020F0BD2B46D8E7030A616A93FA5E
:10FBC000A3F282B1B2FA82F292000F2793FAA3F362
:10FBD000B3FA83F307FA02F29B0021EA02029E4085
:10FBE00016436662D1E72A46EEE703785B075FBFFC
:10FBF00003684288C3F34A2303EB12105DBF17303A
:10FC000020F007008008002070470020704703465E
:10FC1000BFF35B8F53E8000F421C43E8002100292B
:10FC2000F8D1BFF35B8F704708B501F049F90A229C
:10FC30000023F8F76FFB08BD1FB50023CDE90201D3
:10FC4000CDE900331A4619461846FBF7E3FA05B02A
:10FC50005DF804FB0120FBF795B80020704743686E
:10FC6000DA7143681960436801225A71FBF77CB866
:10FC700070B515460C4669B1D2E901369B1B994215
:10FC80000AD813680A460146981901F0E1F9AB68F1
:10FC90002344AB60204670BD6FF01B00FBE770B5DE
:10FCA0000E4615461946044618B9BDE87040FBF7E4
:10FCB00069B833B1C2F34A231030120D184401F071
:10FCC000C7F9C4E900562046BDE87040FBF702BA08
:10FCD0002DE9F3415F1C4FEA8708064608F117003B
:10FCE00020F0070080080C461546FBF7CDF80023EE
:10FCF000ADF805308DF807308DF8047068B1034613
:10FD0000019A43F8102FA8F104012A46294452F819
:10FD1000045B43F8045F8A42F9D1A20102F4E07265
:10FD200042EA482222F07F4222F47002002322F0AD
:10FD30003F02314602B0BDE8F041FFF7B0BF07B562
:10FD40000123019201AAFFF7C3FF03B05DF804FB92
:10FD500007B5CDE9002302236A46FFF7B9FF03B0D8
:10FD60005DF804FB1FB5CDE90123069B039301AAAF
:10FD70000323FFF7ADFF05B05DF804FBF8B50646B9
:10FD80000D4614461F4604B9F8BD214628463A469A
:10FD9000B047241A0544F6E710B542688168044666
:10FDA000D2E900230068FFF7E9FF636800221A60C8
:10FDB00010BD38B54B681A68CB689A4205460C46A8
:10FDC00002D10846FFF7E8FF6368BFF35B8F53E893
:10FDD000002F511C43E800100028F8D1BFF35B8FBF
:10FDE000A3689D54002038BD0A2838B504460D4646
:10FDF00002D10D20FFF7DDFF29462046FFF7D9FF8E
:10FE0000002038BD2DE9F043054689B008460E882C
:10FE100091F80090D1F808800C461746FBF74CFA91
:10FE2000011EC6F38216C9F3C2091FDB4846FBF761
:10FE300063F903462146608851F8102B0296C2F3FD
:10FE40004A22002A01EB0204C0F30B1008BF002174
:10FE50000022CDE90507CDE90314CDE90022414692
:10FE60002846FBF755FA09B0BDE8F0830023E1E727
:10FE7000002908DB8068884205D9401A904234BFC7
:10FE800000200120704700207047704770B516466B
:10FE90001A4605460C46FFF7EBFF48B16968E8686B
:10FEA0002144826814683246A446BDE87040604729
:10FEB0006FF0150070BD70B516461A4605460C4623
:10FEC000FFF7D6FF48B16968E86821448268546842
:10FED0003246A446BDE8704060476FF0150070BD23
:10FEE00010B50B460446FFF7C3FF30B16168E06808
:10FEF0001944BDE8104000F00AB86FF0150010BDBD
:10FF000008B5C0688368DB689847006808BD2DE9BC
:10FF1000F0418768FB6804460D4616469847BB6863
:10FF20002BB1324629462046BDE8F04118476FF014
:10FF30005700BDE8F08101F099B801F089B8014699
:10FF40000068FBF74BBC08B5FBF7A4FCBDE8084014
:10FF5000FCF704B80A460121FFF7F1BE0021012099
:10FF6000FBF73CBC08B5FBF795FFFBF70FFCFBF775
:10FF700019FCFCF749F8FDF7C3FC6FF085007047EA
:10FF800061B662B680F31188BFF36F8F704772B6A7
:10FF9000002383F31188BFF36F8FBFF34F8F30BF00
:10FFA00062B6BFF36F8F7047202809D9B0F1004FB8
:10FFB00008D80138B0FA80F0C0F11F004000704747
:10FFC000082070473E20704708B5D1E904319847B2
:10FFD000002008BD08B5FCF7D7F9002008BD08B51A
:10FFE000062201210020FCF767FA002211460620B4
:10FFF000FBF738FF012108460722FCF75DFA0022D3
:020000040801F1
:1000000011460720FBF72EFF082201210220FCF7F2
:1000100053FA002211460820FBF724FF0922012190
:100020000320FCF749FA002211460920FBF71AFFCA
:100030000A2201210420FCF73FFA002211460A207F
:10004000FBF710FF052108461622FCF735FA0022BF
:1000500011461620FBF706FF292206210A20FCF78D
:100060002BFA002211462920FBF7FCFE002008BDD8
:1000700001F01F0101208840704700F003020432A4
:1000800092000F23934043EA900010B500F0030361
:100090009B0003F1804303F58033020C9C6892FAC5
:1000A000A2F2B2FA82F202F00F0224EA104091406A
:1000B0000143996010BD0B88C3F30B0303F6B872BC
:1000C000C2F30B021C2A82B010D803F1B043486877
:1000D0001A6802431A600B88C3F30B0303F1B043A1
:1000E00000201B680193019B02B070476FF08500F0
:1000F000FAE70B88C3F30B0303F6B872C2F30B02E3
:100100001C2A9FBF03F1B04349681A688A439ABF0B
:1001100000201A606FF08500704701380A2809D85E
:1001200040F2E363C34013F0010F0CBF6FF0850092
:10013000002070476FF08500704770B508884A68E6
:10014000C0F30B0094B2C2F30445FFF7E6FF90B989
:10015000FF2A0FD0C2F3415604F1B0440136012307
:10016000B3402168013BAB40120E21EA0303AA40D1
:100170001343236070BD6FF08500FBE70888C0F370
:100180000B0008B500F6B873C3F30B031C2B08D89B
:1001900000F1B0404B68026893430CBF022001207D
:1001A00008BDFFF7BAFF00280CBF02200120F7E7C7
:1001B00070477047F7B51C461646002382682360D7
:1001C000A36053690D4601AA69469847019B5A1ED0
:1001D00001921BB96FF0150003B0F0BD0098A26842
:1001E00047682168676085B9B31AD0F800C06345D5
:1001F00028BF63461A4403FB07112160A26002680E
:100200009A4206D808300090E0E76B1AB3FBF7F388
:10021000EBE70020E0E713460022FFF7CBBF4FF0EB
:10022000FF324FF0FF330430FDF7D0BC7FB50646F8
:100230000D4614461BB141EA02035B0710D101AA27
:1002400029463046FFF7E7FF50B9013C01AA611982
:100250003046FFF7E0FFB0FA80F0400904B070BD0F
:100260000020FBE770B51C461646002322460D46CB
:10027000FFF7DCFF30B921462846FCF74FFB6FF053
:10028000150070BD2CB1224605F10061304600F02A
:10029000DFFE0020F5E70020704708B50069043054
:1002A0000122114600F04BFCFFF7F5FF00EAE07079
:1002B00008BD70B5044600690D461646FFF7AFFF4E
:1002C00000212046FCF772FB98B9294632462046A9
:1002D00000F012F8054601212046FCF767FB002DCF
:1002E00014BF2E46064620690430FDF73BFC30461D
:1002F00070BD6FF00405EEE7F8B5551E0D440646D7
:10030000CF12ED120020BD4200D2F8BD33691C6847
:100310006369002B48DB3046FCF712FB0028F4DB56
:1003200023685A050FD5236823F48063236023686C
:1003300043F480532360236823F4805323602368AD
:1003400043F48063236023689B050FD5236823F45F
:1003500000732360236843F400632360236823F45D
:1003600000632360236843F400732360636943F0F0
:1003700002036361636923F47E7363616269FB0056
:1003800003F47E7313436361636943F480336361F1
:1003900030466369FCF7D4FA6369002823F002034E
:1003A0006361B2DB0137AEE76FF00400ADE743688D
:1003B0005B681B690B600020704743685B68586985
:1003C00042400A4042405A610020704743685B68DF
:1003D00000209961704743685B680020996270470C
:1003E00043685B685A69514059610020704730B5D5
:1003F0000369986800B30024884219D108688CB951
:10040000DC689860A14200D1D860002008602AB161
:100410009A680A60DA68996002B9D96000200FE032
:100420002846E9E72060D868814208BFDC60ECE735
:1004300005680446002DF3D1002AE9D16FF01500BC
:1004400030BD12F4003CF8B50C46134641D0960777
:1004500038D555075BD55022D90635D542F4007200
:1004600003F4C061B1F5806F43D0B1F5C06F3DD0EA
:10047000B1F5007F40D013F44036056912D06F68A3
:1004800027FA04F1C9075FBF0121A1403943696020
:10049000BCF1000F06D01F0331D541680123496824
:1004A000A3408B6100232146FFF71AFB46B96B6816
:1004B00023FA04F2D20741BF0122A24093436B60AA
:1004C0000020F8BD1022C7E79F06C9D542F480621C
:1004D000C6E7D60305D5D50605D4C2F3401292026D
:1004E000BEE73022BCE74FF40072B9E742F4C072B5
:1004F000C1E742F48072BEE742F08002BBE75903D5
:10050000D0D5416801234968A3408B62CAE76FF0E8
:100510008500D6E770B50B690E469968054609B1A6
:100520000C6801B970BD8A682A4002D04B68304619
:1005300098471CB1236821461C46F2E72346FAE798
:1005400030B5036813600579046804EBC504A34261
:1005500002D36FF0010030BD5C798C4203F10803D7
:10056000F0D10020F7E72DE9F84F044600EBC10871
:1005700000254FF00109444502D10020BDE8F88F65
:10058000D4F800B01BF0100F20D1656845F02005AD
:10059000CBF34420FAF7A4FA074608B3CBF343168B
:1005A0000BF01F0A53462A463146FFF799FA0028F6
:1005B000E4DBBAF1110F07D17B685B6809FA06F634
:1005C0002A054CBF9E619E620834D4E70BF01F03DE
:1005D000102B03D0112BDBD16568D9E73025D7E785
:1005E0006FF01200CAE74368C1F34B101B6801F0BB
:1005F0001F01C05801238B400340003B18BF01235B
:1006000013700020704710B54368C1F34B101A688F
:1006100001F01F01845801238B40234383500020A5
:1006200010BD10B54368C1F34B14186801F01F01E9
:10063000235801228A4023EA02032350002010BDE0
:1006400038B504460D46FFF7DEFF29462046FFF782
:10065000E8FF002038BDB0F5805F07D0B0F1805FC3
:1006600009D100290CBF02200120704700290CBFCE
:1006700004200320704700290CBF0320022070478C
:1006800043681B68D869DA69C0F3C00002F0010250
:1006900040EA4200DA699207DA6948BF40F0040094
:1006A0005107DA6948BF40F02000D20542BF4FF43D
:1006B000807240F008001A62C10744BF08221A6223
:1006C000820744BF01221A62410744BF02221A6214
:1006D000820644BF04221A62704743681A6852E8CF
:1006E000003F43F0400342E800310029F7D1704752
:1006F00043681A6852E8003F23F0400342E80031A3
:100700000029F7D1704743681A6852E8003F43F068
:10071000200342E800310029F7D1704743681A6886
:1007200052E8003F23F0200342E800310029F7D1CE
:10073000704743681B68D869C0F3401070470120B8
:1007400070470369C3E901127047026953680BB12E
:1007500091681847704708B5002224201146FBF71E
:1007600081FBBDE808402420FBF76EBB08B50022E2
:1007700025201146FBF776FBBDE808402520FBF756
:1007800063BB43681B68D869C0F380107047436837
:100790001B68D86910F080001CBF1868C0F3801077
:1007A000704710B50269126812680A6042681268E0
:1007B000126802F4C062B2F5806F04460B4633D073
:1007C000A2F5C060424242411A71626812685268E2
:1007D00002F44052B2F5805F28D0B2F5405F27D0D6
:1007E000002A0CBF012203225A7162681268106845
:1007F000116800F0102001F4C061FFF72CFF987120
:1008000062681268926802F44072A2F540714A422E
:100810004A41DA7161680968896811F4804F18BF2C
:100820000322DA71002010BD0222CDE70022DBE7AF
:100830000222D9E738B543681B680C461868196866
:1008400000F0102001F4C061FFF705FF04281AD062
:10085000D86910F0800015D0EFF31181102080F3DB
:100860001288BFF36F8F0020151A002D06DDDD6999
:100870002D0603D5255C9D620130F5E781F31188D3
:10088000BFF36F8F38BD6FF08500FBE710B543688D
:100890001B681020DA691206FCD5EFF3118280F391
:1008A0001288BFF36F8FDC69240604D482F31188A9
:1008B000BFF36F8FEEE7996282F31188BFF36F8FFA
:1008C00010BD43681B68DA69910602D51A68920662
:1008D00007D4D86910F0400004D01868C0F3801025
:1008E00070470120704738B543681B680C4618688C
:1008F000196800F0102001F4C061FFF7ACFE042875
:1009000010D000200821151A002D0DDDDD69AD067F
:100910000AD55D6A2554DD692D0700F10100F2D585
:100920001962F0E76FF0850038BD43681B68DA692B
:10093000100744BF08221A62DA69920643BF5B6A55
:100940000B7000204FF0FF3070474FF0E02213692A
:1009500023F00103136170470369C26893429CBF8F
:1009600081685B18013B981A70472DE9F041D0E986
:1009700002840546A8EB04064068964220440F46D0
:10098000144404D900F064FBEC60BDE8F081324609
:10099000A4EB080400F05CFB68682246B919F1E793
:1009A0002DE9F843C5680646894617464FF000080A
:1009B0003369B46870689D4228BF1B19641BBC4230
:1009C00003F1FF3328BF3C465B1B9C4228BF1C46FB
:1009D00049462844224600F03BFBB3682544AB421D
:1009E00008BF00253F1BA044A144F560E0D140466C
:1009F000BDE8F88308B5FCF737FE002008BDEFF32B
:100A00001180102383F31288BFF36F8F704780F338
:100A10001188BFF36F8F704738B5044648B1FCF7B3
:100A200083FC302305465C43FCF77EFC431BA3425A
:100A3000FAD338BD10B5436904463BB90020E268DB
:100A4000537843F001035370404210BD984700288B
:100A5000F4D00028B8BF4042E368FF28A8BFFF20B9
:100A60001870ECE740B1C368587810F001001EBF61
:100A70001878B0FA80F040097047EFF31183102323
:100A800083F31288BFF36F8FFEE708B51024EFF3EE
:100A9000118384F31288BFF36F8FFFF778FAF6E7BC
:100AA000D0E9003213605A60027C002322F0020277
:100AB000C0E9003302748360704713B501240094C9
:100AC000FCF786FF02B010BDF8B50546EFF31186BE
:100AD000102383F31288BFF36F8F0468A0421AD0EB
:100AE000CCB12046FFF7DCFF04F1180000F0AFF9AD
:100AF0006FF02207C4F88070204600F0A4F82C683C
:100B0000A54215D0A4B12046FFF7CAFF04F1180092
:100B100000F09DF9EEE7002300222A62EA69AA614B
:100B200043B1314605F10800BDE8F84000F0E5B8F2
:100B30000123F1E786F31188BFF36F8FF8BD3AB157
:100B40008A4205D3C0E90212C0E9000000207047C4
:100B50006FF015007047026801238B4022EA0303FF
:100B6000036022FA01F000F00100704720B100227A
:100B70001146943000F0FDB8704713B50190084657
:100B8000EFF31184102383F31288BFF36F8F01A951
:100B9000FDF72AF984F31188BFF36F8F02B010BDFF
:100BA00010B5FFF7EAFF041E08DDEFF311801023F4
:100BB00083F31288BFF36F8FFDF734FB204610BD1F
:100BC000EFF30580003818BF012070476FF0570021
:100BD000704700207047D0E9003213605A6000234C
:100BE000C0E90033704708B5FFF7F5FF037C23F039
:100BF000020303740023836008BD38B504460D4624
:100C0000FDF76CFA237C43F002032374D5B1A56091
:100C10002B689D4209D16B68C4E900531C606C606D
:100C200010E06A689A42F6D01B68002BF3D093F963
:100C30000E1094F90E209142F3DD5A68C4E9003297
:100C400014605C6038BD10B5EFF31184102383F39A
:100C50001288BFF36F8FFDF701FA84F31188BFF399
:100C60006F8F10BD08B5EFF31181102282F3128847
:100C7000BFF36F8F83680BB1FFF7B5FF81F3118866
:100C8000BFF36F8F08BD08B5037C13F0280F014632
:100C90000CD183680BB1FFF7A6FF0B7C23F0040394
:100CA0000B740846BDE80840FDF7D8B908BD10B57B
:100CB000EFF31184102383F31288BFF36F8F18387A
:100CC000FFF7E1FF84F31188BFF36F8F10BD08B504
:100CD0000346EFF31181102282F31288BFF36F8F66
:100CE0000068834207D008B1FFF77DFF81F31188C8
:100CF000BFF36F8F08BD0020F8E70846FDF726BA5E
:100D000038B505460C46FDF729FBB4F1FF3F08BF97
:100D1000B5F1FF3F0AD0C11709304FF00A024FF07A
:100D2000000341F10001F7F7F5FA38BD4FF0FF304D
:100D3000FBE738B50446EFF31185102383F31288DF
:100D4000BFF36F8F037C5B070ED5183000F07FF880
:100D5000237C23F0040320462374FDF77FF9284603
:100D6000BDE83840FDF7F2B985F31188BFF36F8F06
:100D700038BD38B5EFF31185102383F31288BFF324
:100D80006F8F0468A04213D0A4B1C4F880106261D0
:100D90002046FFF728FF04F1180000F058F820461D
:100DA000FDF75CF9012085F31188BFF36F8F38BD23
:100DB0000020F8E72046F6E72DE9F04706460F4603
:100DC00091469A46EFF31188102383F31288BFF3FC
:100DD0006F8F0068864206D028B17368984214BFAE
:100DE0000568002568B90024B9F1000F02D051460A
:100DF0002046C84788F31188BFF36F8F2046BDE8AF
:100E0000F0875146B84704460028EDD135B17368E4
:100E1000AB4200D02C6828462546E3E72C46FAE78B
:100E200008B50246FDF70CFC70B1D0E904319B1AFD
:100E300061EBE272B3F1004F72F1000104DA002AB3
:100E4000ACBF1846002008BD6FF00040FBE738B586
:100E50000246EFF31185102383F31288BFF36F8FDF
:100E60000368D3B1FDF7ECFB04461046FDF7FAFB2F
:100E700000224FF000438442C0E9042305D0002043
:100E800085F31188BFF36F8F38BDFDF7E1FBFFF7E6
:100E9000C7FF0021FCF7B8F9F1E7D0E90413B3F17B
:100EA000004F08BF012904D100204FF00041C2E9E2
:100EB00004016FF01500E3E708B5FDF7DBFC08BDA2
:100EC000FDF7D8BCB3F1FF3F08BFB2F1FF3F70B5EB
:100ED00006461D46144614D01A4316D0002B08DBD4
:100EE000FDF7C8FC041941EB0501C6E90041304695
:100EF00070BD6FF001031C1B4FF0FF3363EB050166
:100F0000F3E74FF0FF342146EFE70024FBE7B3F1AE
:100F1000FF3F08BFB2F1FF3FF8B5074616461C4633
:100F200010D054EA020311D0FDF7A4FCB0420A46E7
:100F3000A14103460AD2F31A64EB0204C7E9003464
:100F40003846F8BD4FF0FF331C46F7E70023FBE7B8
:100F50000023C0E9081200F11802C0E90622C0E926
:100F600000330363436370472DE9F3470446DDE92B
:100F70000A9815460E4659B302F0010AFDF72AFAFF
:100F80000746EFF31181102383F31288BFF36F8FAD
:100F9000A80744BF0023A360A36803EA0600BAF1D0
:100FA000000F0CD086420CD16A0744BF8343A36074
:100FB00081F31188BFF36F8F02B0BDE8F08700287E
:100FC000F2D159EA080305D181F31188BFF36F8F7D
:100FD0000020F1E7C7E918652246CDE9009804F141
:100FE0000C00FDF7FDF80028F2D1386EE4E710B5EB
:100FF0000446D0E918020B6812F0010F03EA00035F
:1010000001D0984210D17BB12366520742BF4A6893
:101010001A434A6004F11800FFF719FF0023C4F8CF
:1010200080302046FFF72FFE002010BD0A46FDF756
:1010300027BD0A460021FDF723BD5200FFF794BFEC
:1010400010B400F10C04C0E9034410BCFEF73CBA34
:101050000A44914200F1FF3300D1704710B511F8F6
:10106000014B03F8014F9142F9D110BD02440346F0
:10107000934200D1704703F8011BF9E7C9B2034658
:10108000184613F8012B12B18A42F9D17047002992
:1010900018BF0020704710B56AB10139841810F8E4
:1010A000012B11F8013F9A4203D1A04201D0002A3E
:1010B000F5D1D01A10BD1046FCE710B50139034632
:1010C00032B111F8014F03F8014B013A002CF7D16E
:1010D0001A440021934200D110BD03F8011BF9E727
:1010E00010B5024601448A42134603D01C780132EF
:1010F000002CF8D1181A10BDF0B5C3F1370704461B
:10110000FFB203F01F031046082BE6B233D0102BBA
:101110003ED06508A40844EA817445EAC1752D19DA
:101120004FEA910242EB5102290941EA02716D181E
:1011300042EB1212290A41EA02616D1842EB1222B7
:10114000290C41EA02416D1842EB1242AD1842F1FE
:101150000002EC0844EA4274D10804EB8402A6EBD6
:101160004205EDB2092D0CD90134A5F10A0541F172
:101170000001EDB212E0E40844EA417406F007050C
:10118000C908303554EA010200F8015BBCD1F0BD5A
:10119000240944EA017406F00F050909092D84BFEA
:1011A000ED19EDB2EDE7D1E9043293421EBF5A1CAE
:1011B0000A61187070470000B471FF7F01000000E1
:1011C000000000006012010895AA0008000000005D
:1011D000F509010800000000E5EA00080000000031
:1011E000000000007C12010800000000EC12010861
:1011F00000000000D01201080000000008130108E0
:10120000000000009812010800000000B41201085C
:10121000DFFF0008000000009DC80008000000007B
:101220000000000024130108000000004013010822
:1012300079D100080000000045AC00080000000063
:10124000B1C300080000000009EB00080000000026
:10125000000000005C13010831F4000800000000E9
:1012600081270108000000009C150108BA11002028
:1012700000000000EDC60008000000007228010810
:10128000341901088C150108BE110020000000006F
:101290000000000000000000882101084C17010830
:1012A00068150108B0110020EC2D0020C1AA00082B
:1012B0000000000096210108601701086815010868
:1012C000B2110020FC2D0020C1AA0008000000007F
:1012D000A42101087417010868150108B411002041
:1012E0000C2E0020C1AA000800000000B221010855
:1012F0008817010868150108B61100201C2E00206F
:10130000C1AA0008000000005827010800000000E2
:1013100000000000B81100200000000011C4000807
:10132000000000002529010838190108B815010836
:10133000C01100206411002091CE000800000000C0
:10134000352901088C190108B8150108C2110020BF
:101350007811002091CE000800000000222801082A
:101360000000000050150108BC11002050110020A1
:101370009B02010800000000000000005DFF000863
:10138000000000005DFF0008000000005DFF000895
:10139000000000005DFF0008000000005DFF000885
:1013A000000000005DFF0008D32A0108D1C4000836
:1013B000D12A0108D1C40008CF2A0108D1C40008ED
:1013C000CD2A0108D1C40008CB2A0108D1C40008E5
:1013D000000000005DFF0008000000005DFF000845
:1013E000000000005DFF0008000000005DFF000835
:1013F000000000005DFF0008000000005DFF000825
:10140000000000005DFF0008000000005DFF000814
:10141000000000005DFF0008000000005DFF000804
:10142000000000005DFF0008C92A0108D1C40008BF
:10143000000000005DFF0008000000005DFF0008E4
:10144000000000005DFF0008000000005DFF0008D4
:10145000000000005DFF0008000000005DFF0008C4
:10146000000000005DFF0008000000005DFF0008B4
:10147000000000005DFF0008000000005DFF0008A4
:10148000000000005DFF0008000000005DFF000894
:10149000000000005DFF0008401301084B07010831
:1014A000241301084B070108000000005DFF00083D
:1014B000000000005DFF0008000000005DFF000864
:1014C000C72A0108D1C40008000000005DFF000821
:1014D000000000005DFF0008000000005DFF000844
:1014E000000000005DFF0008000000005DFF000834
:1014F000000000005DFF0008000000005DFF000824
:10150000000000005DFF0008000000005DFF000813
:10151000000000005DFF0008000000005DFF000803
:10152000C812002080390020000400000D8B000844
:1015300000000000000000000000000009000000A2
:1015400000000000D71A01080000000000000000A1
:101550006502010835CA0008F1C90008FDC8000885
:1015600005C9000845CB000843040108AF03010882
:10157000BB030108CD030108D7030108E1030108FB
:101580006DCB0008EF03010800000000E70501082B
:10159000070601082306010841060108B7000108F3
:1015A000F30001080000000049C600087D010108A1
:1015B000000000003B0101082B0901088D0801080B
:1015C0008106010841D00008A30701083508010879
:1015D000E7080108DB060108F10601088F0701088A
:1015E000070701081D0701088307010833070108E1
:1015F00019CC000861CC0008C30801083F070108A6
:10160000430701080000000000000000FC22010860
:1016100003000000432101080300000076270108B1
:101620000300000013230108030000000923010840
:10163000030000003C2801080300000064280108A2
:101640000300000009220108030000000D22010828
:10165000030000003527010803000000612901088C
:1016600003000000D626010803000000472A0108F5
:10167000030000009820010803000000DE1C0108A0
:1016800003000000911B010803000000CE1F0108A9
:1016900003000000EC1A0108030000008B20010881
:1016A000030000004F1E010803000000FD21010897
:1016B00003000000DA1F01080300000042280108AF
:1016C00003000000E9210108030000007D2101085A
:1016D000030000004529010803000000501801081C
:1016E000502E0020EC2201080100000054000000F0
:1016F00000010000000000000100000002000000E6
:1017000000000100000002001000010020000100A4
:1017100030000000EC120108000000003100000061
:10172000EC1201080100000001000000D0120108C5
:101730000500000002000000EC1201080800000093
:1017400014000000D012010804000000FFFF000098
:10175000001C0048070000004C0000008000000052
:10176000FFFF000000080048020000004C000000DD
:1017700004000000FFFF000000040048010000001A
:101780004C00000002000000FFFF000000000048C5
:10179000000000004C00000001000000EC120108F5
:1017A000D0120108B412010800000000000000007F
:1017B0000000000000000000981201080000000076
:1017C0000000000000000000000000000000000019
:1017D0000000000000000000000000000000000009
:1017E00000000000000000000000000000000000F9
:1017F00000000000000000000000000000000000E9
:1018000000000000601400200001000055FC0008EA
:10181000EBFB00080200000005FE000800000000CD
:1018200000000000000000000000000000000000B8
:1018300000000000000000000000000000000000A8
:10184000DC220108E0220108E4220108E822010864
:1018500025B6000819B6000849B6000801B6000808
:10186000000000000DB6000800000000A5B600084A
:10187000582E0020603900201000000004000000F5
:101880000000000000000000008000005C13010860
:101890000100000000800000009002005C130108BD
:1018A000020000000010030000A000005C1301080B
:1018B0000300000000B00300005000005C130108AA
:1018C000000100200000000000000B0602000000E4
:1018D000D41801080000000826270108220002028F
:1018E000000000202E2701081E000B110000000040
:1018F0006410B71DC8206E3BAC30D9269041DC7611
:10190000F4516B6B5861B24D3C7105502083B8EDBA
:1019100044930FF0E8A3D6D68CB361CBB0C2649BDE
:10192000D4D2D38678E20AA01CF2BDBD0800000024
:1019300000FF000000000058004400406012010851
:101940007C12010811070000641901080100000061
:101950000000000000000000000000006C190108F9
:101960006D0701085800000000000200741901080A
:10197000010000007C19010802000000470000007F
:101980000002000067000000000000000038014075
:10199000601201087C1201080E080000B819010845
:1019A0000100000000000000000000000000000036
:1019B000C01901085707010860000000004000003E
:1019C000C819010801000000D01901080200000038
:1019D000C702000000020000E70200000000000053
:1019E000A0860100400D0300801A060000350C009F
:1019F00040420F0080841E0000093D0000127A0062
:101A00000024F40000366E010048E801006CDC029E
:101A100000000000000000000000000000000000C6
:101A200001000000030000000500000001000000AC
:101A300001000000060000000A0000002000000075
:101A40000200000004000000080000001000000078
:101A500040000000800000000001000000020000C3
:101A6000FD2901080B2A01081F2A01082E2A010856
:101A70003A2A0108C0110108C011010830120108FA
:101A8000381201085812010860120108722A010870
:101A9000000100000000000000100000003052545F
:101AA0004275732070726F63657373206661696C31
:101AB00065643A20256400525442757320696E694A
:101AC0007469616C697A6174696F6E206661696CB2
:101AD00065643A2025640072746275735F72756E76
:101AE00074696D655F7468726561640072746275B3
:101AF000735F72756E74696D65004E6174697665A9
:101B000020736572766963652073746172742066F0
:101B100061696C65643A20256400446961676E6F91
:101B200073746963732074657374206576656E746D
:101B300020726563656976656400646961676E6FCC
:101B4000737469637320616464207061796C6F6180
:101B5000642073697A65206D69736D617463683A96
:101B600020257500646961676E6F73746963732003
:101B700061646420726573756C7420636F6D706C42
:101B80006574696F6E206661696C65643A202564CE
:101B90000072746275735F646961676E6F737469F4
:101BA000637300446961676E6F7374696373207453
:101BB000657374206576656E7420706F737420662B
:101BC00061696C65643A2025640041505000556E8F
:101BD000737570706F72746564204446552074612B
:101BE000726765743A202573004E617469766520CA
:101BF000736572766963652073746F7020666F72A7
:101C000020444655206661696C65643A202564006D
:101C100044465520524541445920777269746520E5
:101C20006661696C656400594D4F44454D2072658D
:101C300063656976652074657374206661696C6597
:101C4000643A202564004052544255533A0052549D
:101C500042757320434C492069676E6F726564203A
:101C60006C696E653A2025730052544275732043A7
:101C70004C4920636F6D6D616E643A20257300528C
:101C80005442757320434C49206C696E6520746F13
:101C90006F206C6F6E6700556E737570706F727425
:101CA0006564205245424F4F5420617267733A2059
:101CB000257300525442757320434C49207265626B
:101CC0006F6F742072657175657374656400524539
:101CD000424F4F54004446550054455354007274CB
:101CE0006275735F636C6900594D4F44454D2072B6
:101CF00065636569766520746573742073746172B9
:101D00007400594D4F44454D2068656164657220EB
:101D100072656365697665206661696C65643A2001
:101D2000256400594D4F44454D2063616E63656CD9
:101D300065642062792073656E64657200594D4F49
:101D400044454D207061636B6574207265636569FD
:101D50007665206661696C65643A20256400594D9A
:101D60004F44454D2066696C653A20257300594DF6
:101D70004F44454D206578706563746564207369D0
:101D80007A653A20257500525442757320696D6159
:101D900067652073746F726520626567696E20667F
:101DA00061696C65643A2025640052544275732061
:101DB000696D6167652073746F72652066696E690D
:101DC0007368206661696C65643A20256400594D2A
:101DD0004F44454D2072656365697665207465736F
:101DE0007420646F6E653A20726563656976656418
:101DF0003D25752065787065637465643D257500C3
:101E0000594D4F44454D20756E6578706563746516
:101E10006420626C6F636B3A20676F743D25752098
:101E200065787065637465643D257500525442752C
:101E30007320696D6167652073746F7265207772B6
:101E4000697465206661696C65643A202564007276
:101E5000746275735F796D6F64656D006E6174692E
:101E600076655F736572766963653A206173796E32
:101E7000632072746275735F706F7374206661693A
:101E80006C6564207461736B5F69643D25752063C4
:101E900074785F69643D30782530387820706179D6
:101EA0006C6F61645F6C656E3D2575207265743D75
:101EB00025640A006170706C69636174696F6E3AC1
:101EC000204552524F5220696E636F6D7061746984
:101ED000626C65204142492076657273696F6E209D
:101EE00025752C2072756E74696D6520726571752B
:101EF000697265732025750A006170706C69636191
:101F000074696F6E3A206C6F6164656420656E74ED
:101F100072793D3078256C7820646174613D257557
:101F2000206273733D25752072616D3D3078256C9C
:101F3000782F25750A006E6174697665006170708E
:101F40006C69636174696F6E3A204552524F52203A
:101F50006E6F2076616C6964206E617469766520AD
:101F6000696D61676520696E20636F6D706F6E6566
:101F70006E7420736C6F740A006170706C696361B9
:101F800074696F6E3A204552524F5220696D6167F5
:101F9000652072656A656374656420282564290A72
:101FA00000525442757320696D61676520726571D6
:101FB0007569726573202575206279746573205286
:101FC000414D2C206D617820697320257500727455
:101FD0006275735F696D61676500737461727475B2
:101FE000705F736572766963650073657269616CB1
:101FF00020626567696E207061796C6F616420731F
:10200000697A65206D69736D617463683A2025751E
:102010000073657269616C20626567696E20726524
:1020200073756C7420636F6D706C6574696F6E206E
:102030006661696C65643A2025640072756E746926
:102040006D652073657269616C20706F72742025F4
:102050007520696E6974206661696C65643A202533
:10206000640072756E74696D652073657269616C68
:1020700020706F72742025752073746172742073E0
:102080006B69707065643A202564007274627573C0
:102090005F73657269616C006F735F686561700082
:1020A00028756E7369676E656429206368617220A4
:1020B0002A207573656420666F7220252570206163
:1020C0007267756D656E742E204974277320726572
:1020D000636F6D6D656E64656420746F20636173FA
:1020E0007420697420746F20766F6964202A2062DE
:1020F000656361757365206974206D617920636122
:10210000757365206D69736265686176696F7220A9
:10211000696E206365727461696E20636F6E6669B3
:102120006775726174696F6E732E20537472696E75
:10213000673A2225732220617267756D656E743A65
:1021400025640063627072696E74665F7061636BB0
:10215000616765004661696C656420746F20726513
:10216000626F6F743A207370696E6E696E67206576
:102170006E646C6573736C792E2E2E0A00737973FE
:102180005F6765746F7074006770696F40343830D2
:102190003031633030006770696F40343830303030
:1021A000383030006770696F403438303030343048
:1021B00030006770696F4034383030303030300074
:1021C000556E62616C616E636564206261636B75FC
:1021D0007020646F6D61696E206163636573732045
:1021E000726566636F756E740073746D33325F620F
:1021F00061636B75705F646F6D61696E00736F63AF
:10220000006C6F6767696E67006C6F67006C6F6763
:102210005F6D676D74004D6573736167652028227B
:10222000257322292064726F707065642062656373
:1022300061757365206974206578636565647320D2
:1022400073697A65206C696D69746174696F6E2059
:1022500028257529004D6573736167652064726F69
:1022600070706564206265636175736520697420B0
:10227000657863656564732073697A65206C696D40
:1022800069746174696F6E2028257529000D0A0034
:102290001B5B306D00257320005B2530386C755D4D
:1022A00020005B253032753A253032753A253032C0
:1022B000752E253033752C253033755D20003C2577
:1022C000733E200025732F0025733A2000253032FD
:1022D000782000202020007C0025630065727200B9
:1022E00077726E00696E6600646267006C6F675F8C
:1022F0006261636B656E645F72747400535452451F
:10230000414D5F464C41534800666C6173685F699C
:102310006D6700666C6173680072302F61313A201E
:1023200020307825303878202072312F61323A20E1
:1023300020307825303878202072322F61333A20CF
:10234000203078253038780072332F61343A2020DD
:10235000307825303878207231322F69703A202059
:10236000307825303878207231342F6C723A202042
:102370003078253038780020787073723A20203019
:102380007825303878004661756C74696E6720690D
:102390006E737472756374696F6E206164647265C4
:1023A000737320287231352F7063293A20307825D5
:1023B00030387800556E68616E646C6564204952EF
:1023C000516E3A202564002A2A2A2A2A2055534190
:1023D0004745204641554C54202A2A2A2A2A0020C3
:1023E000204469766973696F6E206279207A65721C
:1023F0006F002020556E616C69676E6564206D65A5
:102400006D6F7279206163636573730020204E6F76
:1024100020636F70726F636573736F7220696E7380
:102420007472756374696F6E73002020496C6C65FB
:1024300067616C206C6F6164206F66204558435F54
:1024400052455455524E20696E746F2050430020FF
:1024500020496C6C6567616C20757365206F662020
:102460007468652045505352002020417474656D96
:10247000707420746F206578656375746520756E5F
:10248000646566696E656420696E737472756374E1
:10249000696F6E002A2A2A2A2A2042555320464173
:1024A000554C54202A2A2A2A2A002020537461637A
:1024B0006B696E67206572726F72002020556E73B3
:1024C0007461636B696E67206572726F72002020A1
:1024D000507265636973652064617461206275730D
:1024E000206572726F720020204246415220416482
:1024F00064726573733A2030782578002020496D26
:1025000070726563697365206461746120627573BC
:10251000206572726F72002020496E737472756349
:1025200074696F6E20627573206572726F72002A13
:102530002A2A2A2A204D5055204641554C54202AFB
:102540002A2A2A2A002020537461636B696E67204F
:102550006572726F722028636F6E74657874206183
:10256000726561206D69676874206265206E6F74A2
:102570002076616C696429002020446174612041E7
:1025800063636573732056696F6C6174696F6E0065
:1025900020204D4D46415220416464726573733A68
:1025A0002030782578002020496E7374727563742A
:1025B000696F6E204163636573732056696F6C6148
:1025C00074696F6E00526573657276656420457834
:1025D00063657074696F6E20280053707572696F3F
:1025E000757320696E746572727570742028495213
:1025F000512000535053454C20696E207468726519
:102600006164206D6F646520646F6573206E6F7404
:1026100020696E64696361746520505350002A2AF2
:102620002A2A2A2048415244204641554C54202A07
:102630002A2A2A2A002020427573206661756C744C
:10264000206F6E20766563746F72207461626C65B2
:10265000207265616400202044656275672065769C
:10266000656E740020204661756C7420657363612B
:102670006C6174696F6E20287365652062656C6F8C
:10268000772900415243485F4558434550542077CD
:1026900069746820726561736F6E2025780A002A5C
:1026A0002A2A2A2A204465627567206D6F6E697434
:1026B0006F7220657863657074696F6E202A2A2AAC
:1026C0002A2A002A2A2A2A2A20257320256429203A
:1026D0002A2A2A2A2A006D7075004661696C656491
:1026E00020746F20616C6C6F63617465206E657718
:1026F000204D505520726567696F6E2025750A0060
:10270000506172746974696F6E2025753A20636F29
:10271000686572656E636520636865636B206661DA
:10272000696C65642E00464C4153485F300053523B
:10273000414D5F30006D6375626F6F745F646675E5
:1027400000496E76616C6964206C696E65206E75F7
:102750006D62657220257500696E746572727570A0
:10276000742D636F6E74726F6C6C657240353830A7
:10277000303038303000657874695F73746D33328F
:10278000007263634035383030303030300052658D
:1027900061642072616E676520696E76616C696440
:1027A0002E204F66667365743A20256C642C206C6D
:1027B000656E3A20257A750054696D656F757421D0
:1027C0002076616C3A202564206D73004572617338
:1027D000652072616E676520696E76616C69642E32
:1027E000204F66667365743A20256C642C206C65F6
:1027F0006E3A20257A750057726974652072616E91
:10280000676520696E76616C69642E204F66667319
:1028100065743A20256C642C206C656E3A20257A0C
:102820007500666C6173682D636F6E74726F6C6C8B
:10283000657240353830303430303000666C61734A
:10284000685F73746D333200576F72642061742057
:102850006F66667320256C64206E6F7420657261EC
:1028600073656400666C6173685F73746D33326C9A
:10287000340072657365742D636F6E74726F6C6C67
:102880006572004661696C65642063616C6C2063ED
:102890006C6F636B5F636F6E74726F6C5F67657490
:1028A0005F726174652870636C6B656E5B305D2967
:1028B00000556E61626C6520746F2073657420250D
:1028C0007320746F20256400436F756C64206E6FF5
:1028D0007420656E61626C6520284C502955415208
:1028E0005420636C6F636B00726573657420636F53
:1028F0006E74726F6C6C6572206E6F74207265619D
:10290000647900257320646F6573206E6F74207383
:102910007570706F72742064726976657220656E6E
:1029200061626C650073657269616C40343030308F
:10293000343430300073657269616C40343030314A
:102940003338303000756172745F73746D333200E8
:1029500074657374007065726D007265766572746B
:10296000006D6375626F6F745F7574696C00546598
:10297000726D696E616C0048616C74696E6720737A
:10298000797374656D00556E6B6E6F776E2065722E
:10299000726F7200756E6B6E6F776E003E3E3E20FA
:1029A0005A455048595220464154414C20455252B4
:1029B0004F522025643A202573206F6E20435055D6
:1029C000202564004661756C7420647572696E67B9
:1029D00020696E746572727570742068616E646CC3
:1029E000696E670A0043757272656E74207468724E
:1029F0006561643A202570202825732900435055CD
:102A000020657863657074696F6E00556E68616EDD
:102A1000646C656420696E746572727570740053BD
:102A20007461636B206F766572666C6F77004B65BF
:102A3000726E656C206F6F7073004B65726E656CA3
:102A40002070616E6963006F73002A2A2A20426F2A
:102A50006F74696E67205A6570687972204F5320D1
:102A60006275696C642076342E342E30202A2A2A2E
:102A70000A00737973776F726B7100286E756C6CD6
:102A800029002A666C6F61742A004D4F44554C45ED
:102A9000205354414745440D0A004552524F520DB0
:102AA0000A0052454144590D0A00206D6573736157
:102AB0006765732064726F70706564202D2D2D0D15
:102AC0000A002D2D2D20000A060505040103010230
:102AD0000101010001000000000000545452205286
:102AE0004547474553000000FFFFFFFFFFFFFFFF83
:102AF00000000000BD8B0008000000000000000086
:102B00000100000024130108000000000000000084
:102B100000000000000000000000000000000000B5
:102B200000000000000000000000000000000000A5
:102B30000000000000000000000000000000000095
:102B40000000000000000000000000000000000085
:102B50000000000000000000000000000000000075
:102B60000000000000000000000000000000000065
:102B70000000000000000000000000000000000055
:102B80000000000000000000000000000000000045
:102B90000000000000000000000000000000000035
:102BA0000000000000000000000000000000000025
:102BB0000000000000000000000000000000000015
:102BC0000000000000000000000000000000000005
:102BD00000000000000000000000000000000000F5
:102BE00000000000000000000000000000000000E5
:102BF00000000000000000000000000000000000D5
:102C000000000000000000000000000000000000C4
:102C100000000000000000000000000000000000B4
:102C200000000000000000000000000000000000A4
:102C30000000000000000000000000000000000094
:102C40000000000000000000000000000000000084
:102C50000000000000000000000000000000000074
:102C60000000000000000000000000000000000064
:102C70000000000000000000000000000000000054
:102C80000000000000000000000000000000000044
:102C90000000000000000000000000000000000034
:102CA0000000000000000000000000000000000024
:102CB0000000000000000000000000000000000014
:102CC0000000000000000000000000000000000004
:102CD00000000000000000000000000000000000F4
:102CE00000000000000000000000000000000000E4
:102CF00000000000000000000000000000000000D4
:102D000000000000000000000000000000000000C3
:102D100000000000000000000000000000000000B3
:102D200000000000000000000000000000000000A3
:102D30000000000000000000000000000000000093
:102D40000000000000000000000000000000000083
:102D50000000000000000000000000000000000073
:102D60000000000000000000000000000000000063
:102D70000000000000000000000000000000000053
:102D80000000000000000000000000000000000043
:102D90000000000000000000000000000000000033
:102DA0000000000000000000000000000000000023
:102DB0000000000000000000000000000000000013
:102DC0000000000000000000000000000000000003
:102DD00000000000000000000000000000000000F3
:102DE00000000000000000000000000000000000E3
:102DF00000000000000000000000000000000000D3
:102E000000000000000000000000000000000000C2
:102E100000000000000000000000000000000000B2
:102E200000000000000000000000000000000000A2
:102E30000000000000000000000000000000000092
:102E40000000000000000000000000000000000082
:102E50000000000000000000000000000000000072
:102E60000000000000000000000000000000000062
:102E70000000000000000000000000000000000052
:102E80000000000000000000000000000000000042
:102E90000000000000000000000000000000000032
:102EA0000000000000000000000000000000000022
:102EB0000000000000000000000000000000000012
:102EC0000000000000000000000000000000000002
:102ED00000000000000000000000000000000000F2
:102EE00000000000000000000000000000000000E2
:102EF00000000000000000000000000000000000D2
:102F000000000000000000000000000000000000C1
:102F100000000000000000000000000000000000B1
:102F200000000000000000000000000000000000A1
:102F30000000000000000000000000000000000091
:102F40000000000000000000000000000000000081
:102F50000000000000000000000000000000000071
:102F60000000000000000000000000000000000061
:102F70000000000000000000000000000000000051
:102F80000000000000000000000000000000000041
:102F90000000000000000000000000000000000031
:102FA0000000000000000000000000000000000021
:102FB0000000000000000000000000000000000011
:102FC0000000000000000000000000000000000001
:102FD00000000000000000000000000000000000F1
:102FE00000000000000000000000000000000000E1
:102FF00000000000000000000000000000000000D1
:1030000000000000000000000000000000000000C0
:1030100000000000000000000000000000000000B0
:1030200000000000000000000000000000000000A0
:103030000000000000000000000000000000000090
:103040000000000000000000000000000000000080
:103050000000000000000000000000000000000070
:103060000000000000000000000000000000000060
:103070000000000000000000000000000000000050
:103080000000000000000000000000000000000040
:103090000000000000000000000000000000000030
:1030A0000000000000000000000000000000000020
:1030B0000000000000000000000000000000000010
:1030C0000000000000000000000000000000000000
:1030D00000000000000000000000000000000000F0
:1030E00000000000000000000000000000000000E0
:1030F00000000000000000000000000000000000D0
:1031000000000000000000000000000000000000BF
:1031100000000000000000000000000000000000AF
:10312000000000000000000000000000000000009F
:10313000000000000000000000000000000000008F
:10314000000000000000000000000000000000007F
:10315000000000000000000000000000000000006F
:10316000000000000000000000000000000000005F
:10317000000000000000000000000000000000004F
:10318000000000000000000000000000000000003F
:10319000000000000000000000000000000000002F
:1031A000000000000000000000000000000000001F
:1031B000000000000000000000000000000000000F
:1031C00000000000000000000000000000000000FF
:1031D00000000000000000000000000000000000EF
:1031E00000000000000000000000000000000000DF
:1031F00000000000000000000000000000000000CF
:1032000000000000000000000000000000000000BE
:1032100000000000000000000000000000000000AE
:10322000000000000000000000000000000000009E
:10323000000000000000000000000000000000008E
:10324000000000000000000000000000000000007E
:10325000000000000000000000000000000000006E
:10326000000000000000000000000000000000005E
:10327000000000000000000000000000000000004E
:10328000000000000000000000000000000000003E
:10329000000000000000000000000000000000002E
:1032A000000000000000000000000000000000001E
:1032B000000000000000000000000000000000000E
:1032C00000000000000000000000000000000000FE
:1032D00000000000000000000000000000000000EE
:1032E00000000000000000000000000000000000DE
:1032F00000000000000000000000000000000000CE
:1033000000000000000000000000000000000000BD
:103310000000000040130108000000000000000051
:10332000000000000000000000000000000000009D
:10333000000000000000000000000000000000008D
:10334000000000000000000000000000000000007D
:10335000000000000000000000000000000000006D
:10336000000000000000000000000000000000005D
:10337000000000000000000000000000000000004D
:10338000000000000000000000000000000000003D
:10339000000000000000000000000000000000002D
:1033A000000000000000000000000000000000001D
:1033B000000000000000000000000000000000000D
:1033C00000000000000000000000000000000000FD
:1033D00000000000000000000000000000000000ED
:1033E00000000000000000000000000000000000DD
:1033F00000000000000000000000000000000000CD
:1034000000000000000000000000000000000000BC
:1034100000000000000000000000000000000000AC
:10342000000000000000000000000000000000009C
:10343000000000000000000000000000000000008C
:10344000000000000000000000000000000000007C
:10345000000000000000000000000000000000006C
:10346000000000000000000000000000000000005C
:10347000000000000000000000000000000000004C
:10348000000000000000000000000000000000003C
:10349000000000000000000000000000000000002C
:1034A000000000000000000000000000000000001C
:1034B000000000000000000000000000000000000C
:1034C00000000000000000000000000000000000FC
:1034D00000000000000000000000000000000000EC
:1034E00000000000000000000000000000000000DC
:1034F00000000000000000000000000000000000CC
:1035000000000000000000000000000000000000BB
:1035100000000000000000000000000000000000AB
:10352000000000000000000000000000000000009B
:10353000000000000000000000000000000000008B
:10354000000000000000000000000000000000007B
:10355000000000000000000000000000000000006B
:10356000000000000000000000000000000000005B
:10357000000000000000000000000000000000004B
:10358000000000000000000000000000000000003B
:10359000000000000000000000000000000000002B
:1035A000000000000000000000000000000000001B
:1035B000000000000000000000000000000000000B
:1035C00000000000000000000000000000000000FB
:1035D00000000000000000000000000000000000EB
:1035E00000000000000000000000000000000000DB
:1035F00000000000000000000000000000000000CB
:1036000000000000000000000000000000000000BA
:1036100000000000000000000000000000000000AA
:10362000000000000000000000000000000000009A
:10363000000000000000000000000000000000008A
:10364000000000000000000000000000000000007A
:10365000000000000000000000000000000000006A
:10366000000000000000000000000000000000005A
:10367000000000000000000000000000000000004A
:10368000000000000000000000000000000000003A
:10369000000000000000000000000000000000002A
:1036A000000000000000000000000000000000001A
:1036B000000000000000000000000000000000000A
:1036C00000000000000000000000000000000000FA
:1036D00000000000000000000000000000000000EA
:1036E00000000000000000000000000000000000DA
:1036F00000000000000000000000000000000000CA
:1037000000000000000000000000000000000000B9
:1037100000000000000000000000000000000000A9
:103720000000000000000000000000000000000099
:103730000000000000000000000000000000000089
:103740000000000000000000000000000000000079
:103750000000000000000000000000000000000069
:103760000000000000000000000000000000000059
:103770000000000000000000000000000000000049
:103780000000000000000000000000000000000039
:103790000000000000000000000000000000000029
:1037A0000000000000000000000000000000000019
:1037B0000000000000000000000000000000000009
:1037C00000000000000000000000000000000000F9
:1037D00000000000000000000000000000000000E9
:1037E00000000000000000000000000000000000D9
:1037F00000000000000000000000000000000000C9
:1038000000000000000000000000000000000000B8
:1038100000000000000000000000000000000000A8
:103820000000000000000000000000000000000098
:103830000000000000000000000000000000000088
:103840000000000000000000000000000000000078
:103850000000000000000000000000000000000068
:103860000000000000000000000000000000000058
:103870000000000000000000000000000000000048
:103880000000000000000000000000000000000038
:103890000000000000000000000000000000000028
:1038A0000000000000000000000000000000000018
:1038B0000000000000000000000000000000000008
:1038C00000000000000000000000000000000000F8
:1038D00000000000000000000000000000000000E8
:1038E00000000000000000000000000000000000D8
:1038F00000000000000000000000000000000000C8
:1039000000000000000000000000000000000000B7
:1039100000000000000000000000000000000000A7
:103920000000000000000000000000000000000097
:103930000000000000000000000000000000000087
:103940000000000000000000000000000000000077
:103950000000000000000000000000000000000067
:103960000000000000000000000000000000000057
:103970000000000000000000000000000000000047
:103980000000000000000000000000000000000037
:103990000000000000000000000000000000000027
:1039A0000000000000000000000000000000000017
:1039B0000000000000000000000000000000000007
:1039C00000000000000000000000000000000000F7
:1039D00000000000000000000000000000000000E7
:1039E00000000000000000000000000000000000D7
:1039F00000000000000000000000000000000000C7
:103A000000000000000000000000000000000000B6
:103A100000000000000000000000000000000000A6
:103A20000000000000000000000000000000000096
:103A30000000000000000000000000000000000086
:103A40000000000000000000000000000000000076
:103A50000000000000000000000000000000000066
:103A60000000000000000000000000000000000056
:103A70000000000000000000000000000000000046
:103A80000000000000000000000000000000000036
:103A90000000000000000000000000000000000026
:103AA0000000000000000000000000000000000016
:103AB0000000000000000000000000000000000006
:103AC00000000000000000000000000000000000F6
:103AD00000000000000000000000000000000000E6
:103AE00000000000000000000000000000000000D6
:103AF00000000000000000000000000000000000C6
:103B000000000000000000000000000000000000B5
:103B100000000000000000000000000000000000A5
:103B200000000000E7F500080BFC00088018010801
:103B300000000000D5FF00080000000000000000A9
:103B400000400058000000000000000000000000DD
:103B500000000000701100200000000000000000C4
:103B600000C20100000103008411002000000000D9
:103B70000000000000C201000001030000093D0038
:103B8000C8000000941100209411002001FFFFFFE5
:103B9000FFFFFFFFFFFFFFFFFFFFFFFFFF00000032
:103BA0000000000000000000000000000000000015
:103BB0000000000000000000000000000000000005
:103BC00000000000000000000000000000000000F5
:103BD00000000000000000000000000000000000E5
:103BE00000000000000000000000000000000000D5
:103BF00000000000406700204C2000000000000092
:103C0000000000001412002014120020080100001F
:103C1000080000008C870020CC8F00208C870020BB
:103C20008C87002000000000000000003C120020F3
:103C30003C1200202C00000008000000CC8F002067
:103C40002C910020CC8F0020CC8F002000000000A1
:103C50000000000064120020641200200100000037
:103C6000800000002C910020AC9100202C910020BD
:103C70002C91002000000000000000008C120020A9
:103C80008C12002000000000010000009C120020A7
:103C90009C1200200000000001000000AC12002077
:103CA000AC1200200000000001000000BC12002047
:103CB000BC1200200000000001020000198D000865
:103CC0000100000000020000418B0008010000001C
:103CD0000202000019A1000801000000D51C010823
:103CE0000D8C0008CE1C0108958E0008D91C010817
:103CF000E18B000815E015E007692800100020009E
:103D00000D218D719488BEADB3389295A3DCFAA9CC
:103D1000DD3C5377BA1573108B01FE1D26EF37E09B
:00000001FF
