:020000040800F2
:108000003DB8F396000000000002000010BB000025
:108010000000000000000000000000000000000060
:108020000000000000000000000000000000000050
:108030000000000000000000000000000000000040
:108040000000000000000000000000000000000030
:108050000000000000000000000000000000000020
:108060000000000000000000000000000000000010
:108070000000000000000000000000000000000000
:1080800000000000000000000000000000000000F0
:1080900000000000000000000000000000000000E0
:1080A00000000000000000000000000000000000D0
:1080B00000000000000000000000000000000000C0
:1080C00000000000000000000000000000000000B0
:1080D00000000000000000000000000000000000A0
:1080E0000000000000000000000000000000000090
:1080F0000000000000000000000000000000000080
:10810000000000000000000000000000000000006F
:10811000000000000000000000000000000000005F
:10812000000000000000000000000000000000004F
:10813000000000000000000000000000000000003F
:10814000000000000000000000000000000000002F
:10815000000000000000000000000000000000001F
:10816000000000000000000000000000000000000F
:1081700000000000000000000000000000000000FF
:1081800000000000000000000000000000000000EF
:1081900000000000000000000000000000000000DF
:1081A00000000000000000000000000000000000CF
:1081B00000000000000000000000000000000000BF
:1081C00000000000000000000000000000000000AF
:1081D000000000000000000000000000000000009F
:1081E000000000000000000000000000000000008F
:1081F000000000000000000000000000000000007F
:10820000C05E002029BD000853FF000815BD00080E
:1082100015BD000815BD000815BD000800000000D0
:1082200000000000000000000000000025BE000863
:1082300015BD000800000000A9BF0008B9D1000862
:1082400021C0000821C0000821C0000821C000088A
:1082500021C0000821C0000821C0000821C000087A
:1082600021C0000821C0000821C0000821C000086A
:1082700021C0000821C0000821C0000821C000085A
:1082800021C0000821C0000821C0000821C000084A
:1082900021C0000821C0000821C0000821C000083A
:1082A00021C0000821C0000821C0000821C000082A
:1082B00021C0000821C0000821C0000821C000081A
:1082C00021C0000821C0000821C0000821C000080A
:1082D00021C0000821C0000821C0000821C00008FA
:1082E00021C0000821C0000821C0000821C00008EA
:1082F00021C0000821C0000821C0000821C00008DA
:1083000021C0000821C0000821C0000821C00008C9
:1083100021C0000853B94AB9002908BF00281CBF72
:108320004FF0FF314FF0FF3000F00CB8ADF1080C0A
:108330006DE904CE00F01AF8DDF804E0DDE902236F
:1083400004B07047704700BF10F8012B11F8013BD3
:10835000012A28BF9A42F7D0D01A7047034613F873
:10836000012B002AFBD1181A013870472DE9F0477C
:108370008C468E46089E154604461946002B40F052
:10838000D080724547D9B2FA82F74FB1C7F12003C6
:108390000EFA07FC20FA03F3BD4043EA0C0CBC4084
:1083A0004FEA154EA8B2BCFBFEF8230C0EFB18CC0E
:1083B00008FB00F943EA0C43994528D9EB1808F16A
:1083C000FF3204D2994502D9A8F102022B44A3EB53
:1083D0000903A4B2B3FBFEFC0EFB1C330CFB00F044
:1083E00044EA0344A04214D92C190CF1FF3304D2FF
:1083F000A04202D9ACF102032C44241A43EA024001
:108400001EB1FC40002334607360BDE8F087424633
:10841000DDE76346F1E7002A79D0B2FA82F3002B58
:108420003FD01946C1F1200302FA01F52EFA03F2FA
:108430000EFA01FE20FA03F343EA0E034FEA154E4B
:1084400000FA01F4B2FBFEFCAFB20EFB1C201A0CCA
:108450000CFB07F842EA004290455AD9AA180CF1E1
:10846000FF3004D2904502D9ACF102002A44A2EBBD
:1084700008029BB2B2FBFEFC0EFB1C220CFB07F7B2
:1084800043EA02439F4246D9EB180CF1FF3204D273
:108490009F4202D9ACF102022B44DB1B42EA0042AC
:1084A00002E0AEEB020301224FEA154EAFB2B3FB7E
:1084B000FEFC200C0EFB1C330CFB07F840EA0343C8
:1084C00098452AD9EB180CF1FF3004D2984502D90F
:1084D000ACF102002B44A3EB0803A4B2B3FBFEFCF7
:1084E0000EFB1C330CFB07F744EA0344A74216D9E2
:1084F0002C190CF1FF3304D2A74202D9ACF10203CC
:108500002C44E41B43EA00400F46114678E71F2144
:1085100088E76046ABE76246BFE76046DBE7634655
:10852000EFE7734506D916B9002108466DE7C6E99D
:10853000000EF9E7B3FA83F787B9734501D3824296
:1085400007D8841A6EEB030301209C461EB9002154
:108550005BE73846FAE7C6E9004CF8E7C7F1200CBC
:10856000BB4022FA0CF51D4320FA0CF12EFA0CF355
:108570000EFA07FE41EA0E014FEA154900FA07F428
:10858000B3FBF9F81FFA85FE09FB18300B0C08FB4A
:108590000EFA43EA00439A4502FA07F240D9EB1873
:1085A00008F1FF3004D29A4502D9A8F102002B4409
:1085B000A3EB0A0389B2B3FBF9F809FB183308FBF4
:1085C0000EFE41EA03418E452CD9691808F1FF33AC
:1085D00004D28E4502D9A8F10203294443EA00409F
:1085E000A0FB0298A1EB0E014145CE46434602D3C3
:1085F00006D14C4504D2B9EB020E68EB05030138F5
:10860000002EA4D0B4EB0E0261EB030101FA0CFCC6
:1086100022FA07F34CEA0303F940C6E9003196E772
:108620004046C5E74346D9E7F0B50268002302B9E2
:10863000F0BD8A4235D013461268F8E71A6000236D
:108640000B601C4B1B78002BF2D01B4B1B4E186889
:1086500034680346A342EBD203F1080291421DD1D4
:108660001A781207E4D05A680778A24234BF154638
:108670001D463F07297801F00F0106D101B96A684C
:108680004260A242D4D13060D2E709B96A685A6028
:10869000197821F00F0119701846F2E718465B6847
:1086A000D8E70A68002BC9D1002A18BF1346036017
:1086B000C7E700BF542F0020981C0020A01C0020FA
:1086C0002DE9F84FDFF834A11D469AF80C308046AA
:1086D00089461746002B00F0878000F0ADF900288E
:1086E00000F0858015B1002F00F0848090F801B073
:1086F000BBF1020F7ED805F11003B3F5803F03D321
:108700006FF00B00BDE8F88F9BB2032BF8D95AF835
:108710002B6036B133463668002E3BD03368002BD1
:10872000F8D1374B1B78002BEAD036490C6805F19D
:10873000130222F0030214B9334B1C680C60334857
:10874000006802F10803001B834225D8234401205E
:108750002070636008340B602046002108F092FC12
:1087600000232360002E3DD14AF82B40C4E9029536
:1087700084F8048037B12DB12A46394604F110003F
:1087800008F072FC40462B463A46494606F002FD88
:108790000020B7E71E46C4E71B4B1B689C42AFD9BD
:1087A0001878596810F00F001AD1A1EB030CACF146
:1087B000080C624514D81C464FF0010C04F808CB95
:1087C00004EB020CA1EB0C0EBEF1080FC8D9C3F8E4
:1087D00004C0A35C60F30303A354CCF80410BFE708
:1087E0000B46DBE73460C1E76FF012008AE76FF0F9
:1087F000010087E76FF0150084E700BF801C0020B0
:10880000542F0020A01C0020981C0020901C002049
:108810002DE9F74F374E80460C46374800219146E8
:108820004FF4C0729A4608F02DFC0021C6E90011F1
:108830008DF80710B16006F08EFC0021B181B8F10F
:10884000000F4BD0002C49D02C4BDFF8B4B019608E
:108850002C4F2D4BCBF80010082C1960397016D90D
:1088600008F1030525F00305C8F108022A449442E3
:108870000DD94444641B2246284608F003FC013C01
:10888000214BCBF8005025441D6001233B700DF1B6
:1088900007025146484600F0F1F8044600BB9DF837
:1088A000073033730546337BE8B2834203D8204652
:1088B00003B0BDE8F08F00F0CFF8C0B1037ADB075A
:1088C00001D40135EFE7002300781A464FF08051BC
:1088D000FFF7F6FE0028F4D0044601E06FF015041F
:1088E0004FF4C0720021044808F0CCFBDFE76FF0C2
:1088F0001500F1E7801C0020001B0020A01C0020B8
:10890000981C0020542F0020901C002070B506F009
:1089100012FC00220C49082514460E783EB1CB68A3
:108920001B1A23EAE37364B19A42A8BF1A46013DB9
:1089300001F13001F1D1002C14BF10464FF0FF308F
:1089400070BD1A463446F2E7001B0020F0B585B032
:1089500006F0F1FB364D074600262B78A3B1EB68F5
:10896000FB1A002B10DBD5E901136878002B33D0FC
:1089700005F11002FFF7A4FE044600283AD1014693
:108980003022284608F07EFB0136082E05F130051E
:10899000E3D1284E347B6CB300F08EFE044648BB16
:1089A0003568E5B97568CDB9B56835BB0746337B21
:1089B000F9B299421ED2727B0A44B2FBF3F103FB77
:1089C0001125E8B200F048F8A0B1037A990701D563
:1089D0004368D3B90137EAE71A46CBE7012428797F
:1089E00000F02AF806EB840448B929462046FFF730
:1089F0001BFE0124204605B0F0BD0224EFE74368CA
:108A0000002BF2D0281D9847EFE703788DF804304B
:108A10004FF000520023CDE90223436801A8984794
:108A2000327B6B1CB3FBF2F102FB11337373E0E793
:108A3000001B0020801C00200346054A0548904288
:108A400001D30020704701789942FBD00C30F6E743
:108A5000F43C0108D03C01080246064906480023C0
:108A6000884201D3002070479342FCD00133DBB22F
:108A70000C30F5E7F43C0108D03C0108F0B50AB32E
:108A80001549164D0023A94205D313F0FF031FD04B
:108A900013700020F0BD4878022813D8486888B1C8
:108AA0000D4C0020AC4205D3012803F101030CD882
:108AB0000C31E8E727780E78B74204BF0130C0B226
:108AC0000C34EFE76FF01500E4E76FF07700E1E7B3
:108AD0006FF01200DEE700BFD03C0108F43C010853
:108AE00008B5FFF733FF031E04DA064A06480121E2
:108AF00007F034F9FFF70AFF642828BF642000F06C
:108B000031FCEEE7B61A0108AC16010800231A463C
:108B100010B508484FF48051FFF77AFE034630B194
:108B2000054A0648BDE81040012107F017B9FFF7D4
:108B3000D7FF00BFA81C0020CF1A0108AC160108FF
:108B40001FB54468022C024612D0B4F1805F04D0F5
:108B5000012C13D0002004B010BD00F03DFE0346F0
:108B60000028F7D0104A0121104807F0F7F8F1E784
:108B70000F4A0E48032107F0E8F8EBE783680C2B57
:108B800002D00C4A2146EFE7C068116901AB03C36C
:108B90005069029918600144019800F0BFFD034636
:108BA0000028D7D0044AEDE7121B01089C160108E3
:108BB000321B0108521B01087C1B010808B501216A
:108BC00000231A46084606F0BEFA28B1BDE8084060
:108BD0000248002106F0C0BA08BD00BFA82C002042
:108BE000002310B51A460221184606F0ACFA0446D6
:108BF00028B1044A03460121034807F0AFF8204694
:108C000010BD00BFBB1B010894160108F8B5374919
:108C100000AF0446FFF798FB0546C0B16D4688B02B
:108C20006A46334BCDE905344FF40073ADF81C3080
:108C3000304B42F8103F304800234FF4E25102F02D
:108C400069FA6FF01504AD462046BD46F8BD012017
:108C500000F05EFD2948294606F07EFA06F014FB76
:108C6000044668B10121254806F076FA284600F04E
:108C70004FFD234A20482346012107F06FF8E3E720
:108C80002049072201F09AFA0728064610D0012150
:108C90001A4806F061FA00F0B7FE204600F038FDF1
:108CA000194A1548012107F050F86FF00404CBE78A
:108CB000204600F049F901210446104806F04CFA1C
:108CC0006CB112493246284601F078FA104A0A4837
:108CD0002346012107F042F800F096FEB4E70D4963
:108CE0000F22204601F06AFAF6E700BFE21B0108F6
:108CF000E61B010803000001941601081001002082
:108D0000011C0108BA2A0108281C0108B22A01081E
:108D10003F1C0108A22A01082DE9F04F83B04368E7
:108D2000012B00AF20D14C4D4C4800220023F91DEF
:108D300004F0BAFE0446E0B14948002106F00CFAFE
:108D4000464B1B6A83B1BFF35B8F012350E8002FB2
:108D5000002A03D140E800310029F7D1BFF35B8F2F
:108D600002D1404805F098F800200C37BD46BDE818
:108D7000F08FFB792A680D2B01D00A2B5FD1002AD6
:108D8000D2D0DFF8E4903949002409F8024048467F
:108D9000072208F08CF90646A8B16E4688B06A46EC
:108DA000334BCDE905394FF40073ADF81C30314B2E
:108DB00042F8103F304823464FF4E65102F0AAF93A
:108DC000B5462C60B0E709F107003D2108F062F9D3
:108DD00009F107090446E8B104F8016B274EDFF8F2
:108DE000A0B05E4518D36C4688B06A46254BCDE9E5
:108DF00005394FF40073ADF81C301E4B42F8103F9C
:108E000000231D484FF4E65102F084F90023A546E3
:108E10002B6089E71C4CE1E7316871B1D6F804A0FA
:108E2000BAF1000F09D01948FFF78EFA804620B931
:108E30002046D047C5F8008076E70836D1E7FE2AFD
:108E400005D9134A0C48022106F07FFFB9E7511CEF
:108E5000296005498B5467E7AC2C00206412002080
:108E6000A82C002000010020562F00205E1C0108C5
:108E7000661C01080300000194160108F43C010877
:108E80000C3D0108811C0108A72201085D2F00206C
:108E9000971C010880B5037800AF3BB90E480F4A14
:108EA000032106F052FF012001F0DEFD88B06A4682
:108EB0000B4BCDE905304FF40073ADF81C30094B76
:108EC00042F8103F044800234FF4E25102F022F927
:108ED0006FF01500BD4680BD94160108CB1C01083B
:108EE000AF1C01080300000107B58DF80700124B05
:108EF000BFF35B8F1B68BFF35B8FCBB10F480022C2
:108F000000230DF1070107F0E4FD88B9BFF35B8F83
:108F10000B4B012253E8001F002903D143E8002036
:108F20000028F7D1BFF35B8F02D1064804F0B4FFED
:108F300003B05DF804FB00BF1001002064120020A4
:108F4000A82C0020000100202DE9F04F99B04FF42B
:108F5000E13102AF044601F041F8064688BB2046E5
:108F600001F010F9BC4ABD48032106F0EEFE0123D2
:108F7000C7E90136B046FE603546FB68002B40F07D
:108F8000AE8106F0F4F847F2305310EB03094FF0CE
:108F9000000641F1000BB24606F0E9F8484571EBD6
:108FA0000B0113DB0024AE4AAC486FF073030121C0
:108FB00006F0D4FE1CB16FF0730000F079FE6FF084
:108FC000730630465C37BD46BDE8F08F06F0CFF83B
:108FD000B04271EB0A0109DB4321204606F0CFF8CD
:108FE00006F0C5F810F57A7641F1000A012207F182
:108FF0001301204601F028F9012813D000210A208E
:1090000007F08AFEC8E7012207F11301204601F0AC
:109010001BF901239842FB6006D000210A2007F0CB
:109020007BFE63E10023FB60FB7C182B0DD18D4A96
:109030008A48012106F089FEFB681BB16FF08B00A6
:1090400000F036FE6FF08B06BBE7042B0FD1B8F1B2
:10905000000F06D11521204606F091F84FF00108C7
:109060008BE70621204606F08AF84321F3E7012B1F
:1090700000F0A680022B40F0B2804FF480633B608A
:109080003B6803F1040B06F072F840F6B833C618DB
:1090900041F100094FF0000A734BABEB0A0203EBFE
:1090A0000A01204601F0D0F8002800F08B808244AD
:1090B00006F05DF840F6B833C61841F10009D34513
:1090C000EAD8694A92F8009053784B44DBB2FF2B00
:1090D00040F0948013463A68134441F22100997895
:1090E000DA78002342EA012260499A4611F8016FBA
:1090F00083EA062308260FFA83FC5B00BCF1000F0D
:109100009BB2B8BF4340013EF5D1D7F800C00AF189
:10911000010BDC4561D19A4270D15A4654495548F9
:1091200007F0A2FFFB68534A002B40F0AF80B9F173
:10913000000F66D191461046334610F8011B0029F6
:1091400064D19B4568D901339B4567D9D55C981894
:109150001DB10A2205F01EFD054607F11803194648
:1091600019F8012B22B101363F2E03F8012BF7D15C
:1091700007F1100206F148039E18002306F8403C50
:109180006E4688B002AA3C48C2E905014FF400715E
:1091900091833A4942F8101F30484FF4E65101F0EC
:1091A000B9FFB546364A2D482B46032106F0D6FDB9
:1091B000B5BB1521204605F0E2FF6FF0150600E76C
:1091C00080235CE705F0D3FFB04271EB090112DAAE
:1091D00000210A2007F0A0FD71E7DA4686E76FF06C
:1091E0001503284A1D48022106F0B8FD1521204626
:1091F00005F0C5FFC1E66FF07303F2E76FF04C03B3
:10920000EFE71521204605F0BAFFBAE69A4503F1CB
:10921000010101D00B4690E700259EE70D469CE733
:109220000621204605F0ABFF4321204605F0A7FFAD
:1092300007F114007D6100F091FC064600284ED035
:10924000114A03460548012106F088FD18212046F1
:1092500005F095FFB5E600BF001D0108BC1601082A
:109260001A1D01083B1D0108563400205734002008
:109270005834002056300020761D010803000001FC
:10928000861D0108551D01089F1D0108B8F1000F3A
:1092900016D0B9F1000F13D1484600F009FD06467B
:1092A00010B1274A0346CDE70621204605F067FFA7
:1092B0000095BB68234A2448032106F059FD80E647
:1092C0007B684B451BD07B68009302211F4A1E48D8
:1092D0004B4606F04DFD1521204605F050FF05F0E8
:1092E00046FF40F6B833C61841F1000905F03FFFCC
:1092F000B04271EB0901FFF686AE012453E6BB686C
:109300001349A5EB0309D94528BFD9464A46184653
:1093100000F08CFC064648B10E4A034601210A487B
:1093200006F01CFD304600F0C3FC8FE7BB684B44E1
:10933000BB607B680133DBB27B600621CCE700BFFA
:10934000C21D0108E61D0108BC160108181E01080F
:1093500056300020441E0108014804F009BC00BF3B
:10936000AC1200200A23A0FB0323014804F034BC04
:10937000AC120020014B186000207047B02C002078
:1093800007B50346094805F007FF20B14FF0FF304D
:1093900003B05DF804FB01220DF10701184600F04F
:1093A00053FF0028F2D09DF80700F1E7B82C002009
:1093B00008B50346044805F0EFFE20B91846BDE89D
:1093C000084006F018B908BDB82C0020064BBFF3C2
:1093D0005B8F53E8001F013143E80012002AF8D1E7
:1093E000BFF35B8F704700BFB42C0020064BBFF368
:1093F0005B8F53E8001F013943E80012002AF8D1BF
:10940000BFF35B8F704700BFB42C0020F8B50C464B
:10941000164638B10128124D18BF002524B9002680
:109420003046F8BD0F4DF9E7002EF8D00E4805F094
:10943000B3FE0028F3D1002DF1D0284607F01EFB23
:109440000028ECD0FFF7C2FFA71914F8011BAB6886
:1094500028465B689847BC42F7D1FFF7C7FFDFE7B4
:10946000581301083C130108B82C002070B50546BC
:10947000A8B016460C4611B9002028B070BD0D48A2
:1094800005F08AFE0028F7D1FFF7A0FF68463346B3
:109490002246A02105F028FEFFF7A8FF0028EBDDFB
:1094A0009F280246694628BF9F222846FFF7AEFF45
:1094B000E3E700BFB82C0020F0B58DB01C4607468E
:1094C0000E46154600212C2201A807F0DBFDCDE950
:1094D00002648DF80470FFF779FF202C15D82CB1A9
:1094E000B5B12246294604A807F0BEFD0A4800226D
:1094F000002301A907F0EDFA044608B9FFF72CFF95
:10950000FFF774FF20460DB0F0BD6FF07904F7E768
:109510006FF01504F4E700BF3C12002010B5084CB2
:10952000C2B0084800220023694604F0BDFA08B121
:1095300042B010BD2368002BF3D068469847F0E78F
:10954000B02C00201412002010B5094C094805F079
:1095500023FE30B14FF0FF314FF0FF3007F0DCFB5E
:10956000F4E7FFF7DBFF23689847FFF7D7FFEDE746
:10957000C42C0020C02C0020F7B5044605F012FED4
:10958000241841F10005FFF7C9FF0A2605F00AFE7D
:10959000231A114865EB010105F0FEFD0746C0B92D
:1095A000012B71F100020FDBA3FB063206FB012247
:1095B0000A48CDE900320321012207F04AFDC30722
:1095C000E4D5FFF7ABFFE1E7FFF7A8FF384603B0AC
:1095D000F0BD6FF00307F9E7C02C0020BC1200209B
:1095E000F7B50C4601A905F0F4FD30BB032C22D8D9
:1095F000019B134A1868197952F82420DB88134319
:10960000DA028768066907D513F4402F1EBF43F3BB
:10961000000202F4402253403468012523F48012F2
:109620008D40DB074CBF2C43AC4334603B6803B038
:10963000BDE8F04018476FF0150003B0F0BD00BF63
:1096400018170108431C06D14FF0FF324FF0FF33CB
:10965000034804F0C1BA0A23A0FB0323F8E700BFC4
:109660009C12002010B50D4C206818B102F086FC49
:10967000002323600A4A002313600A4A13600A4841
:1096800007F02EFA094807F02BFA094804F0CAFA45
:109690000848BDE81040032107F0D7BCC82C0020C3
:1096A000C42C0020B02C00203C12002014120020FA
:1096B0009C120020BC12002010B58EB0124800226F
:1096C000002303A904F0F0F908B1002416E0FFF725
:1096D0007DFEDDE904139DF80C0093B106AA05F0A8
:1096E00032FD0446FFF782FE0028E7D00090DDE956
:1096F00004239DF80C10054805F07FFF20460EB0AE
:1097000010BD1A46EBE700BF3C120020741E010892
:109710000146014805F052BDB82C002008B588B1BB
:10972000830711D100F16043A3F56F4340F6FC724B
:10973000934209D80160064804F01AFA054802214C
:1097400007F080FC002008BD6FF01500FBE700BFAC
:109750009C120020BC120020012108B5084805F029
:109760002DFD0846FFF7D4FF0648022107F06AFCEA
:10977000054B186818B1BDE8084007F0E6BA08BD07
:10978000C02C0020BC120020C82C002070B505F0B1
:1097900009FD10F5FA6641F10005FFF7DDFF0C4BFE
:1097A0001C6834B10B4805F0F7FC044618B9FFF704
:1097B00059FF204670BD05F0F5FCB042A94104DA1E
:1097C0000021642007F0A8FAECE76FF07304F0E7DB
:1097D000C82C0020B42C002070B56F48A8B005F04C
:1097E000DBFC002840F0D5806C4E3268002A40F047
:1097F000C8806B4B6B49C3F8001F0C251021C3F8C0
:10980000045FC3F8081F6849C3F80C1F6749C3F811
:10981000101F6749C3F8181F6649C3F81C1F664923
:10982000C3F8201F6549C3F8241F6549C3F8281FE2
:109830006449C3F82C1F6449C3F8301F6349C3F857
:10984000341F6349C3F8381F6249C3F83C1F0FA88F
:10985000089205F01BFD044688B15F48214605F0DB
:10986000ADFCFFF7FFFE5C48214605F0A7FC14F1B4
:109870003D0F40F08A80594805F0BFFE82E009A8FC
:1098800005F075FD04460028E7D12799CB073AD5A6
:10989000090E0C2906D052482A4605F0AEFE6FF09C
:1098A0007A04DAE7249B099A9A422FD20A988342D3
:1098B0002CD30C9A1B1A9A4228D80B99B1F5805FC9
:1098C00024D8C1F580539A4220D80D9BB3F5805F10
:1098D0001CD80E9CC3F580539C4217D801F100514F
:1098E00008AB01F56F4105F071FD04460028B4D1C5
:1098F0000C9A089B9A420CD06FF00401364805F090
:109900005DFC0C46ADE76FF08504A6E76FF015042B
:10991000A3E701460D980E9A324D00F1005000F574
:109920006F4007F0AFFB099B2B481D442E4B45F0C1
:10993000010521461D6005F041FC269B0C9A2B4831
:10994000B3F5805F28BF4FF480530193284B0093F9
:1099500029460E9B05F051FE00220023CDE9062387
:109960000A23CDE90243CDE90044224B2249049465
:109970004FF48062214804F021FB3060204907F059
:1099800031F90024204628B070BD1E4805F035FE90
:10999000F8E76FF00F04F5E7C02C0020C82C00207A
:1099A00000F0002050415452B99400087995000805
:1099B000B1930008459600080D940008E195000851
:1099C00047F2000815F20008759300086D9400082E
:1099D00081930008B5F10008BC2C0020551F010838
:1099E000CC1E010880100308C42C0020111F0108A0
:1099F00000EF002049950008C03D002050130020D2
:109A00004E1F0108911F010808B50021074805F005
:109A1000D5FB074805F0D2FBFFF724FEFFF7DCFE7D
:109A2000BDE808400020FFF773BE00BFC02C002037
:109A3000B42C002005230360004870472817010854
:109A400008B5064B186808B106F025FABDE80840CD
:109A500002484FF48E72002107F014BBCC2C00207A
:109A600070B5194D2B6853B3AA68531EFF2B26D827
:109A70004FF48074B4FBF2F35343A3421FD1D5F8E3
:109A80000C31FBB1A8B9FF2B12D9104EE21AFF21FD
:109A9000F01807F0F7FA696856F80C0C23463246BE
:109AA00006F00FFA20B96B68C5F80C0123446B600F
:109AB00070BDD418013CB4FBF2F45443E5E76FF0F9
:109AC0001500F5E71846F3E7CC2C0020D82C002031
:109AD00030B413460C4A0446D2F81401A0420FD306
:109AE000001B98420CD3106850B18568A54207D37B
:109AF0002D1B9D4204D30A46214630BC06F0CCB94A
:109B00006FF0150030BC7047CC2C002038B50C46E7
:109B10000546C8B1C1B10A468023002106F0BCF950
:109B200088B922680B4B9A4211D162680A4B9A425B
:109B30000DD1A2685AB1AB68802B08D9803B9A42FC
:109B400088BF6FF03C0038BD6FF01500FBE76FF089
:109B50003C00F8E74D4346570200800073B50646C7
:109B6000002840D003687F2B3DD92F4D95F8181160
:109B7000002955D14FF48E72284607F083FA3368D6
:109B8000B3F5204F20D801A9022001F0D9FD0446E9
:109B900010B1FFF755FF0CE0019BD86806F06EFF8F
:109BA0000346019843B906F076F9FFF749FF6FF0D5
:109BB0001204204602B070BD326883689A4206D90A
:109BC00006F069F9FFF73CFF6FF01A04F1E706F0C1
:109BD0009DF90346013BFF2BA860019806D906F0CA
:109BE0005AF9FFF72DFF6FF01504E2E7214682686E
:109BF00006F07CF9019B044618B1184606F04BF9B3
:109C0000C7E72B603368C5F810314FF48072012329
:109C1000FF2105F10C0085F8183107F033FAC8E789
:109C20006FF00F04C5E700BFCC2C00202DE9F843EE
:109C30001E4C94F818310D4690469BB391B3D4F85E
:109C4000142182422ED1D4F810319B1A434526D3D9
:109C500023683BB3474604F10C0937B9D4F81431F3
:109C60004344C4F81431384617E0D4F80C01C0F569
:109C70008076BE4228BF3E4629463246484407F019
:109C8000F3F9D4F80C3100203344C4F80C313544D6
:109C9000BF1BFFF7E5FE0028DFD0BDE8F8836FF0BB
:109CA0001A00FAE76FF01500F7E700BFCC2C002090
:109CB0002DE9F04F684D95F81821C7B08346002A6A
:109CC00000F0C780A8BBD5E944329A4240F0B88082
:109CD0000120FFF7C5FE834658BB06AE8022314601
:109CE000FFF7F6FE002840F0AE8032685B4B9A42E8
:109CF00040F0A98072685A4B9A4240F0A480D6F88E
:109D00000890B9F1000F00F09E80D5F81031803B2B
:109D1000994500F29880336EB3F5805F0FD94FF408
:109D2000805200924F48504A012106F021F86FF00E
:109D30000B0BFFF785FE584647B0BDE8F08F0024B7
:109D4000A2460DF19808A9EB0A07802F28BF8027AB
:109D50003A4641460AF18000FFF7BAFE83460028E2
:109D6000E7D120463A46414602F034FBBA44D14599
:109D70000446E8D8F268824268D12A6832B3D5E94D
:109D80004410884222D11278022AD2D00DF114094F
:109D90004946022001F0D4FC83460028C9D1D9F8F5
:109DA0000000D5F810118268914204D906F073F8CA
:109DB0006FF01A0BBDE706F0A9F8431E7F2B824611
:109DC0000393D9F8000004D906F065F86FF0150B7D
:109DD000AFE75946826806F089F800278346BBF151
:109DE000000F03D1D5F81041BC4204D8D9F80000C7
:109DF00006F051F89DE7E41B039B2868802C28BFE0
:109E000080241E1942462346394606F045F8B6FB23
:109E1000FAF683460AFB06F60028E7D1B44205D2DB
:109E2000321BFF2108EB040007F02CF93946D9F862
:109E300000003346424606F044F827448346CEE706
:109E40006FF0040B75E76FF03C0B72E76FF04C0B93
:109E50006FE76FF015006FE7CC2C00204D4346579D
:109E600002008000A4160108B91F01082DE9F04F77
:109E7000DFF8008187B00446206883689B69002B67
:109E800075D0102202A99847031E00936FDDDFF8FA
:109E9000E89002AE4FF0000B4C4516F8013B4BD159
:109EA00098F8001089B30D2B344F01D00A2B1DD127
:109EB000DFF8CCA09AF8005035B9324B39688D42A2
:109EC0000CD30A20FFF710F800233B6088F800301D
:109ED0008AF800302C4B01221A700EE013F8010BA7
:109EE00001930135FFF700F8019BE7E73968FE2988
:109EF00009D8244A481C53543860009B0BF1010BCD
:109F00009B45C9D1B8E71E4BE5E71F4A107860B101
:109F1000402B0AD111701A4A1170184A01201060A2
:109F2000184A88F800001370E7E70D2B18BF0A2BBA
:109F30000CBF012100211170EFF31185102282F373
:109F40001288BFF36F8F6068A268411CC1F30A01D9
:109F5000914208BF4A1C204404BFC2F30A02A26017
:109F6000C373616085F31188BFF36F8FC5E707B0D6
:109F7000BDE8F08F5B38002014010020E82D0020A0
:109F80005A3800205C3800209C11002010B5437B1B
:109F90000446D3B9006810B96FF0120010BD06F086
:109FA0006DFD0028F8D00B4B2068227B0A49002A5F
:109FB00018BF1946836853B19B6C43B1224698473A
:109FC000206805F03DFA012363730020E6E76FF097
:109FD0005700E3E777F400084BF400080128F7B5D1
:109FE00005460C4604D96FF01504204603B0F0BDB9
:109FF0000029F8D04FF40167314E4743F05910B9AA
:10A000006FF01204F1E706F039FD0028F8D0F0599E
:10A0100083681B69002B3DD12A4B009401934FF4B8
:10A0200001636B43F218117B002939D1577B27B1AB
:10A03000F0588368DB6A03B198474FF401636B43C0
:10A04000F0588368DB68002B34D069469847044693
:10A050002FB14FF401636B43F05805F0F1F914F19F
:10A06000580F1FD16FF057044FF4016303FB0563D2
:10A070001B7B002BB9D04FF4016303FB0565AB7B61
:10A08000B3B92846FFF782FF04460028ADD101236B
:10A09000AB73AAE7694698470028BDD10094BEE794
:10A0A0000027CAE714F1860FDED0002CE3D09CE72E
:10A0B00000249AE7002FD5D06FF05704C9E700BFFE
:10A0C00014010020000103001FB583680C2B024619
:10A0D00007D00E4A0E48012105B05DF804EB05F0EB
:10A0E0003DBE1169C06801AB03C3506918600146E9
:10A0F0000298FFF773FF01460198FFF70FFB034635
:10A1000008B1044AE6E705B05DF804FB0220010847
:10A11000B41601082920010873B54368012B26D025
:10A12000B3F1805F1DD1134C0026236893B1204604
:10A13000FFF72CFF0546B8B10F4A009033460F4891
:10A14000012105F015FE0E4A0C4800953346012109
:10A1500005F00EFE731C022B04F501644FF001069E
:10A16000E3D1002002B070BD0123A373F2E7FFF733
:10A17000ABFFF6E71401002053200108B4160108D4
:10A180007A200108012813D8EFF31182102383F3FA
:10A190001288BFF36F8F084B4FF4016101FB00334E
:10A1A0000020C3E9010082F31188BFF36F8F70476D
:10A1B0006FF01500704700BF1401002001282DE941
:10A1C000F74305460F46904605D94FF00008404634
:10A1D00003B0BDE8F0834FF401661A4C464304EB2C
:10A1E0000609A0590028F0D099F80E30002BECD0C9
:10A1F0000029EAD0002AE8D006F040FC0028E4D08C
:10A200000023019399F80C3073B94FF401633E4673
:10A2100003FB05444744206816F8011B83685B680C
:10A220009847BE42F7D1D2E7A05983681B6D002B37
:10A23000CBD001AA042198470028C6D1019B002B4E
:10A24000E3D1C2E71401002001282DE9F7430C46B1
:10A2500016464CD84FF40162264B50431F1818582D
:10A26000002844D0BB7B002B41D000293FD0002EDA
:10A270003DD006F003FC8046002838D001254FF081
:10A280001009EFF3118189F31288BFF36F8FD7E9BB
:10A29000012393421FBFFA180133C3F30A03D27B91
:10A2A0001DBFBB608DF807204346002381F3118852
:10A2B000BFF36F8F73B19DF807302370AE4205F185
:10A2C000010304F1010403D8284603B0BDE8F0837C
:10A2D0001D46D6E7BB8943B9386883681B6823B13C
:10A2E0000DF1070198470028E5D0013DECE7002576
:10A2F000EAE700BF140100202DE9F04F91B0840778
:10A30000009302F004030293C2F3C20303F10103BA
:10A31000DDF868A0039205460E46059340F09D8146
:10A32000041D00284AD101F00706341DC6F10806B5
:10A33000009B00275A1E4FF004084FF0FF33019393
:10A340000497B946BB4643460DB100992160059874
:10A35000002800F3D78090480099814203D38F48AA
:10A360008142C0F0CF80039911F0020CA4EB0500EC
:10A3700040F0D680B9F10F0F00F2CF80002D00F031
:10A38000D68009F140010DEB010EC0F38700019961
:10A390000EF8200C0EF8101CBCF1000F00F0C3806A
:10A3A00060F07F000EF8200C013709F10109C5F1BA
:10A3B0000801043406914FF6DA7E8CE00729B7D8FD
:10A3C0006FF01B0011B0BDE8F08F7A285BD84B28E6
:10A3D0000FD8472857D829282ED8252850D052D80A
:10A3E000202818BF23280CBF4FF0010B4FF0000BA3
:10A3F00071E04C382E2846D8DFE800F06D45454521
:10A4000045454545454545454845454545454545F9
:10A4100045564548485656566D486A456D45184854
:10A420001845457F7C48454548457C0000204FF055
:10A43000000B4FF0040835E02A38C0B2012101FAC0
:10A4400000F010EA0E0F46D110F0625C2CD110EA39
:10A45000010B40D06046013C4444B4FBF8F408FBD7
:10A4600004F425B1A3EB050CA444B445A8D80028F6
:10A4700070D00599013905915AF8041B009163E7E2
:10A480000199013901914FF0000B24E012F8010C01
:10A490006C2834D112F8023C00206C2B8346C8D1C2
:10A4A0004FF008084346D6E70AF1070A2AF0070AE0
:10A4B0000734FAE802BC24F0070435B106982044BA
:10A4C000B0423FF67DAFC4E900BC08344FF0000B4A
:10A4D0004FF00808434612F8010F002853D0BBF193
:10A4E000000F7FF472AF2528F5D1019B0133019352
:10A4F0004FF0010B4FF00408ECE7584697E70020B7
:10A500008346A8E7039988077FF551AF601B4FF09A
:10A51000010CB0F5007FFFF42DAF6FF0150051E78F
:10A520004FF0000CF5E70498013004903DE7BCF1D2
:10A53000000F01D0013638E70298023600287FF478
:10A5400034AF0098CDE90632FDF708FFDDE90632A9
:10A5500006442AE7042B08D10AF1040015B1DAF801
:10A560000010216004348246B5E70AF1070323F0A6
:10A57000070303F1080A1DB1D3E90001C4E9000192
:10A5800008340823A7E7631BB3F5806FC5D23DB934
:10A59000A6F10804E01815E7D8110108002B0108FE
:10A5A000029A28609B082B709DF81030AAB1EB70BE
:10A5B000AF702FB108A80022C5F1010C91450ED152
:10A5C000C5F101030DF120084FF0000A01930DF1D0
:10A5D000300BD14512D1601BF4E66B70E8E710F840
:10A5E000013B190608D50CEB040EB64503F07F03BA
:10A5F0003FF6E6AE04F8013B0132DFE71FB198F900
:10A600000020002A17DB029BD3B11AF80B2004F8B4
:10A61000012B0022019B18191044B0423FF6D0AE26
:10A6200098F8000004F8010B00990392204606F008
:10A630001BFD039A14440AF1010A08F10108C8E756
:10A6400098F8002055F822300093029B45F82230FC
:10A650000098FDF783FE421CDCE76FF00D00B1E6C9
:10A660002DE9F04F97B000AFC7E90A3205468A4698
:10A6700049B903784678807800EB83002844564532
:10A6800024D8A0EB050AD7F8803095F80280D7F8D7
:10A69000804003F00103FB61EB787B62B8F1000FAF
:10A6A0000CBF002404F001041BB1D7F880309A07D6
:10A6B00015D4A4B9FB6A1BB1BA6A5146284698471B
:10A6C000564630465C37BD46BDE8F08F441C2046F8
:10A6D000FDF744FE013020440AF1010ACFE7D7F824
:10A6E0008030C3F3C0033B622B78BB619B003B61AE
:10A6F0006B687B61BB6905EB830BFB6A002B77D131
:10A700005646D844BCB11C461BF8013B55F8230003
:10A71000FDF724FED7F88430013043B1D7F88830F4
:10A72000A34282BFD7F8843023F814000134C34514
:10A730000644E9D1D846D7F8803013F0050F0CBF96
:10A740004FF0020B4FF0010B4FF000097B6A994567
:10A75000B7D298F8013055F823A0AE4B9A4508F1CE
:10A760000208C0F04B81AC4B3A6A9A452CBF0023DB
:10A7700001230AB318F8021C7869FB6204F01CFF7D
:10A78000FB6AC8B1EA468AB06A46A44B05937B6966
:10A79000CDE906314FF40073ADF82030A04B42F8FC
:10A7A000103FA04800234FF4125100F0B3FC023ECA
:10A7B000D54609F10109C9E723B1FB6933B9A6EB15
:10A7C0000B06F6E7D7F880309B07F2D55046FDF729
:10A7D000C5FDD7F884304BB1D7F888309C423FBFD5
:10A7E000D7F88420431C22F8143001340644E0E7F3
:10A7F000002C69D1B8F1000F6CD0D7F88030580721
:10A800006BD5C14607F148004246594606F02CFC7C
:10A810000BEB0803FB6000220233796A8A425ED3A5
:10A82000D7F8802095F801B0F969920704EB0B0383
:10A83000DBB254BF4FEA59020022002940F0A68043
:10A84000D7F8801011F0040F14BF494600216B7037
:10A85000A970EA703969BA6AFB6A28469847061EE9
:10A86000FFF62FAFBB692B707B6AEB704946BA6A63
:10A87000FB6A85F801B085F8028007F14800984727
:10A88000B0F10009C0F2B6803B697A6A786A03EBDE
:10A890004201FB68BA6A414403EB4000AAEB0101A4
:10A8A000FB6A98470028C0F2A780B14409EB000674
:10A8B0004FF0000B07F1380AA34569D30021BA6AAB
:10A8C000FB6A08469847FCE6444607F138004FF01B
:10A8D000000999E74446C1469AE7A14698E713F86C
:10A8E000016CDFF830C155F8260013F8021C6045F2
:10A8F000C0F08A80DFF820C16045386A2CBF4FF075
:10A90000000B4FF0010B38B17869C7E9013204F050
:10A9100053FED7E90132F0B9BBF1000F1ED0F9693F
:10A9200049B1611C04F1280007F13004041904F84E
:10A93000206CCCB20FE0D7F8801049070BD509F195
:10A94000280007F1300C09F1010100EB0C0909F8AE
:10A95000106C5FFA81F9013202335EE7D7F88000AC
:10A960008007DED409F1280C07F1300EF44409F118
:10A9700001000CF8101C07F1580151FA80F009F1A0
:10A9800002095FFA89F900F8106CE4E700215EE73C
:10A990001BF80A3087F8373055F82390D7F8843001
:10A9A0002BB3D7F888309B4521D2D7F8843033F8C1
:10A9B0001B80BA6AFB6A012107F13700984700281B
:10A9C0001ADB0644B8F1000F06D14846FDF7C6FC75
:10A9D00000F101081FFA88F8BA6AFB6A4146484646
:10A9E0009847002808DB06440BF1010B64E74FF0A1
:10A9F0000008DEE74E4664E6064662E63B6A002B48
:10AA00003FF4E0AE0023B5E6386A0028A6D04FF048
:10AA1000000B79E7D8110108002B0108B8200108C4
:10AA2000040000012C160108014B1860704700BF9C
:10AA30003411002080B505460E461746984603F0AF
:10AA4000CFFC034601F0FEFADFF81890044649F8FF
:10AA50000030424630463946A84754F8090001F014
:10AA60008DFA00BF0800000008B50446EFF311831B
:10AA7000102383F31288BFF36F8F05F072FF204617
:10AA800001F07AF9024804F0B8FD05F086FAFCE717
:10AA90006C2101084FF0B04382B09A6C42F0010281
:10AAA0009A649B6C054A03F001030193019B536870
:10AAB000002043F00203536002B07047002004E01E
:10AAC00008B54168054883681B680C311BB198477D
:10AAD00000EAE07008BD6FF05700F9E7781201084E
:10AAE000192810B502D90024204610BD044B53F894
:10AAF0002040204605F0C2FF0028F5D1F3E700BF53
:10AB0000B4170108EFF31180102383F31288BFF309
:10AB10006F8F094B1A683AB9084A116841F480717D
:10AB200011601168C905FCD51A6801321A6080F3FA
:10AB30001188BFF36F8F7047302E0020000400583B
:10AB400010B5EFF31184102383F31288BFF36F8FD6
:10AB5000134B1A68C2B9BFF35B8F124B012253E843
:10AB6000001F002903D143E800200028F7D1BFF3DC
:10AB70005B8F04D10C4A0D48022105F0E6F884F3FE
:10AB80001188BFF36F8F10BD012A01BF08490A6801
:10AB900022F480720A601A68013A1A60EFE700BF77
:10ABA000302E00202C2E0020D8210108DC160108B0
:10ABB00000040058084B1A6842F400721A601A68C0
:10ABC00042F480621A601A6842F480721A60034B81
:10ABD000034A1A60704700BF004000588C110020E3
:10ABE00000093D002DE9F047DFF854800446074690
:10ABF0004FF0010994FAA4F5B5FA85F509FA05F3C1
:10AC00002E0108EB05156FEA030A24EA03042B7BE7
:10AC100063B158F806301B696BB946440422736867
:10AC20002846196807EA0A0705F01FF8002CE1D149
:10AC30003846BDE8F087284698470028F6D1ECE76B
:10AC4000F416010810B50F490F4888B0002206F02D
:10AC50008BF900220023CDE9062300240E23CDE941
:10AC60000334CDE90144094B094900944FF4407283
:10AC7000084803F0A3F90849064805F0B3FF204649
:10AC800008B010BD9DAC000868180020BDAF0008DA
:10AC900000420020D813002019220108014802F0C8
:10ACA00067BF00BF8C1200202DE9F0478046204886
:10ACB0000F4604F0B2FF0646002832D00025284691
:10ACC000BDE8F087237B83B12368DB680BB12046A6
:10ACD0009847636883F8069023681B69CBB963685B
:10ACE00004221968204604F0C0FF01361034544590
:10ACF000E8D3B8F1000FE2D0002DDFD02846FFF7EF
:10AD000071FF0546002FF7D00021642006F004F8FB
:10AD1000F2E7204698470028E1D009FA06F31D43E0
:10AD2000E3E7044CDFF810A005464FF00109DEE729
:10AD3000442E0020F416010804170108014B53F8B3
:10AD4000200070473018010808B5034608462BB1AB
:10AD5000044A136000F03EFC002008BD6FF01500AF
:10AD6000FBE700BF3811002010B5044C237813B95D
:10AD7000034802F0FDFE0123237010BD5C39002062
:10AD80008C12002010B504460B4804F046FF5CB15D
:10AD9000BFF35B8F094B53E8001F013943E80012F2
:10ADA000002AF8D1BFF35B8F054803F03FFE05484A
:10ADB000BDE8104002F0DCBE3C2E0020402E0020FA
:10ADC000681800208C120020064BBFF35B8F002216
:10ADD00053E8000F43E800210029F9D1BFF35B8F4E
:10ADE000704700BF3C2E002070B5FFF7EDFF084C08
:10ADF000084E0546B44200D370BD63685B792BB141
:10AE000023685B6813B12946204698471034F1E760
:10AE1000F41601080417010810B5044C0449204633
:10AE200004F0F8FC034B1C6010BD00BFC4110020EF
:10AE30001C180108342E00200D4A0E48002310B5BE
:10AE400013700D4A13600D4A4FF47A711360FFF7C7
:10AE50007BFFFFF7E1FF0A4B0A4918468B4200D3FC
:10AE600010BD1A1A5C681211013222711033F5E715
:10AE70005D39002035FC00083C2E0020402E0020CB
:10AE8000F4160108041701080146002201480023B6
:10AE900004F0E1BCC4110020014804F078BD00BFFB
:10AEA000C4110020024B0146186804F0CBBD00BF5E
:10AEB000342E0020014804F000BE00BFC411002061
:10AEC00070B5274B1B78002B47D0FFF7E5FF0446F2
:10AED00000283FD1234B244D1B68002B12DD05F0C9
:10AEE000FBFF0A220023FDF715FAD5E90032C01A4C
:10AEF00040F2E93361EB0201984271F1000101D3A4
:10AF0000FFF772FFD5E9003213F57A7342F10002C0
:10AF1000C5E900320CB3BDE87040FFF7CBBF6B68EA
:10AF20005B7923B12B6821461B682846984710356A
:10AF3000B542F4D32046FFF7B5FFBFF35B8F0B4B51
:10AF400053E8001F013943E80012002AF8D1BFF38B
:10AF50005B8FBFE7064D074EEAE7002070BD00BFDC
:10AF60005C3900203C2E002060180020402E00207C
:10AF7000F41601080417010870B50D4D297861B960
:10AF80000120FFF791FE0B4C0B4EB44206D3FFF7A6
:10AF900097FF0028FBD101232B7070BD63685B799C
:10AFA0001BB1236820469B6898471034EDE700BF2B
:10AFB0005D390020F41601080417010800212DE96D
:10AFC000F8430846FFF770FE044648B34FF4FA789A
:10AFD0004FF0000901F036F81A4B1B4A1B5813605A
:10AFE00033B11A4B1B68092B02DD194802F0C0FD72
:10AFF000184F002544B12046FFF7F4FD044618B968
:10B000004FF0FF384FF0FF39FFF75AFF064628B9D7
:10B01000B5B90F4842464B4602F0DEFD3546E9E73A
:10B020004FF0FF384FF0FF39D4E72B689B691BB115
:10B0300000221146284698471035BD42F5D3E8E76F
:10B04000054DFAE708000000382E0020402E0020B1
:10B050008C12002004170108F416010813B51848D3
:10B0600004F0DBFD174B1B7873B1EFF31184102351
:10B0700083F31288BFF36F8FFFF722FF84F31188E9
:10B08000BFF36F8F02B010BD0F4B1B68002BF9D0C0
:10B0900050B900220023CDE900230C4842F210727F
:10B0A000002303F08BFCEDE70928EBD1074803F000
:10B0B000BDFC074802B0BDE8104002F059BD00BF1A
:10B0C000402E00205D390020382E00206818002016
:10B0D0008C12002010B5064B1B6804469847214689
:10B0E000A060044804F034FCBDE81040FFF7B6BF90
:10B0F00038110020C4110020044A054B9B1AB1EB03
:10B10000D30F34BF52F831000020704724160108D5
:10B11000F41601082DE9F04F8FB004AFC1F34A26B1
:10B12000B8600D4690467B600C0D002E61D04FF04C
:10B1300000090A234FF0040B07F1140AFE60C7E967
:10B140000799C7F824900093CDF808B0CDF804A073
:10B1500007F11C03F9684A464046FFF781FAB0F54B
:10B16000006F03461CD36C468AB0D8F8041004ABB9
:10B170002448C3E9050140F2FF71D9611A464FF432
:10B1800000711984204B42F8103F20484B464FF481
:10B190001251FFF7BFFFA5462C37BD46BDE8F08F23
:10B1A000C0F30A0604F11700184420F007008008D5
:10B1B0003B60FFF769FE66F35325044680B13B68A8
:10B1C000134A00F11001C7E90839F961CDE901AB73
:10B1D0000A230093F96807F11C034046FFF740FA81
:10B1E00066F353257B68B9682A46204604F05DFD66
:10B1F000D2E704F1170020F007008008FFF744FEB3
:10B200000446EDE72E220108040000015C16010847
:10B210007DFC00082DE9F04F87B0DDE9127ADDE909
:10B22000106B0546884614469946BFB11021CDF8EB
:10B2300000A03B465A460020CDF814A0FFF75CF86A
:10B24000B0F5006F01460BD3194A1A4840F2FF735C
:10B25000022107B0BDE8F04F04F080BD3946384602
:10B2600004F0070305F00704E40044EA831444EA09
:10B27000402444EA065406F11700084420F0070071
:10B2800080080391FFF700FE054640B13FB10399E6
:10B29000CDF800A03B465A461030FFF72DF84B463C
:10B2A00022464146284607B0BDE8F04F04F0FDBCF9
:10B2B0006D2201085C160108406820B1034BC01ADA
:10B2C00040F3CF0070474FF0FF307047241601085D
:10B2D0000EB403B503AB014653F8042B04480193A5
:10B2E00001F036F802B05DF804EB03B0704700BF20
:10B2F000BFFD0008CA0605D48B064CBF02490349AE
:10B30000FFF7E6BF704700BFA6220108A52201088B
:10B310002DE9F04F89B09846159B0693DDE916A3F9
:10B320009DF85090189F059204460D460493B9F17C
:10B33000000F00F0B08007F48073079304F093FCD3
:10B3400007F0020B0246002874D078492046FFF728
:10B35000BFFF0646BBF1000F08D017F0440F6BD1BA
:10B3600073492A462046FFF7B3FF064407F001035E
:10B3700053B1704B704953F82920704B2046002A76
:10B3800008BF1A46FFF7A4FF07F48073002B07F0ED
:10B39000080318BF4FF00008002B79D0684B6949AB
:10B3A00053F829202046FFF793FF0546059B2BB154
:10B3B00065491A462046FFF78BFF0544B8F1000F98
:10B3C00005D0624942462046FFF782FF05446048A7
:10B3D0003544069B1BB15F49224604F0BCF8049B30
:10B3E000002B00F08E80DDF810803946B8F1100F88
:10B3F000204628BF4FF01008FFF77CFF0026B5421B
:10B4000050DC002633461AF8032053492046FFF744
:10B410005FFF0136102E4BD0710703D14F492046F4
:10B42000FFF756FF46453346EDD34D492046FFF71B
:10B430004FFFEEE706468DE74A4B1868002894D088
:10B44000494B4FF47A7B1B68B5FBF3F54FF461630E
:10B45000B5FBF0F100FB11550BFB05F54FF03C0C73
:10B46000B1FBF3F203FB1211B5FBF0FEB1FBFCF3F1
:10B4700000FB1E550CFB13110BFB05F50091B5FBF2
:10B48000F0F53A49CDE901E52046FFF721FF6CE7E9
:10B4900007F008058AE7B8F1010F0CBF2C483448C3
:10B4A0004D4696E72D492046FFF712FF0136A6E7E5
:10B4B000304920460026FFF70BFF33461AF80320D9
:10B4C0002D49A2F120035F2B28BF2E222046FFF733
:10B4D000FFFE0136102E0DD0720703D11F49204602
:10B4E000FFF7F6FEB0453346E8D81C492046FFF783
:10B4F000EFFEEEE7049BB3EB0803C24404937FF432
:10B5000072AFB9F1000F0AD0FB0704D50B4A0A4904
:10B510002046FFF7DDFE39462046FFF7EBFE2046CA
:10B5200009B0BDE8F04F04F03DBC00BFAD220108FA
:10B53000B122010840180108941C0108A822010842
:10B5400054180108D6220108DC220108E022010873
:10B55000BFFD000851C30008E5220108ED220108E3
:10B56000EB2201084C2E0020482E0020BA220108B0
:10B57000F5FD0008EF220108F122010873B542F23F
:10B580000F738B4228BF0B4605680F4A04460521FE
:10B59000684603F0D5FA63680C495B6806460422E6
:10B5A000284604F0F1FB63683246694628465B682A
:10B5B00004F0EAFB636806495B681722284604F03A
:10B5C000E3FB02B070BD00BF251C0108DA2A0108A8
:10B5D000C22A0108074A00210123904206D8064AE0
:10B5E00001B901231360054B1860704740085B00E8
:10B5F0000121F2E740420F00482E00204C2E00208F
:10B60000014B01221A7070475E390020014B002067
:10B6100019607047642E00200148FFF7AFBF00BFDC
:10B620008418010810B5064B18680C46FFF786FB16
:10B6300021460346BDE8104002480E22184700BFCD
:10B64000642E002084180108F8B5094D094B0A4EF4
:10B65000D5E9004701221A700CB92C60F8BD2146CB
:10B6600030463A4600F01EF8241A0644F4E700BFBC
:10B67000582E00205F3900206039002010B9074B98
:10B6800018707047064B1B781BB141F2883005F0EB
:10B69000CFB93220002105F03FBB00BF5E3900204A
:10B6A0005F3900202DE9F047DFF88090204E80467A
:10B6B0000F46042599F80040ACB905F0ACF93A46BC
:10B6C00082464146204601F03BFF0446504605F0C5
:10B6D000AAF9ECB10123337099F800307BB93C46EC
:10B6E0002046BDE8F0873A464146002001F028FF99
:10B6F0000446EEE72846FFF7C1FF6C1E25460020F2
:10B7000001F0AEFF0028EAD03378002BF2D1E6E753
:10B71000337833B1013D2846FFF7B0FF3378002B73
:10B72000C8D13378002BDAD0DAE700BF5F390020C8
:10B730005E390020014B0360002070479418010817
:10B7400070B5104B1C680D46B4B10F4B196800233F
:10B750008B4202DB6FF0010070BD224612F8106BC5
:10B76000864202D001331446F2E7E06805F086F91C
:10B7700028B12C600020EFE76FF00C00ECE76FF0D1
:10B780001200E9E73C1100209418010808B50348AD
:10B79000034A0021121A04F0D4FB08BDC81200208D
:10B7A000743900200748084A084908B5121A04F0FD
:10B7B000CAFB0748074A0849BDE80840121A04F0C6
:10B7C000C2BB00BF00010020C8120020082B0108E6
:10B7D000F800002000010020002B01082DE9F047AF
:10B7E000064600AF0C46002936D0E9468AB0D1E9BA
:10B7F0000012A3686D462148E8464FF0050ACDE9DE
:10B800000501CDE9072348F810AF1D484246002343
:10B810004FF42151FFF77EFCCD46D4E90312636952
:10B82000AD461848C5F810A0C5E90501C5E90723CC
:10B830001348002342464FF42151FFF76BFCCD46DD
:10B84000E369114A0E48012104F088FAA3690F4AFE
:10B850000B48012104F082FA012E07D1EFF3058392
:10B860000B4A0748103B314604F078FA214630462F
:10B8700001F026FFBD46BDE8F08700BF3123010877
:10B8800084160108602301088F2301089E23010804
:10B89000CC23010830BFFFF7FDBF00BF2DE9F04109
:10B8A0000B4EDFF8308006EB0807CC1B054632460E
:10B8B0000949204605F0D8FBA01942460021083C62
:10B8C00005F0E0FBAC6707F10800BDE8F08100BFC0
:10B8D00000000000080000000417010810B5204C0B
:10B8E0002049214804F03CFBA36A990136D51E4843
:10B8F0001E4904F035FB1E20A36ADA0104D51A485C
:10B900001B4904F02DFB1F20154CA36A1B0304D513
:10B910001548184904F024FB2120A36A590304D5D3
:10B920001148154904F01CFB22200D4CA36A9A0310
:10B9300004D50D48114904F013FB2320A36ADB034F
:10B9400004D509480E4904F00BFB2420044A936AED
:10B950006FEA03436FEA1343936210BD1D20CBE7E8
:10B9600000ED00E0DF23010884160108F723010839
:10B970000A2401082424010842240108672401083C
:10B980008124010870B506460D46234C23492448FE
:10B9900004F0E6FAA36AD9043CD52148214904F011
:10B9A000DFFA1720A36A1A0504D51D481E4904F0C2
:10B9B000D7FA1820184CA36A9B0512D51B491848C2
:10B9C00004F0CEFAA36BA26A110409D5184A1448F0
:10B9D000012104F0C3F91EB1A36A23F40043A3625A
:10B9E00019200D4CA36A5A0504D50D48114904F0DD
:10B9F000B7FA1A20A36ADB0504D509480E4904F0FA
:10BA0000AFFA1B20044A936A43F47F4393620023F6
:10BA10002B7070BD1620C5E700ED00E0AC240108D6
:10BA200084160108C2240108D3240108E624010871
:10BA3000FF240108142501082F2501082DE9F843EA
:10BA40008046894617462E4D2E492F4804F088FA25
:10BA5000AB6ADA0627D52D492B4804F081FA112468
:10BA6000AB6A1B0704D52A49274804F079FA122447
:10BA7000234DAB6A9E0718D52649234804F070FA77
:10BA80006E6BAB6A1C0637D5234A1F48334601212B
:10BA900004F064F9B9F1000F03D0AB6A23F080031E
:10BAA000AB62132403E01024DAE76FF01506144D9F
:10BAB000AB6AD80704D51949134804F051FA142485
:10BAC000AB6AD90602D4AB6A9A070BD50C4B5B68FC
:10BAD0001B0507D54146304600F006FA10B180F349
:10BAE00009880224064A936A43F0FF039362002305
:10BAF0003B702046BDE8F8836FF01506D1E700BF24
:10BB000000ED00E047250108841601085D250108C5
:10BB1000D324010890250108A8250108BE250108A5
:10BB20002DE9F041684B8AB0D3F8048000AF044699
:10BB3000C8F30806002585F31188BFF36F8F02F064
:10BB40007F43B3F17F4F07D102F00C03082B12D1D2
:10BB50005E495F4804F004FA00252C460023FB717F
:10BB6000F31E092B00F28F80DFE803F00A8588813D
:10BB70008D8D8D8D8D8B10074CBF0C460125EDE70B
:10BB800054495348504E04F0EBF90023FB71F36A1B
:10BB90009A0705D550494E4804F0E2F900232DE0FC
:10BBA000F36A002B01DA4D49F5E7F36A5B00F5D53E
:10BBB0004B49474804F0D4F97369A26943F4807390
:10BBC0007361BFF34F8FBFF36F8F32F8023C72691E
:10BBD00022F480727261BFF34F8FBFF36F8F03F453
:10BBE0007F42B2F55F4F2BD1DBB2022B28D1236805
:10BBF0003C4A3748012104F0B1F82368FA79DAB9F0
:10BC000007F1080604F1200C20686168324603C27F
:10BC1000083464451646F7D17A6A002D50D0C2F335
:10BC2000080121B96FEA52226FEA42227A6207F1D3
:10BC300008011846FFF7D2FD2837BD46BDE8F08160
:10BC4000214B9A6AD2B22AB1FA1D01212046FFF790
:10BC5000F5FE0EE09A6A12F47F4F04D0F91D012020
:10BC6000FFF790FE05E09B6AB3F5803F96D3FFF7A0
:10BC700035FE0346C2E7FA1D0021E7E7F91D002063
:10BC8000EEE7194987E7194A194B18F4F87FE84697
:10BC90008AB008BF13466A461649CDE905134FF42A
:10BCA0000073ADF82030103E134B079642F8103F5A
:10BCB000074800234FF41151FFF72CFAC5466DE7F2
:10BCC0006FF30802B2E700BF00ED00E00B260108A9
:10BCD00084160108362601084D2601086E26010843
:10BCE0007C2601089B260108B7260108DD250108EE
:10BCF000F2250108DB26010804000001044B5A6903
:10BD000042F010025A615A6922F008025A617047E3
:10BD100000ED00E0EFF30880EFF3098101B5724612
:10BD2000FFF7FEFE01BD00BF002080F31488BFF3C3
:10BD30006F8F0E4880F3088800200D490860BFF31C
:10BD40004F8F00F03DF8102080F3118809484FF420
:10BD50000461401880F30988EFF31480022108433E
:10BD600080F31488BFF36F8F04F002F9C05E0020E7
:10BD700094ED00E040450020BFF34F8F0549064B8E
:10BD8000CA6802F4E0621343CB60BFF34F8F00BF79
:10BD9000FDE700BF00ED00E00400FA050749D1F817
:10BDA00090200023C2F307221846934200DB70471D
:10BDB000C1F89830C1F8A0000133F6E700ED00E0CB
:10BDC00008B572B6002383F31388FFF7E7FF144B1F
:10BDD0004FF0FF32C3F88020C3F88420C3F88820D6
:10BDE000C3F88C20C3F89020C3F89420C3F898209F
:10BDF000C3F89C20C3F88021C3F88421C3F88821AC
:10BE0000C3F88C21C3F89021C3F89421C3F898217A
:10BE1000C3F89C2162B6BFF34F8FBFF36F8F08BD8D
:10BE200000E100E01EF0040F0CBFEFF30880EFF319
:10BE30000980816911F8021C0229FFD001B5724600
:10BE400004F083F801BD00BF40B2002807DB044ABC
:10BE50004109012300F01F00834042F82130704760
:10BE600000E100E040B20028A8BF00F1604001F10D
:10BE70000101B8BF064B4FEA0111ACBF00F56140AC
:10BE800000F00F00C9B2B4BF195480F80013704716
:10BE900014ED00E0044B054A23F07F039360BFF3E9
:10BEA0004F8FBFF36F8F70470082000800ED00E0F6
:10BEB00042F8203C009B42F81C3C0A49019B42F896
:10BEC000183C029B42F8143C21F001014FF08073B2
:10BED00042F8043C42F8081C0023203A0265C3677C
:10BEE000704700BF35AA0008094A0346906870B140
:10BEF00013F1160F806E05D0A0F14002934205D3D6
:10BF0000834203D2814228BF00207047002070473F
:10BF1000202F002008B515460B4A0C4B9060826F0D
:10BF20001A600E4600F0A0F82C4686F3098800201F
:10BF3000034B98472046002100220023014C204754
:10BF40008DFF000835AA0008202F0020682E002051
:10BF5000014B10221A61704700ED00E0054B5A6951
:10BF60009B689A421FBF044A536843F08053536052
:10BF7000704700BF202F002000ED00E0084B9B68B9
:10BF800083420BD1EFF3058343B1064B5A6842F06D
:10BF900080525A605A6A22F400425A6202F026BA6B
:10BFA000202F002000ED00E014498A684FF0300097
:10BFB0001044EFF3098C80E8F01F102080F3128802
:10BFC000BFF36F8F0E4F4FF000664A698A603E6084
:10BFD000906F0C4C2060D06F0023D36780F31188E2
:10BFE00004B5104600F040F8BDE8044002F130000E
:10BFF00090E8F01F8CF3098870470000202F002084
:10C0000004ED00E0682E0020044800231021C2182F
:10C010000133352B82F80013F9D1704700E100E0BD
:10C0200008B5EFF30583064A103B02EBC30152F853
:10C03000330049688847BDE80840FFF78FBF00BF5D
:10C04000901301080148006870470000682E002026
:10C05000024B034A0348012100F08AB800EC00209B
:10C0600000000020D8180108836E054A403B136089
:10C07000044B4021C2E901131046012100F082B8AF
:10C080006C2E002000000B1508B503461048D0F8B0
:10C090009020C2F30722013A934207D90D480E4A75
:10C0A000012103F05BFE6FF0150008BDC0F8983069
:10C0B0000A6822F01F021A4342F01002C0F89C20C6
:10C0C0008A6842F00102C0F8A0201846EDE700BFE0
:10C0D00000ED00E07C160108F2260108F0B50E46DE
:10C0E00085B01F4604460025B5420DDA606810B3DE
:10C0F00097B1431E18420AD0104A11482B4601211D
:10C1000003F02CFE6FF01502104605B0F0BD1F289D
:10C11000F2D921680B42EFD12368019303F04AFF63
:10C12000A36801A90343D0B20393FFF7ADFF10F159
:10C13000160FE7D0421C01350C34D5E7182701084B
:10C140007C160108044B0522C3F89420BFF34F8FDF
:10C15000BFF36F8F704700BF00ED00E0BFF35F8F4C
:10C16000024B0022C3F89420704700BF00ED00E0AE
:10C1700010B5034C01232278FFF7B0FF207010BDEB
:10C180007039002008B50B4A00231278FFF7A6FF8C
:10C1900010F1160F07D0084A0021D2F89030C3F3EF
:10C1A0000723984200DB08BDC2F89800C2F8A0102F
:10C1B0000130F2E77039002000ED00E02DE9F04396
:10C1C0005D485E49D0F890300C68C3F307239C4269
:10C1D00085B000F2AE80FFF7C1FF496800229442AB
:10C1E00001F10C011AD1564F564D3C706846FFF7CD
:10C1F000A1FA554C554E81464FF00008C14520D15B
:10C200003B784D490020D1F89020C2F30722934299
:10C21000C0F28980FFF796FF002050E0C0F8982018
:10C2200051F80C3C23F01F03134343F01003C0F8F4
:10C230009C3051F8043C43F00103C0F8A0300132B7
:10C24000CDE7009800EB08114FEA081CCB682340AB
:10C25000B3F5000F49D00BD8B3F5001F32D0B3F5BA
:10C26000800F37D0B3F5801F14D008F10108C5E75F
:10C27000B3F1007F42D0B3F1805F48D0B3F1807F4B
:10C28000F3D150F80C3088684A6803F093FE40F010
:10C29000887009E050F80C3088684A6803F08AFE1C
:10C2A00040F0885040F43020039001A93878CDE95F
:10C2B0000123FFF7E9FE002831DA6FF0150005B021
:10C2C000BDE8F08350F80C3088684A6803F072FECD
:10C2D0003043E9E750F80C3088684A6803F06AFE9A
:10C2E00040F0007040F40030DEE750F80C30886811
:10C2F0004A6803F05FFE40F08270D5E750F80C30DA
:10C3000088684A6803F056FE40F48020CCE750F875
:10C310000C3088684A6803F04DFE2843C4E73B7838
:10C3200001333B70A1E7C1F89830C1F8A000013398
:10C3300069E74FF0FF30C2E700ED00E0E4180108C4
:10C3400070390020000002110000F0FF0000081109
:10C35000F0B587B007460E46144600211022684605
:10C360001D4604F08FFE02238DF802302A46054B4D
:10C37000019321466846CDE9047602F071FC07B0CE
:10C38000F0BD00BFD5FF000808B5024B1B689847F9
:10C39000002008BD782E0020034B044A18609378D3
:10C3A00043F0020393707047782E00204011002064
:10C3B00008B50649064821F00701C1F1005202F50F
:10C3C0006C4203F087F8002008BD00BFB391002045
:10C3D0007C2E002030B50D4DC0430A44914201D15E
:10C3E000C04330BD11F8013B83EA000404F00F04A0
:10C3F00055F8244084EA101080EA131303F00F0369
:10C4000055F8233083EA1010E8E700BF041901084B
:10C4100007B5084A92E80300CDE9000106488268A2
:10C42000126822B16946904703B05DF804FB6FF0D3
:10C430005700F9E7041701087812010800F01F02FD
:10C4400001213F2808B501FA02F2034605D9084840
:10C45000084A03F083FC002008BD074B1F2894BF47
:10C46000DB68DB6A9A430CBF01200020F4E700BFC1
:10C4700034160108592701080008005800F01F026F
:10C4800001213F2808B501FA02F2034606D9074800
:10C49000074A03F063FC6FF0150008BD1F28054B29
:10C4A00002D8DA600020F8E7DA62FBE73416010808
:10C4B0005927010800080058044B18440023013391
:10C4C0008B4200F8012BFADB704700BF9D11002062
:10C4D0002DE9F041104F054600264FF001086B781A
:10C4E000F4B2A34201D8BDE8F0812B781C44204669
:10C4F000FFF7A4FF68B12046FFF7C0FF57F83430BC
:10C500003BB107EBC40204F01F04516808FA04F0C1
:10C5100098470136E3E700BF882E0020034670B13C
:10C52000B0FA80F2C2F11F02D2B206498856064A1A
:10C53000D2F880100B43C2F88030FFF785BCFF2291
:10C54000F3E700BF9D11002000080058034AD2F80D
:10C55000803023EA0003C2F880307047000800589A
:10C56000032921D8DFE801F0020C10190F4B1A68DB
:10C5700022EA00021A605A6822EA00025A607047F2
:10C580000A4B1A680243F5E7084B5A6802435A609F
:10C590001A6822EA00021A607047044B1A680243C4
:10C5A0001A605A6810435860704700BF000800586E
:10C5B00030B5B0B1B0FA80F3C3F11F03DBB20B4862
:10C5C00050F833408C4204D100EBC3056D689542AE
:10C5D00005D044B940F8331000EBC300426000209E
:10C5E00030BDFF23EBE76FF00F00F9E7882E002046
:10C5F00060B1B0FA80F3C3F11F03DBB2044A00213B
:10C6000042F8331002EBC30251607047FF23F5E795
:10C61000882E002000F00302043292000F23934082
:10C6200043EA900000F003030233064A52F8232045
:10C63000030C02EA104093FAA3F3B3FA83F3D84051
:10C64000704700BF0000014038B50B88C3F30B03EF
:10C650000B2B0D46144627D813B96FF0850022E046
:10C66000013B0A2BF9D801A252F823F0BFC60008FB
:10C67000D5C6000899C60008D1C6000899C60008AA
:10C68000BFC60008BFC60008BFC600085BC60008DA
:10C69000C5C60008C5C60008002020602B68B3F599
:10C6A000805F1AD2002038BD03F6B873C3F30B03C2
:10C6B0001C2BD2D80C4A22FA03F3DB07CDD50B4B47
:10C6C0001868EAE700F0CCF8062358434008E4E78E
:10C6D0000748E2E74FF40040DFE7C3F313330133C9
:10C6E000B0FBF3F02060DDE7110111118C11002087
:10C6F0000024F40070B5574D03F067FD284603F0A1
:10C7000063FD00F02BFE4FF0B043534AD3F80831DD
:10C7100003F00F0352F823601368B0FBF6F6B5FB85
:10C72000F3F5AE4202D2284600F086FE03F0C9FCC3
:10C73000012809D04FF0B042136843F480731360AE
:10C7400003F0BFFC0128FBD1FEF7DCF94FF0B0434A
:10C75000D3F8902042F00102C3F89020D3F8902043
:10C760009407FBD5D3F8902042F08002C3F89020C4
:10C770004FF0B044D4F890301805FBD5FEF7E0F93F
:10C78000A36803F00C030C2B1CD103F09AFC0128C6
:10C7900007D0236843F48073236003F092FC0128E0
:10C7A000FBD14FF0B0439A6822F0030242F001023D
:10C7B0009A609A6802F00C02042AFAD19A6822F070
:10C7C000F0029A604FF0B044236823F08073236036
:10C7D00023689901FCD4E36823F0606343F000739D
:10C7E000E360E36843F08073E36000F03DF82368A2
:10C7F00043F0807323604FF0B0431A689201FCD578
:10C800009A6822F0F0029A609A6842F003029A60F5
:10C810004FF0B042936803F00C030C2BFAD1AE42F8
:10C8200002D3284600F008FE0C4B0A4A1A604FF06B
:10C83000B04300209A6822F4E0629A609A6822F479
:10C8400060529A60D3F8082122F00F02C3F8082141
:10C8500070BD00BF006CDC02381A01088C1100208A
:10C86000004870470024F4004FF0B0430A49DA68EA
:10C8700011400A4A0A43DA60DA68094942F08072D4
:10C88000DA60DA681140074A0A43DA60DA6842F08F
:10C890008052DA60704700BF8C80FFF10206000210
:10C8A0008C80FF1F0206002008B50448FEF7BCF884
:10C8B0000248FFF771FD002008BD00BFC1C8000895
:10C8C00073B5104E8DF807000446032501220DF1C3
:10C8D0000701002000F0AAFE20B10123337020469A
:10C8E00002B070BD3378002BF9D0013D08D004F0C0
:10C8F00073F90028EAD10021142004F00DFAE5E7CD
:10C900003570ECE771390020004870474419010880
:10C91000044BB3F8E0359B020B6000234B601846D4
:10C92000704700BF0070FF1F07B50346054A00911E
:10C930000548012103F01CFA6FF0150003B05DF803
:10C9400004FB00BFA62701084C16010873B5064674
:10C950004FF4FA720023684604F0C0FA33691B688A
:10C960001A6944F2FA310A40DDE9004511D01A692A
:10C970000A401A616FF0040002B070BD22462B46D7
:10C98000684604F0D0FADDE9003213430CBF0122FF
:10C99000002233691B68186910F4A020ECD0002A2B
:10C9A000ECD0034A03483223012103F0D7F9E1E731
:10C9B000D02701084C16010838B5036905461C68E4
:10C9C00049B1FFF7C3FF58B12869043001F0D0F82E
:10C9D0006FF0040038BD6369002B06DB0020F9E727
:10C9E000636943F000436361F8E7034BA36003F11D
:10C9F0008833A360F2E700BF2301674573B50123C5
:10CA000006460D46144603F01DFC50B90A480B4A71
:10CA100000942B46012103F0ABF96FF0150002B032
:10CA200070BD3CB122462946304602B0BDE8704098
:10CA300003F04BBC2046F2E74C160108E42701083E
:10CA4000F7B51C4617460123224605460E4603F05D
:10CA5000F9FB58B9164A009416483346012103F0F1
:10CA600087F96FF01504204603B0F0BD002CFAD012
:10CA7000286903F0E0FB00212846FFF79DFF98B9E5
:10CA8000314623463A46284600F016F8064601216C
:10CA90002846FFF791FF002E14BF3446044628694C
:10CAA000043001F065F8DEE76FF00406EFE700BF41
:10CAB0000F2801084C1601082DE9F84F0646002002
:10CAC0000C46174698468146C84525D929F00703E4
:10CAD0003B444FEAE902D3F804A0336957F832B077
:10CAE0001D686B69002B15DB3046FFF72FFF002810
:10CAF00012DB04F100631A68013202D15A68013274
:10CB00000CD05BEA0A0209D00F4A104823460121E3
:10CB100003F024F96FF00400BDE8F88F6A6942F071
:10CB200001026A616A69C3F800B03046C3F804A024
:10CB3000FFF70CFF6B69002823F001036B61EBDB4F
:10CB400009F108090834BFE76028010854160108F4
:10CB5000074B186840B90748D0F8E005C0F34E000D
:10CB600018604FF4006058600B6001231360704739
:10CB7000082F00200070FF1F2DE9F843D0F8049023
:10CB80000746D9F8080090460D461E4603F076FA8F
:10CB9000B8F5001F044616D12846D9F80840FFF71B
:10CBA00039FD84420CD1294603F068FA0446FFF7A8
:10CBB000CDFC2046FFF71CFD00212046FFF7D0FCEE
:10CBC0000020BDE8F883B8F5800F20D0B6F1806F63
:10CBD00019D0B6F1C06F18D0B6F1007F1AD1022675
:10CBE0000F493A462046FFF7E3FCB0B9D9F80810E0
:10CBF000284603F048FA20463146FFF7B1FC2046AC
:10CC0000FFF78CFCDCE70126EAE70326E8E76FF094
:10CC10008500D6E76FF01500D3E76FF00F00D0E77F
:10CC20002D05010843681B6803F1080252E8002F34
:10CC300042F0010203F1080040E800210029F3D18D
:10CC4000094A934203D0A2F57442934203D15A6831
:10CC500042F040025A6053E8002F42F4807243E8E9
:10CC600000210029F7D170470038014043681B6854
:10CC700003F1080252E8002F22F0010203F108003C
:10CC800040E800210029F3D1094A934203D0A2F5DC
:10CC90007442934203D15A6822F040025A6053E82A
:10CCA000002F22F4807243E800210029F7D1704759
:10CCB000003801402DE9F04182B0436800AF1E68A2
:10CCC00080460D46002937D0586819698368DB68AB
:10CCD0006BB13A1D9847041E0CDA1B4A1B48012110
:10CCE00003F033F820460837BD46BDE8F0816FF009
:10CCF0005704F2E7336823F4004333607B6803EBA7
:10CD00005503B3FBF5F30F2B19D86C468AB0D8F84E
:10CD100000306A460E490795CDE905134FF40073BC
:10CD2000ADF820300B4B42F8103F084800234FF479
:10CD30001151FEF7EFF9A5466FF01504D2E79BB24B
:10CD4000F3600024CEE700BF9B280108EC16010821
:10CD5000C928010804000001F8B50C4603694168C0
:10CD60001D682379012B19D0A3F1020EDEF1000614
:10CD700046EB0E06B6026279022A9CBF464F37F890
:10CD80001270A27988BF4FF40057022A09D0042AF2
:10CD90002FD0003B18BF01231B0306E04FF4C066F1
:10CDA000E9E7B3FA83F35B091B07E2790968012A13
:10CDB0000CBF4FF4407C4FF0000CA5421CD10A6818
:10CDC00022F0805222F4B05232431A430A604B6878
:10CDD00023F440533B434B6043681A68936823F441
:10CDE000407343EA0C0393602968BDE8F840FFF7FD
:10CDF00061BF4FF48053D8E7D1F800E00EF4C06E65
:10CE000076451FBFD1F800E02EF4C06E4EEA06064C
:10CE10000E6041680E68716801F440518F421FBF77
:10CE2000716821F440513943716041680E6831687E
:10CE300001F010218B421FBF316821F010210B43FC
:10CE40003360436819688B6803F440739C451FBFC7
:10CE50008B6823F4407343EA0C038B6043681B68C0
:10CE6000D71E99687E427E41C1F380318E4207D041
:10CE7000032A9A680CBF42F4804222F480429A60EE
:10CE800021682B68994205D0FFF714FF08B9236881
:10CE90002B60F8BD0020FCE7B01A01082DE9F04333
:10CEA00083B0D0F804908046D9F80400D9F8101067
:10CEB00083681B6800AF7BB19847054670B9D9F805
:10CEC00024003A1D002103F047FB051E0EDA284618
:10CED0000C37BD46BDE8F0836FF05705554A5648FC
:10CEE000012102F032FF002DF1DBE8E77B68002230
:10CEF0001979186803F043FB051EE8DBD8F80460D5
:10CF0000D8F8103034681D68236823F001032360CB
:10CF1000B06803F0B3FD38B9484A4748012102F030
:10CF200014FF6FF01205D2E7D6E902018368DB68CF
:10CF300003B1984754E8003F43F00C0344E8003243
:10CF4000002AF7D129464046FFF706FF054610B1F3
:10CF50006FF01505BBE7337E1BB1A36843F00803F0
:10CF6000A360737E1BB1636843F400436360B37EC8
:10CF70001BB1636843F480336360F37E1BB1636865
:10CF800043F400336360337F002B3CD02C4B9C4236
:10CF90001ED0A3F574439C421AD003F570539C42F3
:10CFA00016D06C4688B0D8F800306A462549CDE9DD
:10CFB00005134FF40073ADF81C30234B42F8103FBB
:10CFC0001D4800234FF4E251FEF7A4F8A546BFE741
:10CFD000D8F804301A68936843F480439360236858
:10CFE000727F23F0787343EA425323602368B27F51
:10CFF00023F4F81343EA02432360F37F1BB1A368D1
:10D0000043F40043A36096F820301BB1236843F03B
:10D0100000532360236843F001032360E3699A020D
:10D02000FCD5E3695B02FCD5D9F828304046984727
:10D030004DE700BFE0280108EC16010800290108AF
:10D04000003801401B290108030000012DE9F041CF
:10D0500043681C6803691E680B79012B02460D4664
:10D0600017D0981E41424141890295F805E0AF79F9
:10D07000BEF1020F96BF30484FF4005C30F81EC07E
:10D08000022F09D0042F01D0002B4CD04FF4805038
:10D0900005E04FF4C061E8E7002B41D00020A3F188
:10D0A0000308B8F1010F04D86FF085031846BDE8F6
:10D0B000F0810BB1042FF7D0BCF5805F35D0BCF503
:10D0C000405F34D0BCF1000F0CBF012303239E4509
:10D0D000EAD103F0CCFA8742E6D1EB7963B1012BB8
:10D0E00027D1164B9C4207D0A3F574439C4203D032
:10D0F00003F570539C42D7D1236823F001032360CA
:10D1000029461046FFF728FE03460028CCD12268A6
:10D1100042F00102226095E8030086E80300C5E7BB
:10D120004FF08050C8E71846C6E70023CFE7022338
:10D13000CDE7032BD5D0B7E7B01A0108003801407E
:10D140004FF0E0230D4A9969126818699B6900291C
:10D1500008BF1146002B08BF134610F4803F084853
:10D1600001D1994205D20168114401604FF0E021DC
:10D17000096900681044C01A704700BF1C2F0020C6
:10D18000102F0020094B102283F82320084B4FF466
:10D1900096521A60074B002018604FF0E02341F2CE
:10D1A000BF225A61072298611A61704700ED00E0C2
:10D1B0001C2F0020102F0020684620F007018D460C
:10D1C00001B5FFF7BDFF104B104A186811680844FD
:10D1D000106000221A600E4A13684FF49651C01A6C
:10D1E000B0FBF1F001FB00331360EFF3118110236A
:10D1F00083F31288BFF36F8F01F0E6FAFEF7AEFEFD
:10D20000BDE8014085467047102F0020182F0020F0
:10D21000142F00202DE9F041324D91B1421C0AD16A
:10D220004FF0E022136923F0010313614FF07F43B5
:10D230002B60BDE8F0812C68012807DC4FF0000866
:10D240000BE0431C2C68F7D140F6A65040F6A753DC
:10D250009842A8BF184600F1FF38EFF3118610235B
:10D2600083F31288BFF36F8FFFF76AFF1E4F4FF0F3
:10D27000E0230022D3F818C03B6818441B4B1A6007
:10D280001B4B1A68831A29D44FF4965E18FB0E3391
:10D2900003F595531F33B3FBFEF1131A0EFB013355
:10D2A000B3F5806F134A38BF4FF48063934228BFB1
:10D2B00013464FF0E0222B609169013B536100233C
:10D2C0008C459361ACEB01033ABFE4180019C01818
:10D2D000386086F31188BFF36F8FAAE74FF480633D
:10D2E000E7E700BF1C2F0020182F0020102F002080
:10D2F000142F002080E8FF0038B5EFF311851023CC
:10D3000083F31288BFF36F8F084B1C68084B1B68B0
:10D31000E41AFFF715FF85F31188BFF36F8F4FF401
:10D3200096532044B0FBF3F038BD00BF182F002007
:10D33000142F002038B5EFF31185102383F31288E2
:10D34000BFF36F8F044B1C68FFF7FAFE85F311885B
:10D35000BFF36F8F204438BD182F002010B54FF059
:10D36000B0439A68D96812F00C0205D00C2A4AD151
:10D3700001F00303012B50D14FF0B0412B480B6853
:10D3800013F0080306D00B6813F0080337D1D1F867
:10D39000941007E00C68240756BFD1F89430096850
:10D3A000C3F3032350F82330002A0CBF1846002093
:10D3B0004FF0B0418A6802F00C020C2A1ED1CA68F4
:10D3C00002F00302022A2ED0032A06D10B68184A63
:10D3D00013F4801F174B08BF13464FF0B042D068BC
:10D3E000D168D268C0F306205843C1F30213013359
:10D3F000B0FBF3F0530F0133B0FBF3F010BD0B683B
:10D40000C3F30313CEE7042A0AD0082A05D11B6808
:10D4100013F4801304D10648CAE700231846C7E76F
:10D4200004480023C4E7034BD7E700BFF8190108FD
:10D430000048E8010024F400204A034607CA84B0EB
:10D440000DF1100C0CE9070018463BB31C4B1B6890
:10D4500003F4C063B3F5007F22D11A4B984229D858
:10D46000194B984224D9194B98428CBF02200120B5
:10D47000174904AB03EB80000B6850F80C2C23F029
:10D48000070313430B600B6803F007039A4213D0A2
:10D49000086800F00700831A5842584104B07047EA
:10D4A0000C4B984206D80C4B984201D90B4BDBE74A
:10D4B0000020DDE70020F1E70120EFE70C1701086D
:10D4C00000040058006CDC0280A812010051250203
:10D4D000004000580024F400808D5B00001BB70062
:10D4E00008B5124BA8220021184603F0CBFD0322F9
:10D4F00002610F4942610F4A8161C26140220262AA
:10D50000002282624262C26201660B4941661021BA
:10D5100081660A4902670346C266426711F8010D37
:10D5200098540132102AF9D108BD00BF50000020E4
:10D53000862901081000002000000020FD2A0108B3
:10D540002DE9F74FDFF88880182606FB008700FBDF
:10D55000066646447D6AD7F828C07368AC458146A4
:10D560008B46144603EB050025D83B6AA3EB050A5E
:10D570000AF1FF3E724507D82C4403F075FD7C622A
:10D58000012003B0BDE8F08FE64472451ED8524634
:10D59000019303F069FD019B2C44E41A05D07068E7
:10D5A00022460BEB0A0103F05FFD182303FB0988F9
:10D5B000C8F82440E4E70CF1FF3CACEB050C9445C3
:10D5C00004D3254403F050FD7D62D9E70020D8E75D
:10D5D00050000020F8B5144B182700FB07751D44B8
:10D5E00007FB00330E46DB6A012B14460AD0022BE0
:10D5F00014D023B9284603F0BBF9844208D900248B
:10D600002046F8BD284603F0B3F9844228BF0446FB
:10D6100022463146284603F0B4F9F1E72846BDE832
:10D62000F84003F0C9B900BF50000020F8B50B4B1B
:10D630001B78532B04460E46174601D0FFF750FFC8
:10D6400003F0E9F93A46054631462046FFF7C2FFA6
:10D650000446284603F0E7F92046F8BD50000020B4
:10D66000034B182202FB00339A6A586A801A7047EB
:10D670005000002010B4084A08490023C85C12F882
:10D68000014D844204D10133102BF7D110BC7047F7
:10D6900010BCFFF725BF00BFFD2A01085000002085
:10D6A00010B50446FDF768FC0348044A012102F066
:10D6B0004CFB204603F0EDF9841601088F29010880
:10D6C0002DE9F843044600AF0D46EFF3118810230F
:10D6D00083F31288BFF36F8F04282A4A98BF2A4B1E
:10D6E0009668117C94BF53F82030284BE9468AB0E5
:10D6F0006A462748CDE9073140F20133ADF82430BE
:10D70000244BCDE9050442F8103F234800234FF491
:10D710003151FDF7FFFCCD4645B1EB69C3F308037A
:10D7200023B11E4A1C48012102F00FFB2EB13046E6
:10D7300003F05BFA08B1037803B91948E9468AB0E7
:10D740006A46184B0790CDE9053640F20133ADF833
:10D750002030154B42F8103F00230F484FF4115171
:10D76000FDF7D8FC2946CD462046FFF799FF88F300
:10D770001188BFF36F8F3046FEF700FCBD46BDE851
:10D78000F88300BF202F0020781A01089E29010885
:10D79000B42901080500000184160108DC290108EC
:10D7A000AC290108FD2901080400000138B50A4B25
:10D7B00053F82040013053F82050A54200D838BD1E
:10D7C000606830B1037EDB0701D403F03FF9083411
:10D7D000F3E723689847FAE78C1A010870B52A4BDB
:10D7E0002A4C2B4D86B0012203201A70FFF7DEFF72
:10D7F00001F078F90420FFF7D9FF2646AE4204F184
:10D8000030040FD300F028FD204CAC4226D300F0AA
:10D8100037FD01F011FE1F4A938923F00103938124
:10D8200006B070BD54F80C3C059354F8103C0493BA
:10D8300054F8143C039354F8183C029354F81C3CDD
:10D84000019354F8203C009354E90A2354E90C0155
:10D8500000F068FB54F8303C5E65CEE7D4E90A235B
:10D86000B3F1FF3F08BFB2F1FF3F05D052EA030119
:10D87000206803D103F069FA3034C6E7064918304E
:10D8800000F012FFF8E700BF7239002038150108D8
:10D890006815010828190020C70C010870B5164E3C
:10D8A000164D1749882386B003FB0066012200232A
:10D8B000CDE904230F22CDE902320193142303FBA7
:10D8C000005504464FF4A07000FB04110D4B009569
:10D8D0004FF48072304600F025FB337C0A4AEE603C
:10D8E00023F0040333744FF4046304FB0333134441
:10D8F0002C746B6006B070BDA0180020202F002093
:10D90000804D0020A30A0108404500207FB500207B
:10D91000FFF74CFF294B83F30888294C636943F4D4
:10D92000007363610025F02384F82230E5772576C3
:10D930006576A57684F82050636A43F4E023636239
:10D94000FEF7DCF9FEF704FB4FF0FF33A362E3625E
:10D95000FEF734FCFEF77CFBFDF76EFA19481A4C13
:10D9600000F058FBFDF726F90120FFF71FFF02200A
:10D97000FFF71CFF00F0AEFC144B15495C61154B22
:10D98000059301234FF48052CDE90353CDE90155AE
:10D99000114B0095204600F0C5FA237C064623F083
:10D9A00004032046237403F05AF92846FFF776FF54
:10D9B000094A31462046FEF7ADFA00BF804D0020EF
:10D9C00000ED00E0B019002028190020202F0020D1
:10D9D000C04E002010220108DDD70008F7B50D4623
:10D9E00004469DF82010EFF31187102080F3128871
:10D9F000BFF36F8F266AE068864240D22668B44241
:10DA00001AD0CEB1304603F057F806F1180003F0F3
:10DA10002AFA54F8082F70692946002503F024FBE0
:10DA20003046C6F8805003F01AF92046394603F014
:10DA300070F9284603B0F0BDA268A9B1E069294693
:10DA400003F012FBE369A26813446269E361934245
:10DA500001D12369E361236A01332362002087F344
:10DA60001188BFF36F8FE5E7A0692369984208BF6B
:10DA70006069801AA061294603F0F6FAEBE752EAE2
:10DA800003010BD00749896804F108004D61CDE915
:10DA900000233946224600F0A9FBCBE76FF02200B5
:10DAA000DDE700BF202F0020F7B504460846EFF35E
:10DAB0001186102181F31288BFF36F8F216A00292C
:10DAC0003BD0A268A16903F0CFFAA369A2682568D8
:10DAD00013446269A361934204BF2369A361236A6B
:10DAE000AC4203F1FF33236236D02846002D34D0F8
:10DAF00002F0E2FF05F1180003F0B5F96969A268C8
:10DB0000E06903F0B1FAE369A26813446269E36172
:10DB1000934204BF2369E361236A00270133236230
:10DB20002846C5F8807003F09AF804F108003146E1
:10DB300003F0EFF8384603B0F0BD52EA030111D00C
:10DB40000A4989684861CDE900233146224604F13B
:10DB5000080000F04BFBEEE7002086F31188BFF3CE
:10DB60006F8FE8E76FF02200F7E700BF202F00205B
:10DB700070B5EFF31186102383F31288BFF36F8F14
:10DB80000468A0421BD0D4B1D4E9003213605A60BB
:10DB9000237C002523F002032374C4E90055A5600B
:10DBA00004F1180003F05FF92046C4F8805003F038
:10DBB00056F831460748BDE8704003F0AAB8D0E9EE
:10DBC00002329A4218BF0133836086F31188BFF393
:10DBD0006F8F70BD7339002013B5EFF311811024DE
:10DBE00084F31288BFF36F8F846844B1013C846072
:10DBF00081F31188BFF36F8F002002B010BD52EA8D
:10DC0000030406D181F31188BFF36F8F6FF00F000B
:10DC1000F3E7CDE900230246014800F0E7FAECE71C
:10DC20007339002070B50546EFF31186102383F396
:10DC30001288BFF36F8F00232C68A54219D0C4B19E
:10DC4000D4E9003213605A60227C002322F00202E1
:10DC5000C4E900332274A36004F1180003F003F94F
:10DC60006FF00A03C4F88030204602F0F8FF012369
:10DC7000E2E70022AA6023B986F31188BFF36F8F11
:10DC800070BD31460248BDE8704003F042B800BFA5
:10DC9000733900202DE9FF41544E04461027EFF35D
:10DCA000118887F31288BFF36F8FD4F88C50F5B9C1
:10DCB000022104F1A40002F05AFF002870D004F100
:10DCC0009C0500220121284603F05FF80028F8D1C6
:10DCD000002302934FF0FF324FF0FF33CDE90023D2
:10DCE000414604F19402424800F01EFCD7E7D4F804
:10DCF00090202B68C4F88C30954208BFC4F890304F
:10DD0000D4F8A43043F00203C4F8A430EB6823F045
:10DD1000040343F00103EB606B6888F31188BFF3E1
:10DD20006F8F28469847EFF3118887F31288BFF367
:10DD30006F8FEB68D80623F001023ED4EA60EB68EF
:10DD40009A0717D5306823F00203EB6090B103689F
:10DD5000002178B1426895423DD10368002934D151
:10DD600072683360904200D17360002340F8083B32
:10DD7000FFF7FEFED4F8A43023F00203C4F8A43069
:10DD8000DB0530D4D4F88C30003B18BF012388F376
:10DD90001188BFF36F8F002B81D000F0A3FA7EE7CC
:10DDA000D4F8A430D90693D5C4F8A40088F3118818
:10DDB000BFF36F8F04B0BDE8F08123F01103EB6077
:10DDC00005F11000FFF7D4FEB9E70B6073689842C5
:10DDD00008BF7160C9E701461BB11A6818461346AF
:10DDE000B7E71A46FAE70023D1E700BF402F00202B
:10DDF00073390020F8B5C3689A0704460E46C3F38A
:10DE0000400542D45F0742D40B680BB983680B60AE
:10DE1000E368D80744BFA368336037684CBF022566
:10DE2000012557B31B4B9A68D7F888309A421ED108
:10DE300002F0D2FE80F00100C0B2D7F8A430D907BA
:10DE4000C3F380021CD5F2B1F8B100232360D7F8E8
:10DE5000903073B9C7E92344384602F093FEE36873
:10DE600043F00403E3603368A3602846F8BD002054
:10DE7000E3E71C60C7F89040EEE76FF0150506E099
:10DE80006FF0120503E01B07DFD56FF00F050023CD
:10DE90003360EAE7202F00200146014802F08CBEE3
:10DEA000581A0020F0B589B004460020C4E92300C8
:10DEB0000E9D04F19400C4E9250004F19C00C4E91E
:10DEC000270055B32879002840F2011008BF01202F
:10DED000C4F8A40000204FF0FF364FF0FF37CDE923
:10DEE0000330CDE90100CDE906670D4B00942046D3
:10DEF00000F064F855B1296811B1204602F072FEB5
:10DF00006B791BB1A38943F00103A381204602F082
:10DF10001CFFC4F8884009B0F0BD0120D8E700BF5D
:10DF200095DC00082DE9F043073285B022F00702A6
:10DF30000E461F461099818100F158037F32C0E9D7
:10DF400016330446002322F03F020421836001744B
:10DF50003F2A0F98A073C4E90633E37306F1400922
:10DF6000A2F1400805D883F31188BFF36F8F0846EC
:10DF700002DFB51829462046FDF790FC07300E9BBE
:10DF800020F007002067C4E91A9802930D9B0193C3
:10DF90002D1A0C9B00932A463B4631462046FDF73E
:10DFA00087FF00236365044B9B6803B15B6F636766
:10DFB000284605B0BDE8F083202F0020F0B587B0DB
:10DFC00000250595109D04950F9D03950E9D0295C6
:10DFD000DDE912760D9D01950C9D00950446FFF735
:10DFE000A1FFB6F1FF3F08BFB7F1FF3F05D056EAEA
:10DFF000070305D1204602F0A8FE204607B0F0BD79
:10E000003A46334604F11800014900F04DFBF4E7AD
:10E01000C70C0108012310B5037483810023C0E9F4
:10E020001A33044600F058FD014B9C6010BD00BF40
:10E03000202F00200A4A93686FF00A01C3F880106D
:10E040000849D8674B6843F080534B60002383F343
:10E050001188BFF36F8F9368D3F88000704700BFBB
:10E06000202F002000ED00E070B590F91020037C17
:10E07000002A2FDBD9062DD11A4C63F07F032246EC
:10E08000037452F8183FE169934207D1C0E90021B7
:10E090000860E0610FE09942F8D01B68002BF5D0D2
:10E0A00093F90E6090F90E50AE42F4DD5968C0E964
:10E0B000003108605860A569954200D005B9E5684F
:10E0C000A3681A7CD20606D1DA897F2A03D9AA6905
:10E0D0000AB9636170BDAB4202D0284600F066FA0F
:10E0E0006561F7E7202F002038B590F91020037CF8
:10E0F000002A014604DA03F07F03037402F077FD7F
:10E100000D4D2A46AB6852F8184F944200D004B91E
:10E11000EC688B4207D01A7CD20604D1DA897F2AB8
:10E1200001D9A2692AB1A34202D0204600F03EFAEA
:10E1300023466B6138BD00BF202F0020B3F1FF3FA5
:10E1400008BFB2F1FF3F03D00249183000F0ACBA6B
:10E15000704700BFC70C0108034648B9EFF30582BA
:10E1600032B9064A51699268914201D0FFF762BF05
:10E1700083F31188BFF36F8F704700BF202F0020FB
:10E1800038B5184CA168E0690B68814214BF1A4683
:10E19000002249680B605960A368E1692AB9124AF4
:10E1A000C3E900210B60E3610AE092F90E5093F994
:10E1B0000E00854212DD5168C3E900210B605360F7
:10E1C000A569094B9D4200D005B9E568A3689D4249
:10E1D00002D0284600F0EAF9656138BD8A42DED0F7
:10E1E0001268DBE7202F0020382F0020F8B50E4BF7
:10E1F0000C4611460D4A98681060DDE90667EFF39A
:10E200001182102282F31288BFF36F8F9D68284617
:10E2100002F0FFFC284632463B46FFF78FFF2046C0
:10E22000BDE8F840FFF706BF202F0020482F002050
:10E23000034648B9EFF3058232B9064A516992683C
:10E24000914201D0FFF7F6BE83F31188BFF36F8FC1
:10E25000704700BF202F0020EFF31181102383F3BC
:10E260001288BFF36F8F054B9A68D37B013BD37342
:10E2700081F31188BFF36F8F704700BF202F0020FC
:10E2800070B5EFF31186102383F31288BFF36F8FFD
:10E290000F4DAB68DA7B0132DA732A4652F8184F19
:10E2A000944200D004B9EC681A7CD20604D1DA8911
:10E2B0007F2A01D9A2692AB19C4202D0204600F0EF
:10E2C00075F923466B613046BDE87040FFF744BFE7
:10E2D000202F0020024B03F11802C3E906227047E9
:10E2E000202F002070B5EFF31186102383F31288DE
:10E2F000BFF36F8F1A4CA168E0690B68814214BFAD
:10E300001A46002249680B605960A368E1692AB97E
:10E31000144AC3E900210B60E3610AE092F90E5050
:10E3200093F90E00854216DD5168C3E900210B60A8
:10E330005360A5690B4B9D4200D005B9E568A36801
:10E340009D4202D0284600F031F965613046BDE8B3
:10E350007040FFF76FBE8A42DAD01268D7E700BF7D
:10E36000202F0020382F0020F8B550EA0103064680
:10E370000C4603D1FFF7B6FF0020F8BDEFF311877D
:10E38000102383F31288BFF36F8F124D124BA868CE
:10E390001860FFF7A9FEA8681049234632461830D6
:10E3A00000F082F9AA68137C43F004031374044656
:10E3B0003846FFF73FFEAB68D3E90A23B3F1004FBD
:10E3C00008BF002AD8D102F083FD201A20EAE070AD
:10E3D000D3E700BF202F0020482F0020C70C0108E2
:10E3E000014B9868704700BF202F00202DE9F843AB
:10E3F00004468789EFF31186102383F31288BFF355
:10E400006F8F037C190705D586F31188BFF36F8FD3
:10E41000BDE8F883D90943F008026FD10274A368FC
:10E4200013B1204602F0EBFB04F1180002F01BFDD3
:10E43000A56D04F15808A84511D04FF0000975B139
:10E44000284602F0DCFB05F1180002F00CFDC5F8CF
:10E4500080902846FFF708FEA56DA845EFD1DFF8AC
:10E46000BC80D8F808309C4250D1EFF30589B9F14F
:10E47000000918BF4FF00109D8F81850284A9542F2
:10E4800000D00DB9D8F80C50AB4202D0284600F0AD
:10E490008DF82046C8F8145001F075FDB9F1000F51
:10E4A00002D02048FFF7B6FDD8F808309C4230D1A2
:10E4B000EFF305836BBBA289D20711D586F31188D0
:10E4C000BFF36F8F83F31188BFF36F8F0423184658
:10E4D00002DFEFF31186102383F31288BFF36F8FEF
:10E4E0003046FFF7A7FDFB0792D5002383F3118881
:10E4F000BFF36F8F0423184602DF89E703F07F0321
:10E5000043F00803037402F072FB88E74FF0000940
:10E51000B2E786F31188BFF36F8FE4E7202F002066
:10E52000382F0020B0190020D3B5DDE90667089C1C
:10E53000CDE90067FFF75AFE1CB1034B9B685B698E
:10E54000236002B0D0BD00BF202F0020027C12F05B
:10E550001F02034610D10A4988420DD009490868B4
:10E5600068B1D9897F2909D893F90E20064B1B6819
:10E570009A42B8BF0020704700207047104670478D
:10E58000A0180020901100204C2F0020044BC01A2E
:10E59000044BC0105843044B01221A54704700BF6B
:10E5A000381A0020ABAAAAAA7339002070B50C4B08
:10E5B0000C4D1E7CFFF7CAFF182303FB06550446CB
:10E5C000284602F050FC084B00229A553CB1621ECE
:10E5D00028460649BDE87040D31700F065B870BD05
:10E5E000202F0020381A0020733900208DE5000804
:10E5F00038B5EFF31185102383F31288BFF36F8FC3
:10E600000F4B104A9C681068A04206D1FFF7CEFF5E
:10E6100085F31188BFF36F8F38BD00211B7C11601B
:10E62000094AD35C002BF3D02046FFF78FFF002868
:10E63000EED0237CDB0601D1FFF7A2FD2046E5E703
:10E64000202F0020482F002073390020024B18682B
:10E65000984208BF0020704794110020034B1B68AC
:10E660000BB9FEF749BE0020704700BF502F0020B5
:10E6700030B570B10B4B5B6898420AD0036843B168
:10E68000D3E90421D0E90445121941EB0501C3E99E
:10E690000421D0E9003213605A600023C0E900333E
:10E6A00030BD00BF94110020B3F1FF3F08BFB2F1AD
:10E6B000FF3F2DE9F84F0446994615461F467AD08C
:10E6C0008160EFF31188102383F31288BFF36F8FFB
:10E6D000B9F1000FDFF8E4A020DBFFF7BFFFDAE9B4
:10E6E0000027013549F100092D1849EBE073C4E911
:10E6F0000453AD18064643EB07074FF00109FFF737
:10E70000A5FFDFF8BCE0DEF804A00346EBB9C4E9DE
:10E7100000EACAF80040CEF8044028E0DAE9001226
:10E720006FF001035B1A4FF0FF3161EB02025B1BDC
:10E7300062EB0902012B72F10001BCBF0123002230
:10E74000C0E904324FF00009D9E7D3E9041CD4E949
:10E7500004208A4270EB0C0B24DA891A5A686CEB9D
:10E760000000C3E90410C4E9003214605C60FFF7E4
:10E770006DFF84420ED1134B1B685BB9B9F1000FDA
:10E7800002D1FFF76BFF0646304602F055FB002131
:10E79000FEF740FD88F31188BFF36F8F2846394696
:10E7A000BDE8F88F521A60EB0C005345C4E9042011
:10E7B000ADD01B68AAE700252F46EFE7501A0020CE
:10E7C00094110020502F00202DE9F047DFF8A89089
:10E7D000DFF8A880C9F800000246FFF737FF0D46B2
:10E7E00000260027D8E900134FEAE27E50B1D0E9B5
:10E7F000044CA2427EEB0C0A1BDAA41A6CEB0E0648
:10E80000C0E9044652184FF0000443EB0E032046C3
:10E81000C8E90023C9F8004002F00EFB2146FEF7CC
:10E82000F9FC85F31188BFF36F8FBDE8F047FFF760
:10E83000DFBE611843EBE473C0E90467C8E9001365
:10E84000FFF716FF01224FF00043C0E9042385F3D0
:10E850001188BFF36F8F83689847EFF311851023FA
:10E8600083F31288BFF36F8FD9F80020121BC9F809
:10E870000020FFF7EBFEB5E7502F0020501A0020D4
:10E8800010B5EFF31184102383F31288BFF36F8F59
:10E89000FFF7E4FE054A0346D2E90001181841EBF0
:10E8A000E37184F31188BFF36F8F10BD501A0020FD
:10E8B000F8B50446EFF31187102383F31288BFF3F2
:10E8C0006F8FD0E90423B3F1004F08BF012A04D0B1
:10E8D00087F31188BFF36F8FF8BDD0E90A566A1C21
:10E8E00046F10003022A73F1000334D3013D46F1DF
:10E8F000FF36002EBCBF00252E4602F0EDFA013097
:10E9000041F10001401946EB0101012871F10001BC
:10E9100048DB02F0E1FA013041F100016FF002033F
:10E92000401946EB010183426FF000438B413EDB0F
:10E9300002F0D2FA013041F100016FF001024019FA
:10E9400046EB0103121A4FF0FF3161EB03031A4942
:10E950002046FFF7A9FE236B01332363236A63B1CB
:10E9600087F31188BFF36F8F20469847EFF3118725
:10E97000102383F31288BFF36F8F54F8185FA542FA
:10E98000A6D0002DA4D0284602F078F90023C5F8BF
:10E99000803087F31188BFF36F8F2846BDE8F840B9
:10E9A00002F05DB96FF001024FF0FF33CFE70022B4
:10E9B0004FF00043CBE700BFB1E800082DE9F0417C
:10E9C00005461C4690461F46EFF31186102383F33D
:10E9D0001288BFF36F8FB4F1FF3F08BFB2F1FF3F62
:10E9E00005D186F31188BFF36F8FBDE8F081002C4D
:10E9F00009DB012A74F10003BCBF0122002412F1DB
:10EA0000FF3844F1FF37284602F02DFADDE9060110
:10EA10000023C5E90A012B6342463B4628460249CA
:10EA2000FFF742FEDDE700BFB1E8000870B505461C
:10EA3000EFF31184102686F31288BFF36F8F02F074
:10EA400012FA20B184F31188BFF36F8F70BD6B6A27
:10EA500063B184F31188BFF36F8F6B6A28469847C0
:10EA6000EFF3118486F31288BFF36F8F05F118005E
:10EA700002F039F90028E5D002F0F1F82146024809
:10EA8000BDE8704002F045B97439002073B5044602
:10EA9000EFF31186102383F31288BFF36F8F83681F
:10EAA000594003EA02050A405340009300226B4696
:10EAB0000849019202F08CF9DDE9003223EA0203F1
:10EAC00004F10C00A360314602F023F9284602B09D
:10EAD00070BD00BF07100108014B4367704700BFBE
:10EAE00000120020014800F088BD00BF622A010822
:10EAF00038B5064C064DAC4201D3002038BDD4E9F0
:10EB00000112204602F0A8FA1434F4E700120020A3
:10EB10001412002007B5074B0093074907484FF030
:10EB2000FF334FF40062FFF7BDF9002003B05DF83A
:10EB300004FB00BFA41A0108005F0020581A00203F
:10EB40000CB430B58BB004460D462022002102A83B
:10EB500002F098FA02238DF80A30002D0C4B039333
:10EB6000069412DB01D06B1E1C440FAA0E99079469
:10EB700002A8019200F074F815B1069B00221A70E9
:10EB80000BB0BDE8304002B070470024EDE700BF95
:10EB9000BF110108242AF0B5044601D8012A40D14A
:10EBA000FDF750FA2D4B16221A5001B10C600020CF
:10EBB000F0BD2F463D4615F8010B2028F9D0A0F1F5
:10EBC0000906042E0346F4D92B282CD02D282CD14D
:10EBD00001262B78BD1C302B2DD1287840F0200049
:10EBE000782824D132F0100021D16B782C461022E5
:10EBF00002350020392B82BF03F1FF3343F020039D
:10EC0000263B303B9A421AD9A0FB02040CB9C0182B
:10EC100001D346F002062F462C4617F8013B3D462D
:10EC2000E8E70746C6E70026D3E70026D3E7002A31
:10EC300008BF0822DDE7002A08BF0A22D9E701B190
:10EC40000C60F20748BF4042B307B1D5FDF7FAF9AF
:10EC5000024B22221A504FF0FF30A9E70C000000AF
:10EC60002DE9F04F8BB04368009383789C07804672
:10EC7000924640F1F98000250878002800F0F680DF
:10EC800025280AD04B1C019301354146009B98472B
:10EC90000028C0F2E3800199EEE74E788B1C252E08
:10ECA0000193F1D00027B9463C460A221F2C22D8F6
:10ECB000A6F12003102B20D8DFE803F0141F1F1A41
:10ECC0001F1F1F0B1F1F1F121F171F1F090044F0BC
:10ECD0000104019B13F8016B0193002EE6D13AE089
:10ECE00044F0020444F00404F3E744F00804F0E7BD
:10ECF00044F01004EDE77F2C24D8A6F13003092B53
:10ED000008D860064EBF02FB073702FB093944F002
:10ED10002004DEE72A2E0DD161065AF8043B53D4B5
:10ED2000002BA7BF44F020049946C3F1000944F02A
:10ED30002804CEE72E2E05D1630600F1978044F01B
:10ED40004004C6E76C2E2ED028D8682E32D06A2E0A
:10ED500037D04C2E35D0002F46F02003B8BF24F01A
:10ED60004004A3F16502BCBFA4B20027022A01D966
:10ED7000612B2BD10AF1070A2AF0070A9C4E0AF1EF
:10ED8000080A0727210760D506EB070B34465C45C8
:10ED90005DD1AE1BA219A9EB070959E1742E98D0D9
:10EDA0007A2E96D0D7E7260648BF44F4007444F084
:10EDB00080048EE7E00548BF44F4007444F4807496
:10EDC00087E744F4207484E71F4682E7A6F16302D4
:10EDD000122A00F2D880DFE812F013004D00D600AE
:10EDE000D600D600D6004D00D600D600D600D600FC
:10EDF000D600E800D100D600D6001A00D600A00048
:10EE00005AF8043B8DF81030012704AEBAE75AF8DF
:10EE1000046B784B002E08BF1E4614F0400F14BF41
:10EE200039464FF0FF31304602F066F90746A9E750
:10EE3000009B41462020984700280FDB013CA74259
:10EE4000F6D34D442D1BA1469EE74C46F7E714F838
:10EE5000010B009B41469847002898DA98F8023049
:10EE600043F0040388F802304FF0FF3528460BB01A
:10EE7000BDE8F08F220630D5A3052AD50AF1070A8E
:10EE80002AF007039A4659685AF8080B24F0100B29
:10EE900000291FFA8BFB2FDA404261EB41014BF452
:10EEA000806B04AC0A23224602F032F91BF0400FBB
:10EEB000A0EB040200F08E802BF001049742A4B274
:10EEC00040F38F80002E40F08E802BF01104A4B20E
:10EED0001DE05AF8040BC117D8E7E0055AF8041BE7
:10EEE00001D40846F7E7A2054BBF48B208B241F388
:10EEF000C01141F3C031C9E750EA0103D1D1630623
:10EF0000CFD5002FCDD124F01104A4B23A463B4610
:10EF100040F206410C4262D124E024F01004A4B275
:10EF20000A2314F0800243D014F400711FBF0AF1C9
:10EF3000070A2AF007029246516814BF5AF8080BD4
:10EF40005AF8040B50EA01023ED124F0160B620677
:10EF50001FFA8BFB3CD5002F3AD124F01704A4B242
:10EF60003A463B4621075AD4E10705D5994572DD5B
:10EF7000A9EB03039F184B469B464AE044F010045C
:10EF800010237826CDE7782B04D1C6F1780343F01F
:10EF90001003C6E7009B4146252098470028FFF64E
:10EFA0005DAF02354146304670E608230026B8E7DB
:10EFB00014F480715AF8040BC4D014F400711ABF11
:10EFC000C0B2114680B2BDE724F006041FFA84FBEC
:10EFD00004AC68E713465C46E10699D52EB90133C7
:10EFE000C0E71346F8E73B46F6E70233BAE700BF4F
:10EFF0009A2A0108932A0108CDE902324146009B72
:10F00000202098470028FFF629AFDDE902320BF1F6
:10F01000010BD945F0DCEB1A03EB0B055B46E1066F
:10F0200027D5CDE902324146009B30209847002881
:10F03000FFF614AFDDE902327EB901352F44791BAA
:10F040008A4229DB144604AE9CBB2A44A9EB03097F
:10F050001546914442E017468EE7CDE9023202356B
:10F0600041463046009B98470028DDE90232E5DA48
:10F07000F4E640F206410C42E0D014F0020F14BF57
:10F080002B20202014F4806FCDE9023205F1010518
:10F09000414618BF2D20E5E7CDE902324146009BED
:10F0A000302098470028DDE9023205F10105C6DA73
:10F0B000D4E6013CCDE90232305D009B41469847E1
:10F0C0000028DDE90232BFDAC8E6009B4146202075
:10F0D0009847002805F10105FFF6C0AEA9EB05032E
:10F0E000002BF2DCD7E500BFF0B589B004460D4631
:10F0F00016460021202268461F4601F0C3FF022366
:10F100008DF80230002D0A4B019304940EDB01D0E0
:10F110006B1E1C443A46314668460594FFF7A0FD35
:10F1200015B1049B00221A7009B0F0BD0024F1E76C
:10F13000BF110108704708B501F0CEFE0A22002376
:10F14000F9F7E8F808BD08B5F9F7BAFA831C08BF63
:10F150006FF0850008BD7047BFF35B8F50E8003F3C
:10F1600040E80012002AF9D1BFF35B8F704708B561
:10F1700001F0B2FE0A220023F9F7CCF808BD07B56A
:10F1800001228DF807100DF10701FBF717F803B006
:10F190005DF804FBFAF7E0B8BFF35B8F0068BFF3DC
:10F1A0005B8F704708B501F097FE0A220023F9F73C
:10F1B000B1F808BD08B5FFF7F5FF08BDBFF35B8FD9
:10F1C00050E8003F40E80012002AF9D1BFF35B8FFE
:10F1D000704773B5044601A80D46FAF72BFC019958
:10F1E0000023994202D16FF015000EE0024652F85A
:10F1F0000C6BA6420BD1031D2B60406801F03EFC56
:10F20000002814BF00206FF0120002B070BD01335F
:10F210001046E6E737B56946FFF7DBFF88B9009B84
:10F2200018681C790569836801A95B68984740B92B
:10F230002B68019858400123A3401840003818BF9C
:10F24000012003B030BD13B50C4601A9FFF7C1FF83
:10F25000C0B9019B18681A79012303FA02F1036906
:10F260001B68003C03EA010318BF0124003B18BFE0
:10F2700001239C42836814BFDB681B6902B0BDE8B0
:10F280001040184702B010BDFAF780BA2DE9F04FD0
:10F290000546C5B0002867D0642200210DF10C0995
:10F2A00001F0F0FE49460220FCF74AFA044660B934
:10F2B00004AFD9F800003946FAF728FCD9F800A0C5
:10F2C000044630B1504600F0E6FD204645B0BDE8AA
:10F2D000F08FBB6801930646BAF1000F3ED080461E
:10F2E000019B434522D8D9F8000000F0D4FD002C42
:10F2F000EBD13F220CA9681C01F0EBFE0F2208A9FC
:10F3000005F1410001F0E5FEBB686B65FB683A6EF4
:10F31000AB65B342EA6508BF01237A6E2A6618BF5F
:10F3200000232B7018BF6FF04C04CEE7019BA3EBBA
:10F33000080BBBF1800F28BF4FF0800B5B4624AA5F
:10F3400008F18001504600F0A7FD50B930465A46FA
:10F3500024A9FDF73FF8D8440646C1E76FF015042D
:10F36000C1E704460026BEE76FF01504ADE770B5AF
:10F370000546A2B020B31822002101F083FE01A9A6
:10F380000220FCF7DDF90446B8B9019802A9FAF7A2
:10F39000BDFB0446019800F07EFD74B91B9BDB07A2
:10F3A00011D51CAE2B46324603CA596022A98A42A7
:10F3B0001860164603F10803F5D1204622B070BD4F
:10F3C0006FF01504F9E76FF08504F6E72DE9F043D7
:10F3D0000746A3B091461E46884651B34BB300235F
:10F3E000336001A90220FCF7ABF9044640B901984B
:10F3F00002A9FAF78BFB044601982CB100F04BFDF3
:10F40000204623B0BDE8F083049DBD42F6D9ED1B34
:10F410004D4528BF4D462B46424607F1800100F07E
:10F420003BFD0446019800F036FD002CE8D1356024
:10F43000E6E76FF01504E3E700207047002070470F
:10F4400083689B6A03B11847704710B50C46206863
:10F4500083685B6C3BB9206883685B6B3BB9204673
:10F46000FAF704FDF3E798470028F4D110BD984758
:10F470000028F4D1FAE70846FAF7F8BC00EBC1001F
:10F48000408840087047F8B50346FFF7F7FFB0FA29
:10F4900080F0C0F11F0003EB800CCA00DCF81060A4
:10F4A000171D0C4606328DB256B9012101FA00F043
:10F4B000D9680143D960CCF81040DD539D52F8BDA6
:10F4C000F1000431585AD85303EBC0009E52C58056
:10F4D0005D52F4E7043A2DE9F843CC1D114424F0C1
:10F4E000070421F00706A6EB04084FEAD807B7FA8D
:10F4F00087F2C2F12405AD004FF000090735C2F1D3
:10F500002002ED0804604946A760C4F80C90920000
:10F5100004F1100001F0B6FDAAB2530043F001035C
:10F5200063807B1B9BB204EBC5015800A4F80090DC
:10F53000488024F83520A6F8029024F8083004EB1F
:10F54000C70329465A8842F001025A802046BDE886
:10F55000F843FFF798BF2DE9F04706460D461746DA
:10F5600098462BB398F8004093F80190DB78A400FC
:10F5700004EB430498F802301C4444444FF0000A62
:10F58000CA4509D3D8F8042008F1080339463046A3
:10F59000AC46BDE8F047604714F8013B48F823400B
:10F5A0002046F8F7DBFE013004440AF1010AE7E7E0
:10F5B0006FF01500BDE8F08730B50246002400204A
:10F5C00012F8013B43B178B18C4207D1702B04D0C3
:10F5D000A3F140053A2D07D8002030BDA3F1400526
:10F5E0003A2D01D80134EAE7252B08BF80F001004D
:10F5F000E6E70020704700F025BB0FB407B504A96B
:10F6000051F8040B019100F01DFB03B05DF804EB11
:10F6100004B0704710B50369024613F0080009D121
:10F620001368D4689C4297BF126AE31AD31A012068
:10F630000B6010BD00231846FAE713B501A9044674
:10F64000FFF7E8FF20B1019BE268013B13440193FF
:10F65000206A019BC01A013802B010BD10B50446E3
:10F6600050182269236AD20702D5013B184010BD09
:10F67000984228BFC01AFAE710B504460A46C16886
:10F68000FFF7ECFF2369E06023F00803236110BD5E
:10F6900038B50D46C2698B00016843F0020342F899
:10F6A0002130044601682A46FFF7D8FFE368616805
:10F6B0002060984202BF236943F0080323612A4671
:10F6C0002046FFF7CBFF606038BD2DE9F74FD0F83B
:10F6D0000CB0C669009216F82B2002F00302022A31
:10F6E00008BF56F82B209A4606EB8B030F46019372
:10F6F0004FF00001009B0CBFC2F39D0989461960C1
:10F700000446CAF80010B9F1000F07D04946FFF7C8
:10F71000B3FFE368A3604FF0010804E001698A07C2
:10F7200005D44FF00008404603B0BDE8F08F816972
:10F7300006EB8B00884716F82B1011F001080546E0
:10F74000EFD08B071DD51FB139462046FFF7A0FF2C
:10F7500061682A462046FFF781FFD4E902138B42F5
:10F76000606007D12A462046FFF778FF4FF0000877
:10F770000146A0602369216043F00803E160236132
:10F78000D1E701462046FFF777FFE168A1601FB18E
:10F790002068E16941F82090EA19CAF80020216840
:10F7A0002046FFF75BFF2269206042F008022261D9
:10F7B00016F82B2022F0010206F82B20DDE900329A
:10F7C0001A60A8E770B504461546FFF747FF23689F
:10F7D000834205D12369216023F00803236170BDB2
:10F7E000E269AB0043F0020342F821302046616831
:10F7F0002A46FFF733FF6060F1E738B503695B071E
:10F80000044606D5456AFFF718FF85422CBF65629E
:10F81000606238BD38B50D4604461C22002101F057
:10F8200031FCEB68A361AB6863612B68E3616B68D3
:10F830002362002262622A6923B1591E194208BF5D
:10F8400042F001022261012204F128000021BDE8FA
:10F85000384001F080B92DE9F04F9846036A87B02F
:10F8600000258B4204460E46934603950595AA460D
:10F8700038D3EFF31189102383F31288BFF36F8F0E
:10F88000059A2AB129462046FFF79CFF00230593DD
:10F8900004A92046FFF7BEFE0499B14207462AD3C9
:10F8A0002268E36913F8221021F0030103F8221003
:10F8B00003EB820A216832462046FFF7CFFEE36859
:10F8C0002060984212D0002789F31188BFF36F8F10
:10F8D000039929B162690AB1204690470023039336
:10F8E000002FC6D1504607B0BDE8F08F236943F022
:10F8F00008032361E7E718B12046FFF7C9FEE3E7F5
:10F900005BEA08031CD0019101F066F90199B8B9CE
:10F91000B9F1000F14D189F31188BFF36F8F5A46E4
:10F92000434604F12800FEF757F9EFF3118910233D
:10F9300083F31288BFF36F8FB0FA80F77F09C3E7B4
:10F9400005AB03AA20462568FFF7BFFE0746BBE7C5
:10F9500070B50446836908460D4698470246EFF3A2
:10F960001186102383F31288BFF36F8F2B7843F037
:10F9700001032B7061682046FFF770FE606020462F
:10F98000FFF73BFF86F31188BFF36F8F70BD2DE942
:10F99000F843044600271026EFF3118586F31288FA
:10F9A000BFF36F8F2369A268190702D4636893427B
:10F9B00000D2236A9B1A002B42D0E06910F8221073
:10F9C00011F0030300EB82093AD0022B04D150F866
:10F9D00022305FEA930805D1CB0720D4A3694846BB
:10F9E00098478046A16842462046FFF737FE012728
:10F9F000A06041462046FFF73FFE3B4685F3118855
:10FA0000BFF36F8F002BC7D137B1B9F1000F03D10E
:10FA100004F12800FEF7ACF84846BDE8F88341F051
:10FA2000020100F822104846A369D4F808809847DC
:10FA3000414602462046FFF711FE0023A060DDE7A5
:10FA40009946DBE7F8B50446836908460D469847B2
:10FA50000646EFF31187102383F31288BFF36F8FED
:10FA60002B7823F001032B7023699B0705D5E268EF
:10FA7000E36903EB82039D421AD12B7823F0020342
:10FA80002B70D4E90231994204D132462046FFF767
:10FA9000E5FDA06031462046FFF7EEFD87F31188B3
:10FAA000BFF36F8F04F12800BDE8F840FEF760B89F
:10FAB0002B6860F39F032B60F0E7EFF311811023B5
:10FAC00083F31288BFF36F8F02698368120702D431
:10FAD00042689A4200D2026AD31A81F31188BFF3B6
:10FAE0006F8F181E18BF012070477047F0B51E4673
:10FAF00043685C68012067688840C2F3801327EA86
:10FB000000078B403B43636090FAA0F7B7FA87F792
:10FB1000D4F808C04FF0030E7F000EFA07F72CEA66
:10FB2000070C90FAA0F7B7FA87F7C2F3C1137F006A
:10FB3000BB4043EA0C03A36090FAA0F3B3FA83F34B
:10FB4000E7685B000EFA03F327EA030790FAA0F3D5
:10FB5000B3FA83F302F030055B00C2F341229A400E
:10FB60003A43202DE26016D107292CD890FAA0F351
:10FB7000226A33B3B3FA83F39B000F2101FA03F334
:10FB800022EA030290FAA0F3B3FA83F39B0006FA89
:10FB900003F31343236290FAA0F3B3FA83F32268CA
:10FBA00090FAA0F003215B00B0FA80F001FA03F3B1
:10FBB00040002D0922EA030385401D4325600020F3
:10FBC000F0BD2B46D8E7030A616A93FAA3F282B12B
:10FBD000B2FA82F292000F2793FAA3F3B3FA83F3F7
:10FBE00007FA02F29B0021EA02029E401643666277
:10FBF000D1E72A46EEE703785B075FBF03684288D8
:10FC0000C3F34A2303EB12105DBF173020F0070047
:10FC1000800800207047002070470346BFF35B8FC9
:10FC200053E8000F421C43E800210029F8D1BFF33C
:10FC30005B8F704708B501F04FF90A220023F8F7EF
:10FC400069FB08BD1FB50023CDE90201CDE90033F2
:10FC50001A4619461846FBF7DDFA05B05DF804FBB5
:10FC60000120FBF78FB8002070474368DA714368C2
:10FC70001960436801225A71FBF776B870B51546D2
:10FC80000C4669B1D2E901369B1B99420AD8136828
:10FC90000A460146981901F0E7F9AB682344AB60C6
:10FCA000204670BD6FF01B00FBE770B50E46154691
:10FCB0001946044618B9BDE87040FBF763B833B184
:10FCC000C2F34A231030120D184401F0CDF9C4E9F3
:10FCD00000562046BDE87040FBF7FCB92DE9F34122
:10FCE0005F1C4FEA8708064608F1170020F007005E
:10FCF00080080C461546FBF7C7F80023ADF8053021
:10FD00008DF807308DF8047068B10346019A43F806
:10FD1000102FA8F104012A46294452F8045B43F845
:10FD2000045F8A42F9D1A20102F4E07242EA482259
:10FD300022F07F4222F47002002322F03F0231467B
:10FD400002B0BDE8F041FFF7B0BF07B50123019253
:10FD500001AAFFF7C3FF03B05DF804FB07B5CDE9C7
:10FD6000002302236A46FFF7B9FF03B05DF804FBE6
:10FD70001FB5CDE90123069B039301AA0323FFF7D7
:10FD8000ADFF05B05DF804FBF8B506460D46144618
:10FD90001F4604B9F8BD214628463A46B047241A02
:10FDA0000544F6E710B5426881680446D2E90023AD
:10FDB0000068FFF7E9FF636800221A6010BD38B5DC
:10FDC0004B681A68CB689A4205460C4602D1084631
:10FDD000FFF7E8FF6368BFF35B8F53E8002F511C08
:10FDE00043E800100028F8D1BFF35B8FA3689D544F
:10FDF000002038BD0A2838B504460D4602D10D2032
:10FE0000FFF7DDFF29462046FFF7D9FF002038BD68
:10FE10002DE9F043054689B008460E8891F8009018
:10FE2000D1F808800C461746FBF746FA011EC6F3C8
:10FE30008216C9F3C2091FDB4846FBF75DF903468A
:10FE40002146608851F8102B0296C2F34A22002AFC
:10FE500001EB0204C0F30B1008BF00210022CDE922
:10FE60000507CDE90314CDE9002241462846FBF7FA
:10FE70004FFA09B0BDE8F0830023E1E7002908DB71
:10FE80008068884205D9401A904234BF0020012082
:10FE9000704700207047704770B516461A460546F1
:10FEA0000C46FFF7EBFF48B16968E86821448268B7
:10FEB00014683246A446BDE8704060476FF01500F4
:10FEC00070BD70B516461A4605460C46FFF7D6FFBC
:10FED00048B16968E8682144826854683246A4469B
:10FEE000BDE8704060476FF0150070BD10B50B465F
:10FEF0000446FFF7C3FF30B16168E0681944BDE80C
:10FF0000104000F00AB86FF0150010BD08B5C068C9
:10FF10008368DB689847006808BD2DE9F041876871
:10FF2000FB6804460D4616469847BB682BB132461F
:10FF300029462046BDE8F04118476FF05700BDE85C
:10FF4000F08101F09FB801F08FB801460068FBF71F
:10FF500045BC08B5FBF79EFCBDE80840FBF7FEBFBB
:10FF60000A460121FFF7F1BE00210120FBF736BC54
:10FF700008B5FBF78FFFFBF709FCFBF713FCFCF759
:10FF800043F8FDF7C3FC6FF08500704761B662B6B9
:10FF900080F31188BFF36F8F704772B6002383F32D
:10FFA0001188BFF36F8FBFF34F8F30BF62B6BFF3BF
:10FFB0006F8F7047202809D9B0F1004F08D8013859
:10FFC000B0FA80F0C0F11F00400070470820704771
:10FFD0003E20704708B5D1E904319847002008BD9C
:10FFE00008B5FCF7D1F9002008BD08B506220121AB
:10FFF0000020FCF761FA002211460620FBF732FFD1
:020000040801F1
:10000000012108460722FCF757FA00221146072073
:10001000FBF728FF082201210220FCF74DFA0022FD
:1000200011460820FBF71EFF092201210320FCF7DF
:1000300043FA002211460920FBF714FF0A2201218E
:100040000420FCF739FA002211460A20FBF70AFFC8
:10005000052108461622FCF72FFA00221146162029
:10006000FBF700FF292206210A20FCF725FA0022CF
:1000700011462920FBF7F6FE002008BD01F01F0104
:1000800001208840704700F00302043292000F23E1
:10009000934043EA900010B500F003039B0003F186
:1000A000804303F58033020C9C6892FAA2F2B2FA04
:1000B00082F202F00F0224EA10409140014399605D
:1000C00010BD4FF0B0431868C0F3802070470B8814
:1000D000C3F30B0303F6B872C2F30B021C2A82B0FF
:1000E00010D803F1B04348681A6802431A600B88BD
:1000F000C3F30B0303F1B04300201B680193019B82
:1001000002B070476FF08500FAE70B88C3F30B036A
:1001100003F6B872C2F30B021C2A9FBF03F1B0436F
:1001200049681A688A439ABF00201A606FF08500F8
:10013000704701380A2809D840F2EB63C34013F036
:10014000010F0CBF6FF08500002070476FF0850035
:10015000704770B508884A68C0F30B0094B2C2F3C8
:100160000445FFF7E6FF90B9FF2A0FD0C2F34156CE
:1001700004F1B04401360123B3402168013BAB4098
:10018000120E21EA0303AA401343236070BD6FF0EF
:100190008500FBE70888C0F30B0008B500F6B873CC
:1001A000C3F30B031C2B08D800F1B0404B68026866
:1001B00093430CBF0220012008BDFFF7BAFF0028BF
:1001C0000CBF02200120F7E770477047F7B51C46C7
:1001D0001646002382682360A36053690D4601AA76
:1001E00069469847019B5A1E01921BB96FF0150092
:1001F00003B0F0BD0098A26847682168676085B9C0
:10020000B31AD0F800C0634528BF63461A4403FB05
:1002100007112160A26002689A4206D80830009057
:10022000E0E76B1AB3FBF7F3EBE70020E0E71346D8
:100230000022FFF7CBBF4FF0FF324FF0FF33043007
:10024000FDF7CABC7FB506460D4614461BB141EA10
:1002500002035B0710D101AA29463046FFF7E7FFEA
:1002600050B9013C01AA61193046FFF7E0FFB0FA2E
:1002700080F0400904B070BD0020FBE770B51C465B
:100280001646002322460D46FFF7DCFF30B9214613
:100290002846FCF749FB6FF0150070BD2CB12246D3
:1002A00005F10061304600F0DFFE0020F5E7002098
:1002B000704708B5006904300122114600F04BFC7C
:1002C000FFF7F5FF00EAE07008BD70B5044600696D
:1002D0000D461646FFF7AFFF00212046FCF76CFBEA
:1002E00098B929463246204600F012F80546012109
:1002F0002046FCF761FB002D14BF2E460646206900
:100300000430FDF735FC304670BD6FF00405EEE7B4
:10031000F8B5551E0D440646CF12ED120020BD4221
:1003200000D2F8BD33691C686369002B48DB304696
:10033000FCF70CFB0028F4DB23685A050FD5236873
:1003400023F480632360236843F48053236023688D
:1003500023F480532360236843F48063236023687D
:100360009B050FD5236823F400732360236843F4AF
:1003700000632360236823F400632360236843F44D
:1003800000732360636943F002036361636923F4CC
:100390007E7363616269FB0003F47E7313436361E0
:1003A000636943F48033636130466369FCF7CEFAD6
:1003B0006369002823F002036361B2DB0137AEE713
:1003C0006FF00400ADE743685B681B690B600020B9
:1003D000704743685B68586942400A4042405A612E
:1003E0000020704743685B6800209961704743684C
:1003F0005B6800209962704743685B685A695140A6
:1004000059610020704730B50369986800B3002433
:10041000884219D108688CB9DC689860A14200D183
:10042000D860002008602AB19A680A60DA6899608A
:1004300002B9D96000200FE02846E9E72060D868BB
:10044000814208BFDC60ECE705680446002DF3D16B
:10045000002AE9D16FF0150030BD12F4003CF8B568
:100460000C46134641D0960738D555075BD5502228
:10047000D90635D542F4007203F4C061B1F5806F3E
:1004800043D0B1F5C06F3DD0B1F5007F40D013F43B
:100490004036056912D06F6827FA04F1C9075FBFBB
:1004A0000121A14039436960BCF1000F06D01F0350
:1004B00031D5416801234968A3408B61002321465F
:1004C000FFF714FB46B96B6823FA04F2D20741BF69
:1004D0000122A24093436B600020F8BD1022C7E7C1
:1004E0009F06C9D542F48062C6E7D60305D5D50676
:1004F00005D4C2F340129202BEE73022BCE74FF4AB
:100500000072B9E742F4C072C1E742F48072BEE7FC
:1005100042F08002BBE75903D0D541680123496806
:10052000A3408B62CAE76FF08500D6E770B50B6910
:100530000E469968054609B10C6801B970BD8A6814
:100540002A4002D04B68304698471CB123682146A8
:100550001C46F2E72346FAE730B5036813600579D5
:10056000046804EBC504A34202D36FF0010030BD60
:100570005C798C4203F10803F0D10020F7E72DE904
:10058000F84F044600EBC10800254FF0010944452F
:1005900002D10020BDE8F88FD4F800B01BF0100F96
:1005A00020D1656845F02005CBF34420FAF798FA8E
:1005B000074608B3CBF343160BF01F0A53462A46EF
:1005C0003146FFF793FA0028E4DBBAF1110F07D1A7
:1005D0007B685B6809FA06F62A054CBF9E619E623D
:1005E0000834D4E70BF01F03102B03D0112BDBD101
:1005F0006568D9E73025D7E76FF01200CAE743688E
:10060000C1F34B101B6801F01F01C05801238B4040
:100610000340003B18BF012313700020704710B542
:100620004368C1F34B101A6801F01F01845801237D
:100630008B4023438350002010BD10B54368C1F3A5
:100640004B14186801F01F01235801228A4023EA45
:1006500002032350002010BD38B504460D46FFF7B5
:10066000DEFF29462046FFF7E8FF002038BDB0F541
:10067000805F07D0B0F1805F09D100290CBF022054
:100680000120704700290CBF042003207047002977
:100690000CBF03200220704743681B68D869DA69E1
:1006A000C0F3C00002F0010240EA4200DA6992079A
:1006B000DA6948BF40F004005107DA6948BF40F0EA
:1006C0002000D20542BF4FF4807240F008001A6249
:1006D000C10744BF08221A62820744BF01221A627E
:1006E000410744BF02221A62820644BF04221A62F2
:1006F000704743681A6852E8003F43F0400342E8FD
:1007000000310029F7D1704743681A6852E8003F6A
:1007100023F0400342E800310029F7D170474368D5
:100720001A6852E8003F43F0200342E800310029F4
:10073000F7D1704743681A6852E8003F23F020035E
:1007400042E800310029F7D1704743681B68D86937
:10075000C0F340107047012070470369C3E90112DC
:100760007047026953680BB191681847704708B524
:10077000002224201146FBF775FBBDE80840242029
:10078000FBF762BB08B5002225201146FBF76AFB88
:10079000BDE808402520FBF757BB43681B68D869B4
:1007A000C0F38010704743681B68D86910F0800060
:1007B0001CBF1868C0F38010704710B5026912683A
:1007C00012680A6042681268126802F4C062B2F5E8
:1007D000806F04460B4633D0A2F5C06042424241CE
:1007E0001A7162681268526802F44052B2F5805F72
:1007F00028D0B2F5405F27D0002A0CBF0122032287
:100800005A71626812681068116800F0102001F4D3
:10081000C061FFF72CFF987162681268926802F459
:100820004072A2F540714A424A41DA716168096832
:10083000896811F4804F18BF0322DA71002010BDBF
:100840000222CDE70022DBE70222D9E738B5436870
:100850001B680C461868196800F0102001F4C0618C
:10086000FFF705FF04281AD0D86910F0800015D0D2
:10087000EFF31181102080F31288BFF36F8F0020F7
:10088000151A002D06DDDD692D0603D5255C9D6258
:100890000130F5E781F31188BFF36F8F38BD6FF03A
:1008A0008500FBE710B543681B681020DA69120663
:1008B000FCD5EFF3118280F31288BFF36F8FDC69F0
:1008C000240604D482F31188BFF36F8FEEE7996298
:1008D00082F31188BFF36F8F10BD43681B68DA691C
:1008E000910602D51A68920607D4D86910F0400024
:1008F00004D01868C0F3801070470120704738B5E5
:1009000043681B680C461868196800F0102001F451
:10091000C061FFF7ACFE042810D000200821151A92
:10092000002D0DDDDD69AD060AD55D6A2554DD6952
:100930002D0700F10100F2D51962F0E76FF0850094
:1009400038BD43681B68DA69100744BF08221A6281
:10095000DA69920643BF5B6A0B7000204FF0FF30EC
:1009600070474FF0E022136923F0010313617047D1
:100970000369C26893429CBF81685B18013B981A67
:1009800070472DE9F041D0E902840546A8EB040642
:100990004068964220440F46144404D900F064FB9A
:1009A000EC60BDE8F0813246A4EB080400F05CFB8B
:1009B00068682246B919F1E72DE9F843C56806468B
:1009C000894617464FF000083369B46870689D4245
:1009D00028BF1B19641BBC4203F1FF3328BF3C46F0
:1009E0005B1B9C4228BF1C4649462844224600F017
:1009F0003BFBB3682544AB4208BF00253F1BA04426
:100A0000A144F560E0D14046BDE8F88308B5FCF7A5
:100A100031FE002008BDEFF31180102383F312880C
:100A2000BFF36F8F704780F31188BFF36F8F7047EC
:100A300038B5044648B1FCF77DFC302305465C43DD
:100A4000FCF778FC431BA342FAD338BD10B54369C9
:100A500004463BB90020E268537843F00103537029
:100A6000404210BD98470028F4D00028B8BF40424B
:100A7000E368FF28A8BFFF201870ECE740B1C36807
:100A8000587810F001001EBF1878B0FA80F04009C5
:100A90007047EFF31183102383F31288BFF36F8F36
:100AA000FEE708B51024EFF3118384F31288BFF337
:100AB0006F8FFFF772FAF6E7D0E9003213605A60E1
:100AC000027C002322F00202C0E90033027483603A
:100AD000704713B501240094FCF780FF02B010BDED
:100AE000F8B50546EFF31186102383F31288BFF3A0
:100AF0006F8F0468A0421AD0CCB12046FFF7DCFF0C
:100B000004F1180000F0AFF96FF02207C4F880700C
:100B1000204600F0A4F82C68A54215D0A4B12046C8
:100B2000FFF7CAFF04F1180000F09DF9EEE700237B
:100B300000222A62EA69AA6143B1314605F1080040
:100B4000BDE8F84000F0E5B80123F1E786F311882D
:100B5000BFF36F8FF8BD3AB18A4205D3C0E90212E4
:100B6000C0E90000002070476FF015007047026870
:100B700001238B4022EA0303036022FA01F000F014
:100B80000100704720B100221146943000F0FDB8FA
:100B9000704713B501900846EFF31184102383F3D7
:100BA0001288BFF36F8F01A9FDF724F984F3118830
:100BB000BFF36F8F02B010BD10B5FFF7EAFF041E40
:100BC00008DDEFF31180102383F31288BFF36F8FDA
:100BD000FDF72EFB204610BDEFF30580003818BF4F
:100BE000012070476FF05700704700207047D0E930
:100BF000003213605A600023C0E90033704708B523
:100C0000FFF7F5FF037C23F00203037400238360E6
:100C100008BD38B504460D46FDF766FA237C43F05F
:100C200002032374D5B1A5602B689D4209D16B687E
:100C3000C4E900531C606C6010E06A689A42F6D008
:100C40001B68002BF3D093F90E1094F90E209142FB
:100C5000F3DD5A68C4E9003214605C6038BD10B539
:100C6000EFF31184102383F31288BFF36F8FFDF726
:100C7000FBF984F31188BFF36F8F10BD08B5EFF354
:100C80001181102282F31288BFF36F8F83680BB13A
:100C9000FFF7B5FF81F31188BFF36F8F08BD08B56B
:100CA000037C13F0280F01460CD183680BB1FFF7CA
:100CB000A6FF0B7C23F004030B740846BDE8084034
:100CC000FDF7D2B908BD10B5EFF31184102383F3FB
:100CD0001288BFF36F8F1838FFF7E1FF84F3118894
:100CE000BFF36F8F10BD08B50346EFF311811022DB
:100CF00082F31288BFF36F8F0068834207D008B178
:100D0000FFF77DFF81F31188BFF36F8F08BD0020CF
:100D1000F8E70846FDF720BA38B505460C46FDF75A
:100D200023FBB4F1FF3F08BFB5F1FF3F0AD0C11765
:100D300009304FF00A024FF0000341F10001F7F7CC
:100D4000E9FA38BD4FF0FF30FBE738B50446EFF362
:100D50001185102383F31288BFF36F8F037C5B0729
:100D60000ED5183000F07FF8237C23F004032046D2
:100D70002374FDF779F92846BDE83840FDF7ECB952
:100D800085F31188BFF36F8F38BD38B5EFF3118548
:100D9000102383F31288BFF36F8F0468A04213D02F
:100DA000A4B1C4F8801062612046FFF728FF04F167
:100DB000180000F058F82046FDF756F9012085F399
:100DC0001188BFF36F8F38BD0020F8E72046F6E7A3
:100DD0002DE9F04706460F4691469A46EFF31188F3
:100DE000102383F31288BFF36F8F0068864206D00A
:100DF00028B17368984214BF0568002568B90024BB
:100E0000B9F1000F02D051462046C84788F3118837
:100E1000BFF36F8F2046BDE8F0875146B8470446C0
:100E20000028EDD135B17368AB4200D02C6828465C
:100E30002546E3E72C46FAE708B50246FDF706FC2F
:100E400070B1D0E904319B1A61EBE272B3F1004F4B
:100E500072F1000104DA002AACBF1846002008BD78
:100E60006FF00040FBE738B50246EFF31185102321
:100E700083F31288BFF36F8F0368D3B1FDF7E6FBEE
:100E800004461046FDF7F4FB00224FF00043844275
:100E9000C0E9042305D0002085F31188BFF36F8FCC
:100EA00038BDFDF7DBFBFFF7C7FF0021FCF7B2F908
:100EB000F1E7D0E90413B3F1004F08BF012904D1D1
:100EC00000204FF00041C2E904016FF01500E3E794
:100ED00008B5FDF7D5FC08BDFDF7D2BCB3F1FF3F67
:100EE00008BFB2F1FF3F70B506461D46144614D048
:100EF0001A4316D0002B08DBFDF7C2FC041941EBA6
:100F00000501C6E90041304670BD6FF001031C1BAE
:100F10004FF0FF3363EB0501F3E74FF0FF34214659
:100F2000EFE70024FBE7B3F1FF3F08BFB2F1FF3F5B
:100F3000F8B5074616461C4610D054EA020311D0F5
:100F4000FDF79EFCB0420A46A14103460AD2F31ABD
:100F500064EB0204C7E900343846F8BD4FF0FF33B4
:100F60001C46F7E70023FBE70023C0E9081200F165
:100F70001802C0E90622C0E90033036343637047E7
:100F80002DE9F3470446DDE90A9815460E4659B3A4
:100F900002F0010AFDF724FA0746EFF3118110234E
:100FA00083F31288BFF36F8FA80744BF0023A360A9
:100FB000A36803EA0600BAF1000F0CD086420CD1F8
:100FC0006A0744BF8343A36081F31188BFF36F8F27
:100FD00002B0BDE8F0870028F2D159EA080305D134
:100FE00081F31188BFF36F8F0020F1E7C7E918651F
:100FF0002246CDE9009804F10C00FDF7F7F800282F
:10100000F2D1386EE4E710B50446D0E918020B6857
:1010100012F0010F03EA000301D0984210D17BB116
:101020002366520742BF4A681A434A6004F1180017
:10103000FFF719FF0023C4F880302046FFF72FFE8A
:10104000002010BD0A46FDF721BD0A460021FDF72C
:101050001DBD5200FFF794BF10B400F10C04C0E9AD
:10106000034410BCFEF736BA0A44914200F1FF3344
:1010700000D1704710B511F8014B03F8014F9142B0
:10108000F9D110BD02440346934200D1704703F8E2
:10109000011BF9E7C9B20346184613F8012B12B138
:1010A0008A42F9D17047002918BF0020704710B557
:1010B0006AB10139841810F8012B11F8013F9A42E6
:1010C00003D1A04201D0002AF5D1D01A10BD10469C
:1010D000FCE710B50139034632B111F8014F03F8AE
:1010E000014B013A002CF7D11A440021934200D160
:1010F00010BD03F8011BF9E710B5024601448A420E
:10110000134603D01C780132002CF8D1181A10BDF8
:10111000F0B5C3F137070446FFB203F01F031046D2
:10112000082BE6B233D0102B3ED06508A40844EA61
:10113000817445EAC1752D194FEA910242EB5102C3
:10114000290941EA02716D1842EB1212290A41EA9B
:1011500002616D1842EB1222290C41EA02416D181E
:1011600042EB1242AD1842F10002EC0844EA42742C
:10117000D10804EB8402A6EB4205EDB2092D0CD98F
:101180000134A5F10A0541F10001EDB212E0E408D5
:1011900044EA417406F00705C908303554EA0102F3
:1011A00000F8015BBCD1F0BD240944EA017406F0EB
:1011B0000F050909092D84BFED19EDB2EDE7D1E95D
:1011C000043293421EBF5A1C0A6118707047000017
:1011D0009C71FF7F010000000000000078120108F0
:1011E00095AA0008000000000D0A01080000000098
:1011F000F1EA00080000000000000000941201085D
:10120000000000000413010800000000E8120108BB
:10121000000000002013010800000000B0120108C7
:1012200000000000CC120108EBFF000800000000E5
:10123000A9C8000800000000000000003C130108DD
:10124000000000005813010885D1000800000000CC
:1012500045AC000800000000B1C300080000000019
:1012600015EB0008000000000000000074130108E6
:101270003DF400080000000099270108000000006C
:10128000B4150108BA11002000000000F5C60008DE
:10129000000000008A2801084C190108A415010863
:1012A000BE1100200000000000000000000000004F
:1012B000A02101086417010880150108B011002061
:1012C000EC2D0020C1AA000800000000AE2101089A
:1012D0007817010880150108B2110020FC2D0020AC
:1012E000C1AA000800000000BC2101088C170108F9
:1012F00080150108B41100200C2E0020C1AA00089E
:1013000000000000CA210108A0170108801501088B
:10131000B61100201C2E0020C1AA00080000000009
:10132000702701080000000000000000B811002034
:101330000000000011C40008000000003D29010861
:1013400050190108D0150108C011002064110020B7
:101350009DCE0008000000004D290108A4190108D5
:10136000D0150108C2110020781100209DCE000880
:10137000000000003A28010800000000681501087C
:10138000BC11002050110020B30201080000000031
:101390000000000069FF00080000000069FF00086D
:1013A0000000000069FF00080000000069FF00085D
:1013B0000000000069FF00080000000069FF00084D
:1013C000EB2A0108D1C40008E92A0108D1C40008A9
:1013D000E72A0108D1C40008E52A0108D1C40008A1
:1013E000E32A0108D1C400080000000069FF0008DA
:1013F0000000000069FF00080000000069FF00080D
:101400000000000069FF00080000000069FF0008FC
:101410000000000069FF00080000000069FF0008EC
:101420000000000069FF00080000000069FF0008DC
:101430000000000069FF00080000000069FF0008CC
:10144000E12A0108D1C400080000000069FF00087B
:101450000000000069FF00080000000069FF0008AC
:101460000000000069FF00080000000069FF00089C
:101470000000000069FF00080000000069FF00088C
:101480000000000069FF00080000000069FF00087C
:101490000000000069FF00080000000069FF00086C
:1014A0000000000069FF00080000000069FF00085C
:1014B00058130108630701083C130108630701087A
:1014C0000000000069FF00080000000069FF00083C
:1014D0000000000069FF0008DF2A0108D1C40008ED
:1014E0000000000069FF00080000000069FF00081C
:1014F0000000000069FF00080000000069FF00080C
:101500000000000069FF00080000000069FF0008FB
:101510000000000069FF00080000000069FF0008EB
:101520000000000069FF00080000000069FF0008DB
:101530000000000069FF0008C81200208039002068
:10154000000400000D8B00080000000000000000F7
:10155000000000000900000000000000EF1A010870
:1015600000000000000000007D02010841CA0008E0
:10157000FDC9000809C9000811C9000851CB0008BD
:101580005B040108C7030108D3030108E503010850
:10159000EF030108F903010879CB000807040108EB
:1015A00000000000FF0501081F0601083B060108B6
:1015B00059060108CF0001080B01010800000000D6
:1015C00049C6000895010108000000005301010808
:1015D00043090108A5080108990601084DD0000833
:1015E000BB0701084D080108FF080108F3060108C0
:1015F00009070108A70701081F07010835070108A7
:101600009B0701084B07010825CC00086DCC00089A
:10161000DB080108570701085B070108000000000C
:101620000000000014230108030000005B210108F2
:10163000030000008E270108030000002B2301088F
:1016400003000000212301080300000054280108C2
:10165000030000007C28010803000000212201088B
:101660000300000025220108030000004D270108A7
:10167000030000007929010803000000EE2601089C
:10168000030000005F2A010803000000B0200108E9
:1016900003000000F61C010803000000A91B01085C
:1016A00003000000E61F010803000000041B0108FE
:1016B00003000000A320010803000000671E0108CA
:1016C000030000001522010803000000F21F0108BA
:1016D000030000005A28010803000000012201084D
:1016E0000300000095210108030000005D290108A6
:1016F0000300000068180108502E00200423010890
:101700000100000054000000000100000000000083
:1017100001000000020000000000010000000200C3
:101720001000010020000100300000000413010837
:101730000000000031000000041301080100000057
:1017400001000000E812010805000000020000008E
:10175000041301080800000014000000E81201084A
:1017600004000000FFFF0000001C0048070000000C
:101770004C00000080000000FFFF0000000800484F
:10178000020000004C00000004000000FFFF000009
:1017900000040048010000004C00000002000000AE
:1017A000FFFF000000000048000000004C000000A7
:1017B0000100000004130108E8120108CC1201081E
:1017C0000000000000000000000000000000000019
:1017D000B01201080000000000000000000000003E
:1017E00000000000000000000000000000000000F9
:1017F00000000000000000000000000000000000E9
:1018000000000000000000000000000000000000D8
:101810000000000000000000000000006014002034
:101820000001000061FC0008F7FB00080200000056
:1018300011FE000800000000000000000000000091
:101840000000000000000000000000000000000098
:101850000000000000000000F4220108F822010846
:10186000FC2201080023010825B6000819B600086B
:1018700049B6000801B60008000000000DB60008D7
:1018800000000000A5B60008582E00206039002096
:101890001000000004000000000000000000000034
:1018A00000800000741301080100000000800000A7
:1018B00000900200741301080200000000100300F1
:1018C00000A00000741301080300000000B0030032
:1018D0000050000074130108000100200000000007
:1018E00000000B0602000000EC18010800000008D0
:1018F0003E270108220002020000002046270108BE
:101900001E000B11000000006410B71DC8206E3BC4
:10191000AC30D9269041DC76F4516B6B5861B24DF6
:101920003C7105502083B8ED44930FF0E8A3D6D660
:101930008CB361CBB0C2649BD4D2D38678E20AA0C8
:101940001CF2BDBD0800000000FF000000000058B0
:1019500000440040781201089412010811070000A9
:101960007C190108010000000000000000000000D8
:1019700000000000841901088507010858000000D4
:10198000000002008C1901080100000094190108F0
:101990000200000047000000000200006700000095
:1019A000000000000038014078120108941201087C
:1019B0000E080000D019010801000000000000001E
:1019C0000000000000000000D81901086F0701089E
:1019D0006000000000400000E01901080100000064
:1019E000E819010802000000C70200000002000020
:1019F000E702000000000000A0860100400D030087
:101A0000801A060000350C0040420F0080841E0042
:101A100000093D0000127A000024F40000366E0137
:101A20000048E801006CDC0200000000000000003B
:101A300000000000000000000100000003000000A2
:101A40000500000001000000010000000600000089
:101A50000A00000020000000020000000400000056
:101A6000080000001000000040000000800000009E
:101A70000001000000020000152A0108232A0108C5
:101A8000372A0108462A0108522A0108D8110108FC
:101A9000D8110108481201085012010870120108FB
:101AA000781201088A2A01080001000000000000E5
:101AB00000100000003052544275732070726F6342
:101AC000657373206661696C65643A202564005211
:101AD0005442757320696E697469616C697A6174C6
:101AE000696F6E206661696C65643A2025640072D6
:101AF000746275735F72756E74696D655F74687218
:101B00006561640072746275735F72756E74696D7D
:101B100065004E61746976652073657276696365E8
:101B2000207374617274206661696C65643A202563
:101B30006400446961676E6F7374696373207465D0
:101B40007374206576656E74207265636569766569
:101B50006400646961676E6F7374696373206164A4
:101B600064207061796C6F61642073697A65206D9F
:101B700069736D617463683A2025750064696167F3
:101B80006E6F73746963732061646420726573752A
:101B90006C7420636F6D706C6574696F6E20666124
:101BA000696C65643A2025640072746275735F64C1
:101BB0006961676E6F737469637300446961676E0E
:101BC0006F73746963732074657374206576656ED2
:101BD0007420706F7374206661696C65643A2025A7
:101BE000640041505000556E737570706F7274656B
:101BF0006420444655207461726765743A202573E9
:101C0000004E61746976652073657276696365203C
:101C100073746F7020666F72204446552066616948
:101C20006C65643A20256400444655205245414481
:101C300059207772697465206661696C6564005922
:101C40004D4F44454D207265636569766520746526
:101C50007374206661696C65643A202564004052A3
:101C6000544255533A00525442757320434C492014
:101C700069676E6F726564206C696E653A202573C2
:101C800000525442757320434C4920636F6D6D615F
:101C90006E643A20257300525442757320434C49B8
:101CA000206C696E6520746F6F206C6F6E670055D5
:101CB0006E737570706F72746564205245424F4F39
:101CC0005420617267733A20257300525442757331
:101CD00020434C49207265626F6F74207265717584
:101CE0006573746564005245424F4F540044465535
:101CF00000544553540072746275735F636C6900DD
:101D0000594D4F44454D2072656365697665207471
:101D100065737420737461727400594D4F44454D5E
:101D20002068656164657220726563656976652007
:101D30006661696C65643A20256400594D4F4445DD
:101D40004D2063616E63656C656420627920736504
:101D50006E64657200594D4F44454D207061636B50
:101D600065742072656365697665206661696C6576
:101D7000643A20256400594D4F44454D2066696CF6
:101D8000653A20257300594D4F44454D20657870C4
:101D900065637465642073697A653A20257500521D
:101DA0005442757320696D6167652073746F726545
:101DB00020626567696E206661696C65643A2025FA
:101DC0006400525442757320696D616765207374B5
:101DD0006F72652066696E697368206661696C65FB
:101DE000643A20256400594D4F44454D2072656387
:101DF00065697665207465737420646F6E653A203A
:101E000072656365697665643D25752065787065E2
:101E1000637465643D257500594D4F44454D2075EB
:101E20006E657870656374656420626C6F636B3A8D
:101E300020676F743D2575206578706563746564EF
:101E40003D257500525442757320696D61676520A8
:101E500073746F7265207772697465206661696C4E
:101E600065643A2025640072746275735F796D6FE2
:101E700064656D006E61746976655F73657276691D
:101E800063653A206173796E632072746275735F63
:101E9000706F7374206661696C6564207461736B24
:101EA0005F69643D2575206374785F69643D3078AF
:101EB00025303878207061796C6F61645F6C656E75
:101EC0003D2575207265743D25640A006170706C53
:101ED00069636174696F6E3A204552524F522069AE
:101EE0006E636F6D70617469626C65204142492058
:101EF00076657273696F6E2025752C2072756E740D
:101F0000696D652072657175697265732025750A42
:101F1000006170706C69636174696F6E3A206C6FF8
:101F20006164656420656E7472793D3078256C78E3
:101F300020646174613D2575206273733D257520B1
:101F400072616D3D3078256C782F25750A006E61C1
:101F500074697665006170706C69636174696F6E35
:101F60003A204552524F52206E6F2076616C696460
:101F7000206E617469766520696D61676520696EA0
:101F800020636F6D706F6E656E7420736C6F740A72
:101F9000006170706C69636174696F6E3A204552BC
:101FA000524F5220696D6167652072656A6563747E
:101FB000656420282564290A0052544275732069FB
:101FC0006D6167652072657175697265732025752D
:101FD0002062797465732052414D2C206D61782008
:101FE00069732025750072746275735F696D61672E
:101FF0006500737461727475705F7365727669637E
:10200000650073657269616C20626567696E207036
:1020100061796C6F61642073697A65206D69736D95
:10202000617463683A2025750073657269616C207C
:10203000626567696E20726573756C7420636F6D7D
:10204000706C6574696F6E206661696C65643A20B6
:1020500025640072756E74696D65207365726961BF
:102060006C20706F727420257520696E697420660B
:1020700061696C65643A2025640072756E74696DDF
:10208000652073657269616C20706F7274202575AC
:1020900020737461727420736B69707065643A2088
:1020A00025640072746275735F73657269616C0098
:1020B0006F735F686561700028756E7369676E6520
:1020C00064292063686172202A2075736564206624
:1020D0006F722025257020617267756D656E742E94
:1020E0002049742773207265636F6D6D656E64653A
:1020F0006420746F206361737420697420746F208E
:10210000766F6964202A2062656361757365206952
:1021100074206D6179206361757365206D697362E8
:1021200065686176696F7220696E2063657274619B
:10213000696E20636F6E66696775726174696F6E30
:10214000732E20537472696E673A222573222061C0
:102150007267756D656E743A2564006362707269AA
:102160006E74665F7061636B616765004661696C80
:10217000656420746F207265626F6F743A207370AB
:10218000696E6E696E6720656E646C6573736C79D9
:102190002E2E2E0A007379735F6765746F7074005A
:1021A0006770696F403438303031633030006770A9
:1021B000696F403438303030383030006770696FC4
:1021C000403438303030343030006770696F40341C
:1021D0003830303030303000556E62616C616E6383
:1021E0006564206261636B757020646F6D61696EF8
:1021F0002061636365737320726566636F756E74C7
:102200000073746D33325F6261636B75705F646F0E
:102210006D61696E00736F63006C6F6767696E67ED
:10222000006C6F67006C6F675F6D676D74004D6564
:102230007373616765202822257322292064726FD9
:1022400070706564206265636175736520697420D0
:10225000657863656564732073697A65206C696D60
:1022600069746174696F6E2028257529004D657346
:10227000736167652064726F707065642062656366
:102280006175736520697420657863656564732082
:1022900073697A65206C696D69746174696F6E2009
:1022A00028257529000D0A001B5B306D0025732061
:1022B000005B2530386C755D20005B253032753A47
:1022C000253032753A253032752E253033752C2560
:1022D0003033755D20003C25733E200025732F00B0
:1022E00025733A2000253032782000202020007C01
:1022F000002563006572720077726E00696E660079
:10230000646267006C6F675F6261636B656E645FD8
:102310007274740053545245414D5F464C415348CA
:1023200000666C6173685F696D6700666C617368F5
:102330000072302F61313A202030782530387820F3
:102340002072312F61323A202030782530387820C1
:102350002072322F61333A202030782530387800CF
:1023600072332F61343A202030782530387820724B
:1023700031322F69703A2020307825303878207239
:1023800031342F6C723A2020307825303878002094
:10239000787073723A2020307825303878004661A2
:1023A000756C74696E6720696E7374727563746995
:1023B0006F6E206164647265737320287231352FEB
:1023C0007063293A2030782530387800556E68617E
:1023D0006E646C6564204952516E3A202564002A6F
:1023E0002A2A2A2A205553414745204641554C5414
:1023F000202A2A2A2A2A0020204469766973696FD4
:102400006E206279207A65726F002020556E616CB3
:1024100069676E6564206D656D6F727920616363B5
:102420006573730020204E6F20636F70726F636559
:1024300073736F7220696E737472756374696F6EF3
:1024400073002020496C6C6567616C206C6F61645F
:10245000206F66204558435F52455455524E2069BF
:102460006E746F205043002020496C6C6567616C6E
:1024700020757365206F662074686520455053523F
:10248000002020417474656D707420746F2065782D
:10249000656375746520756E646566696E65642034
:1024A000696E737472756374696F6E002A2A2A2AC2
:1024B0002A20425553204641554C54202A2A2A2A84
:1024C0002A002020537461636B696E672065727205
:1024D0006F72002020556E737461636B696E6720A4
:1024E0006572726F72002020507265636973652097
:1024F0006461746120627573206572726F7200206E
:10250000204246415220416464726573733A203020
:10251000782578002020496D7072656369736520A5
:102520006461746120627573206572726F7200203D
:1025300020496E737472756374696F6E206275736F
:10254000206572726F72002A2A2A2A2A204D50555D
:10255000204641554C54202A2A2A2A2A002020535A
:102560007461636B696E67206572726F7220286395
:102570006F6E746578742061726561206D6967683B
:1025800074206265206E6F742076616C6964290026
:102590002020446174612041636365737320566930
:1025A0006F6C6174696F6E0020204D4D4641522062
:1025B000416464726573733A203078257800202076
:1025C000496E737472756374696F6E2041636365DD
:1025D00073732056696F6C6174696F6E0052657316
:1025E000657276656420457863657074696F6E20E6
:1025F000280053707572696F757320696E74657207
:102600007275707420284952512000535053454C24
:1026100020696E20746872656164206D6F64652046
:10262000646F6573206E6F7420696E646963617492
:102630006520505350002A2A2A2A2A204841524411
:10264000204641554C54202A2A2A2A2A002020427A
:102650007573206661756C74206F6E207665637487
:102660006F72207461626C65207265616400202065
:102670004465627567206576656E7400202046614A
:10268000756C7420657363616C6174696F6E20286A
:102690007365652062656C6F772900415243485F1E
:1026A00045584345505420776974682072656173BA
:1026B0006F6E2025780A002A2A2A2A2A2044656279
:1026C0007567206D6F6E69746F72206578636570D1
:1026D00074696F6E202A2A2A2A2A002A2A2A2A2A7C
:1026E00020257320256429202A2A2A2A2A006D7091
:1026F00075004661696C656420746F20616C6C6F55
:1027000063617465206E6577204D50552072656752
:10271000696F6E2025750A00506172746974696F63
:102720006E2025753A20636F686572656E6365205B
:10273000636865636B206661696C65642E00464C56
:102740004153485F30005352414D5F30006D637517
:10275000626F6F745F64667500496E76616C696460
:10276000206C696E65206E756D626572202575003E
:10277000696E746572727570742D636F6E74726FAA
:102780006C6C6572403538303030383030006578E8
:1027900074695F73746D333200726363403538302F
:1027A000303030303000526561642072616E676590
:1027B00020696E76616C69642E204F66667365745D
:1027C0003A20256C642C206C656E3A20257A7500C1
:1027D00054696D656F7574212076616C3A202564AB
:1027E000206D730045726173652072616E676520AC
:1027F000696E76616C69642E204F66667365743A03
:1028000020256C642C206C656E3A20257A75005763
:10281000726974652072616E676520696E76616C9D
:1028200069642E204F66667365743A20256C642CAB
:10283000206C656E3A20257A7500666C6173682D90
:10284000636F6E74726F6C6C657240353830303403
:1028500030303000666C6173685F73746D333200C2
:10286000576F7264206174206F66667320256C64F4
:10287000206E6F742065726173656400666C6173AD
:10288000685F73746D33326C340072657365742DD8
:10289000636F6E74726F6C6C6572004661696C6513
:1028A000642063616C6C20636C6F636B5F636F6E3D
:1028B00074726F6C5F6765745F72617465287063B2
:1028C0006C6B656E5B305D2900556E61626C6520D6
:1028D000746F2073657420257320746F2025640045
:1028E000436F756C64206E6F7420656E61626C65F9
:1028F00020284C50295541525420636C6F636B0063
:10290000726573657420636F6E74726F6C6C657240
:10291000206E6F7420726561647900257320646F86
:102920006573206E6F7420737570706F727420649D
:10293000726976657220656E61626C65007365729E
:1029400069616C403430303034343030007365723B
:1029500069616C4034303031333830300075617229
:10296000745F73746D3332007465737400706572D4
:102970006D00726576657274006D6375626F6F7459
:102980005F7574696C005465726D696E616C0048A6
:10299000616C74696E672073797374656D00556E30
:1029A0006B6E6F776E206572726F7200756E6B6EF4
:1029B0006F776E003E3E3E205A45504859522046A1
:1029C0004154414C204552524F522025643A202513
:1029D00073206F6E20435055202564004661756C4E
:1029E0007420647572696E6720696E7465727275A1
:1029F00070742068616E646C696E670A004375725A
:102A000072656E74207468726561643A2025702066
:102A100028257329004350552065786365707469D3
:102A20006F6E00556E68616E646C656420696E74CB
:102A300065727275707400537461636B206F766594
:102A400072666C6F77004B65726E656C206F6F708D
:102A500073004B65726E656C2070616E6963006F08
:102A600073002A2A2A20426F6F74696E67205A65A4
:102A700070687972204F53206275696C64207634D7
:102A80002E342E30202A2A2A0A00737973776F7227
:102A90006B7100286E756C6C29002A666C6F61740E
:102AA0002A004D4F44554C45205354414745440D51
:102AB0000A004552524F520D0A0052454144590DE9
:102AC0000A00206D657373616765732064726F70AF
:102AD000706564202D2D2D0D0A002D2D2D20000A4E
:102AE00006050504010301020101010001000000C7
:102AF00000000054545220524547474553000000FF
:102B0000FFFFFFFFFFFFFFFF00000000BD8B00087D
:102B10000000000000000000010000003C1301085C
:102B200000000000000000000000000000000000A5
:102B30000000000000000000000000000000000095
:102B40000000000000000000000000000000000085
:102B50000000000000000000000000000000000075
:102B60000000000000000000000000000000000065
:102B70000000000000000000000000000000000055
:102B80000000000000000000000000000000000045
:102B90000000000000000000000000000000000035
:102BA0000000000000000000000000000000000025
:102BB0000000000000000000000000000000000015
:102BC0000000000000000000000000000000000005
:102BD00000000000000000000000000000000000F5
:102BE00000000000000000000000000000000000E5
:102BF00000000000000000000000000000000000D5
:102C000000000000000000000000000000000000C4
:102C100000000000000000000000000000000000B4
:102C200000000000000000000000000000000000A4
:102C30000000000000000000000000000000000094
:102C40000000000000000000000000000000000084
:102C50000000000000000000000000000000000074
:102C60000000000000000000000000000000000064
:102C70000000000000000000000000000000000054
:102C80000000000000000000000000000000000044
:102C90000000000000000000000000000000000034
:102CA0000000000000000000000000000000000024
:102CB0000000000000000000000000000000000014
:102CC0000000000000000000000000000000000004
:102CD00000000000000000000000000000000000F4
:102CE00000000000000000000000000000000000E4
:102CF00000000000000000000000000000000000D4
:102D000000000000000000000000000000000000C3
:102D100000000000000000000000000000000000B3
:102D200000000000000000000000000000000000A3
:102D30000000000000000000000000000000000093
:102D40000000000000000000000000000000000083
:102D50000000000000000000000000000000000073
:102D60000000000000000000000000000000000063
:102D70000000000000000000000000000000000053
:102D80000000000000000000000000000000000043
:102D90000000000000000000000000000000000033
:102DA0000000000000000000000000000000000023
:102DB0000000000000000000000000000000000013
:102DC0000000000000000000000000000000000003
:102DD00000000000000000000000000000000000F3
:102DE00000000000000000000000000000000000E3
:102DF00000000000000000000000000000000000D3
:102E000000000000000000000000000000000000C2
:102E100000000000000000000000000000000000B2
:102E200000000000000000000000000000000000A2
:102E30000000000000000000000000000000000092
:102E40000000000000000000000000000000000082
:102E50000000000000000000000000000000000072
:102E60000000000000000000000000000000000062
:102E70000000000000000000000000000000000052
:102E80000000000000000000000000000000000042
:102E90000000000000000000000000000000000032
:102EA0000000000000000000000000000000000022
:102EB0000000000000000000000000000000000012
:102EC0000000000000000000000000000000000002
:102ED00000000000000000000000000000000000F2
:102EE00000000000000000000000000000000000E2
:102EF00000000000000000000000000000000000D2
:102F000000000000000000000000000000000000C1
:102F100000000000000000000000000000000000B1
:102F200000000000000000000000000000000000A1
:102F30000000000000000000000000000000000091
:102F40000000000000000000000000000000000081
:102F50000000000000000000000000000000000071
:102F60000000000000000000000000000000000061
:102F70000000000000000000000000000000000051
:102F80000000000000000000000000000000000041
:102F90000000000000000000000000000000000031
:102FA0000000000000000000000000000000000021
:102FB0000000000000000000000000000000000011
:102FC0000000000000000000000000000000000001
:102FD00000000000000000000000000000000000F1
:102FE00000000000000000000000000000000000E1
:102FF00000000000000000000000000000000000D1
:1030000000000000000000000000000000000000C0
:1030100000000000000000000000000000000000B0
:1030200000000000000000000000000000000000A0
:103030000000000000000000000000000000000090
:103040000000000000000000000000000000000080
:103050000000000000000000000000000000000070
:103060000000000000000000000000000000000060
:103070000000000000000000000000000000000050
:103080000000000000000000000000000000000040
:103090000000000000000000000000000000000030
:1030A0000000000000000000000000000000000020
:1030B0000000000000000000000000000000000010
:1030C0000000000000000000000000000000000000
:1030D00000000000000000000000000000000000F0
:1030E00000000000000000000000000000000000E0
:1030F00000000000000000000000000000000000D0
:1031000000000000000000000000000000000000BF
:1031100000000000000000000000000000000000AF
:10312000000000000000000000000000000000009F
:10313000000000000000000000000000000000008F
:10314000000000000000000000000000000000007F
:10315000000000000000000000000000000000006F
:10316000000000000000000000000000000000005F
:10317000000000000000000000000000000000004F
:10318000000000000000000000000000000000003F
:10319000000000000000000000000000000000002F
:1031A000000000000000000000000000000000001F
:1031B000000000000000000000000000000000000F
:1031C00000000000000000000000000000000000FF
:1031D00000000000000000000000000000000000EF
:1031E00000000000000000000000000000000000DF
:1031F00000000000000000000000000000000000CF
:1032000000000000000000000000000000000000BE
:1032100000000000000000000000000000000000AE
:10322000000000000000000000000000000000009E
:10323000000000000000000000000000000000008E
:10324000000000000000000000000000000000007E
:10325000000000000000000000000000000000006E
:10326000000000000000000000000000000000005E
:10327000000000000000000000000000000000004E
:10328000000000000000000000000000000000003E
:10329000000000000000000000000000000000002E
:1032A000000000000000000000000000000000001E
:1032B000000000000000000000000000000000000E
:1032C00000000000000000000000000000000000FE
:1032D00000000000000000000000000000000000EE
:1032E00000000000000000000000000000000000DE
:1032F00000000000000000000000000000000000CE
:1033000000000000000000000000000000000000BD
:1033100000000000000000000000000000000000AD
:103320000000000000000000000000005813010829
:10333000000000000000000000000000000000008D
:10334000000000000000000000000000000000007D
:10335000000000000000000000000000000000006D
:10336000000000000000000000000000000000005D
:10337000000000000000000000000000000000004D
:10338000000000000000000000000000000000003D
:10339000000000000000000000000000000000002D
:1033A000000000000000000000000000000000001D
:1033B000000000000000000000000000000000000D
:1033C00000000000000000000000000000000000FD
:1033D00000000000000000000000000000000000ED
:1033E00000000000000000000000000000000000DD
:1033F00000000000000000000000000000000000CD
:1034000000000000000000000000000000000000BC
:1034100000000000000000000000000000000000AC
:10342000000000000000000000000000000000009C
:10343000000000000000000000000000000000008C
:10344000000000000000000000000000000000007C
:10345000000000000000000000000000000000006C
:10346000000000000000000000000000000000005C
:10347000000000000000000000000000000000004C
:10348000000000000000000000000000000000003C
:10349000000000000000000000000000000000002C
:1034A000000000000000000000000000000000001C
:1034B000000000000000000000000000000000000C
:1034C00000000000000000000000000000000000FC
:1034D00000000000000000000000000000000000EC
:1034E00000000000000000000000000000000000DC
:1034F00000000000000000000000000000000000CC
:1035000000000000000000000000000000000000BB
:1035100000000000000000000000000000000000AB
:10352000000000000000000000000000000000009B
:10353000000000000000000000000000000000008B
:10354000000000000000000000000000000000007B
:10355000000000000000000000000000000000006B
:10356000000000000000000000000000000000005B
:10357000000000000000000000000000000000004B
:10358000000000000000000000000000000000003B
:10359000000000000000000000000000000000002B
:1035A000000000000000000000000000000000001B
:1035B000000000000000000000000000000000000B
:1035C00000000000000000000000000000000000FB
:1035D00000000000000000000000000000000000EB
:1035E00000000000000000000000000000000000DB
:1035F00000000000000000000000000000000000CB
:1036000000000000000000000000000000000000BA
:1036100000000000000000000000000000000000AA
:10362000000000000000000000000000000000009A
:10363000000000000000000000000000000000008A
:10364000000000000000000000000000000000007A
:10365000000000000000000000000000000000006A
:10366000000000000000000000000000000000005A
:10367000000000000000000000000000000000004A
:10368000000000000000000000000000000000003A
:10369000000000000000000000000000000000002A
:1036A000000000000000000000000000000000001A
:1036B000000000000000000000000000000000000A
:1036C00000000000000000000000000000000000FA
:1036D00000000000000000000000000000000000EA
:1036E00000000000000000000000000000000000DA
:1036F00000000000000000000000000000000000CA
:1037000000000000000000000000000000000000B9
:1037100000000000000000000000000000000000A9
:103720000000000000000000000000000000000099
:103730000000000000000000000000000000000089
:103740000000000000000000000000000000000079
:103750000000000000000000000000000000000069
:103760000000000000000000000000000000000059
:103770000000000000000000000000000000000049
:103780000000000000000000000000000000000039
:103790000000000000000000000000000000000029
:1037A0000000000000000000000000000000000019
:1037B0000000000000000000000000000000000009
:1037C00000000000000000000000000000000000F9
:1037D00000000000000000000000000000000000E9
:1037E00000000000000000000000000000000000D9
:1037F00000000000000000000000000000000000C9
:1038000000000000000000000000000000000000B8
:1038100000000000000000000000000000000000A8
:103820000000000000000000000000000000000098
:103830000000000000000000000000000000000088
:103840000000000000000000000000000000000078
:103850000000000000000000000000000000000068
:103860000000000000000000000000000000000058
:103870000000000000000000000000000000000048
:103880000000000000000000000000000000000038
:103890000000000000000000000000000000000028
:1038A0000000000000000000000000000000000018
:1038B0000000000000000000000000000000000008
:1038C00000000000000000000000000000000000F8
:1038D00000000000000000000000000000000000E8
:1038E00000000000000000000000000000000000D8
:1038F00000000000000000000000000000000000C8
:1039000000000000000000000000000000000000B7
:1039100000000000000000000000000000000000A7
:103920000000000000000000000000000000000097
:103930000000000000000000000000000000000087
:103940000000000000000000000000000000000077
:103950000000000000000000000000000000000067
:103960000000000000000000000000000000000057
:103970000000000000000000000000000000000047
:103980000000000000000000000000000000000037
:103990000000000000000000000000000000000027
:1039A0000000000000000000000000000000000017
:1039B0000000000000000000000000000000000007
:1039C00000000000000000000000000000000000F7
:1039D00000000000000000000000000000000000E7
:1039E00000000000000000000000000000000000D7
:1039F00000000000000000000000000000000000C7
:103A000000000000000000000000000000000000B6
:103A100000000000000000000000000000000000A6
:103A20000000000000000000000000000000000096
:103A30000000000000000000000000000000000086
:103A40000000000000000000000000000000000076
:103A50000000000000000000000000000000000066
:103A60000000000000000000000000000000000056
:103A70000000000000000000000000000000000046
:103A80000000000000000000000000000000000036
:103A90000000000000000000000000000000000026
:103AA0000000000000000000000000000000000016
:103AB0000000000000000000000000000000000006
:103AC00000000000000000000000000000000000F6
:103AD00000000000000000000000000000000000E6
:103AE00000000000000000000000000000000000D6
:103AF00000000000000000000000000000000000C6
:103B000000000000000000000000000000000000B5
:103B100000000000000000000000000000000000A5
:103B20000000000000000000000000000000000095
:103B3000000000000000000000000000F3F5000895
:103B400017FC00089818010800000000E1FF0008B9
:103B500000000000000000000040005800000000CD
:103B600000000000000000000000000070110020B4
:103B7000000000000000000000C20100000103007E
:103B800084110020000000000000000000C20100BD
:103B90000001030000093D00C8000000941100204E
:103BA0009411002001FFFFFFFFFFFFFFFFFFFFFF5A
:103BB000FFFFFFFFFF00000000000000000000000A
:103BC00000000000000000000000000000000000F5
:103BD00000000000000000000000000000000000E5
:103BE00000000000000000000000000000000000D5
:103BF00000000000000000000000000000000000C5
:103C000000000000000000000000000040670020ED
:103C10004C200000000000000000000014120020F2
:103C20001412002008010000080000008C8700200A
:103C3000CC8F00208C8700208C87002000000000A3
:103C4000000000003C1200203C1200202C0000006C
:103C500008000000CC8F00202C910020CC8F002089
:103C6000CC8F002000000000000000006412002043
:103C70006412002001000000800000002C91002050
:103C8000AC9100202C9100202C910020000000001D
:103C9000000000008C1200208C12002000000000A8
:103CA000010000009C1200209C1200200000000077
:103CB00001000000AC120020AC1200200000000047
:103CC00001000000BC120020BC1200200000000017
:103CD00001020000198D0008010000000002000030
:103CE000418B0008010000000202000019A1000839
:103CF00001000000ED1C01080D8C0008E61C010805
:103D0000958E0008F11C0108E18B000815E015E014
:103D100007692800100020008E24FF888382F97331
:103D2000387D9995F13B0DB0ADE2E6C596144F375D
:083D30004A54A7C287BD1047E9
:00000001FF
