:020000040001F9
:100000003DB8F3960000000000020000609003007D
:1000100000000000000000000000000000000000E0
:1000200000000000000000000000000000000000D0
:1000300000000000000000000000000000000000C0
:1000400000000000000000000000000000000000B0
:1000500000000000000000000000000000000000A0
:100060000000000000000000000000000000000090
:100070000000000000000000000000000000000080
:100080000000000000000000000000000000000070
:100090000000000000000000000000000000000060
:1000A0000000000000000000000000000000000050
:1000B0000000000000000000000000000000000040
:1000C0000000000000000000000000000000000030
:1000D0000000000000000000000000000000000020
:1000E0000000000000000000000000000000000010
:1000F0000000000000000000000000000000000000
:1001000000000000000000000000000000000000EF
:1001100000000000000000000000000000000000DF
:1001200000000000000000000000000000000000CF
:1001300000000000000000000000000000000000BF
:1001400000000000000000000000000000000000AF
:10015000000000000000000000000000000000009F
:10016000000000000000000000000000000000008F
:10017000000000000000000000000000000000007F
:10018000000000000000000000000000000000006F
:10019000000000000000000000000000000000005F
:1001A000000000000000000000000000000000004F
:1001B000000000000000000000000000000000003F
:1001C000000000000000000000000000000000002F
:1001D000000000000000000000000000000000001F
:1001E000000000000000000000000000000000000F
:1001F00000000000000000000000000000000000FF
:1002000080FC0020B572010003800300A172010090
:10021000A1720100A1720100A172010000000000A2
:1002200000000000000000000000000091730100C9
:10023000A17201000000000081750100A17201009F
:10024000F975010099C50200F9750100F975010001
:10025000F9750100F9750100F9750100F9750100E2
:10026000F9750100F9750100F9750100F9750100D2
:10027000F9750100F9750100F9750100F9750100C2
:10028000F9750100F9750100F9750100F9750100B2
:10029000F9750100F9750100F9750100F9750100A2
:1002A000F9750100F9750100F9750100F975010092
:1002B000F9750100F9750100F9750100F975010082
:1002C000F9750100F9750100F9750100F975010072
:1002D000F9750100F9750100F9750100F975010062
:1002E000F9750100F9750100F9750100F975010052
:1002F000F9750100F9750100F9750100F975010042
:1003000053B94AB9002908BF00281CBF4FF0FF317C
:100310004FF0FF3000F00CB8ADF1080C6DE904CEE1
:1003200000F022F8DDF804E0DDE9022304B07047B4
:10033000704700BF10F8012B11F8013B012A28BFBC
:100340009A42F7D0D01A7047034611F8012B03F8F0
:10035000012B002AF9D17047034613F8012B002A1C
:10036000FBD1181A013870472DE9F0478C468E46AC
:10037000089E154604461946002B40F0D080724571
:1003800047D9B2FA82F74FB1C7F120030EFA07FC42
:1003900020FA03F3BD4043EA0C0CBC404FEA154E73
:1003A000A8B2BCFBFEF8230C0EFB18CC08FB00F92E
:1003B00043EA0C43994528D9EB1808F1FF3204D2DF
:1003C000994502D9A8F102022B44A3EB0903A4B278
:1003D000B3FBFEFC0EFB1C330CFB00F044EA0344B1
:1003E000A04214D92C190CF1FF3304D2A04202D937
:1003F000ACF102032C44241A43EA02401EB1FC4033
:10040000002334607360BDE8F0874246DDE7634651
:10041000F1E7002A79D0B2FA82F3002B3FD01946D7
:10042000C1F1200302FA01F52EFA03F20EFA01FEE1
:1004300020FA03F343EA0E034FEA154E00FA01F4E3
:10044000B2FBFEFCAFB20EFB1C201A0C0CFB07F833
:1004500042EA004290455AD9AA180CF1FF3004D262
:10046000904502D9ACF102002A44A2EB08029BB2EB
:10047000B2FBFEFC0EFB1C220CFB07F743EA024317
:100480009F4246D9EB180CF1FF3204D29F4202D9A9
:10049000ACF102022B44DB1B42EA004202E0AEEB6D
:1004A000020301224FEA154EAFB2B3FBFEFC200C53
:1004B0000EFB1C330CFB07F840EA034398452AD98E
:1004C000EB180CF1FF3004D2984502D9ACF10200D0
:1004D0002B44A3EB0803A4B2B3FBFEFC0EFB1C33BE
:1004E0000CFB07F744EA0344A74216D92C190CF178
:1004F000FF3304D2A74202D9ACF102032C44E41B1F
:1005000043EA00400F46114678E71F2188E760461E
:10051000ABE76246BFE76046DBE76346EFE773455C
:1005200006D916B9002108466DE7C6E9000EF9E7BD
:10053000B3FA83F787B9734501D3824207D8841A87
:100540006EEB030301209C461EB900215BE7384691
:10055000FAE7C6E9004CF8E7C7F1200CBB4022FAE5
:100560000CF51D4320FA0CF12EFA0CF30EFA07FEDF
:1005700041EA0E014FEA154900FA07F4B3FBF9F816
:100580001FFA85FE09FB18300B0C08FB0EFA43EA34
:1005900000439A4502FA07F240D9EB1808F1FF3000
:1005A00004D29A4502D9A8F102002B44A3EB0A0316
:1005B00089B2B3FBF9F809FB183308FB0EFE41EAD8
:1005C00003418E452CD9691808F1FF3304D28E45BA
:1005D00002D9A8F10203294443EA0040A0FB029893
:1005E000A1EB0E014145CE46434602D306D14C4510
:1005F00004D2B9EB020E68EB05030138002EA4D03B
:10060000B4EB0E0261EB030101FA0CFC22FA07F3D2
:100610004CEA0303F940C6E9003196E74046C5E7D6
:100620004346D9E700000000F0B5002285B011462E
:1006300002AF40F603400AF053FA044600285BD1AB
:1006400009F0ECFF21463A1D41F203000AF048FA96
:100650000446002850D17A68294DD168D1F80100AC
:10066000D1F8051005F1780303C3104607F0B4FA7A
:1006700021463A1D41F201000AF032FA04460028F0
:100680003AD17868C3685A7885F870205A88A5F8F6
:1006900072201A7985F87120B3F80720A5F8742024
:1006A000B3F80530A5F8763007F096FA21463A1DE2
:1006B00041F202000AF014FA0446E8B9D7F804C07F
:1006C000DCF80C2005F18006531C4132186859688B
:1006D000344603C4083393422646F7D1604607F0F8
:1006E0007BFA95F87C305A0610D4064A0648012158
:1006F00028F0CAFD6FF0120420460C37BD46F0BD4D
:10070000900500208B25040010ED03003A1D002108
:1007100042F203000AF0E4F904460028ECD17A68BA
:10072000A94BD168D1F80100D1F8051003C31046D8
:1007300007F052FA21463A1D42F202000AF0D0F9BF
:1007400004460028D8D17E68F468B4F801309AB223
:1007500092B1E27882B1A5F8FC30E378032B06D0A1
:100760000322009299489A4A022127F0F4F9E2788C
:10077000984811462CF0B0F9304607F02DFA95F85C
:100780007C601F2316F02006A5F8103119D14FF018
:10079000FF304FF0FF3109F069FF0446002800F0F8
:1007A000BE8102210C3027F0EEFC0123037046705D
:1007B0002146324640F66D400AF092F90446002880
:1007C0009AD195F89C301B0712D53A1D002142F2B0
:1007D0001C000AF085F9044600288DD17868C368AA
:1007E000D3F80120D3F80530C5E9382307F0F4F930
:1007F00095F8D8309E0623D5B91C38460AF018FA69
:10080000044600287FF478AF4FF0FF304FF0FF31FF
:1008100009F02CFF0646002800F0818104210C30ED
:1008200027F0B1FC3B8803807B8843802246314619
:1008300042F224000AF054F9044600287FF45CAF29
:1008400095F8D8305C0610D53A1D002142F22A00F6
:100850000AF046F9044600287FF44EAF7868C36872
:100860005B7885F8123107F0B7F94FF0FF304FF0A1
:10087000FF3109F0FBFE0646002800F050810821F8
:100880000C3027F080FC95F8D84014F0400F40F26F
:100890000223024608BF0323A0074CBF43F02C03EA
:1008A00043F00C03A10695F8D91048BF43F040036C
:1008B00011F0090F18BF43F4006304F0010443EA88
:1008C0000410002128F01CFD0022314642F20100F4
:1008D0000AF006F9044600287FF40EAF95F87C3044
:1008E000B5F8FC1098065CD4C9B93A1D41F2050070
:1008F0000AF0F6F8044600287FF4FEAEB5F8FC30A6
:100900007C684BB9E368B3F80120A5F8FC209A880D
:10091000304811462CF0E0F8204607F05DF94FF022
:10092000FF304FF0FF3109F0A1FE0446002800F02F
:10093000F68008210C3027F026FC95F8D830D9072E
:10094000024638D424484FF0005128F0D9FC214603
:10095000002240F601400AF0C3F8044600287FF464
:10096000CBAE01463A1D4FF601400AF0B9F8002817
:1009700038D01A4A1548022128F086FCEB79002B62
:1009800040F0BD8028F0B9FE044600287FF4B4AEE4
:100990000CF076FC044600287FF4AEAE0AF02AF88C
:1009A000AAE60029BBD10E4A0848012128F06CFCB8
:1009B0006FF00404A0E602A1D1E90001C5E700BF81
:1009C00090880002008000206806002010ED0300DF
:1009D000AF250400900600201088000218260400AD
:1009E000F52504007B68DC68B4F80130042B96BF61
:1009F000584A594952F823106E468AB002AA5748FD
:100A0000D3614FF400731384554BC2E9050142F8DA
:100A1000103F54484FF4135128F04EFCB4F8012015
:100A2000B4F80330022AB54649D1052B47D84E4ABF
:100A300052F823106E468AB002AA4C48D3614FF494
:100A400000731384464BC2E9050142F8103F4FF48E
:100A50001351444828F030FC637994F806C0D4F868
:100A60000900032BB54698BF414AB4F8076094BF0C
:100A700052F8231038496C468CB002AADFF8F4E033
:100A8000C2E9073C4FF4007393853B4BC2E905E193
:100A9000C2E909604FF4735142F8103F314828F021
:100AA0000BFCA546786807F097F83A1D00214FF631
:100AB00002400AF015F8044618B1304A5AE72649B0
:100AC000B8E77868C368B3F80130A5F8C13007F01B
:100AD00083F895F8C1305A077FF550AF3A1D21468B
:100AE0004FF6034009F0FCFF08B1254A42E7786859
:100AF000C3685B7885F8C03007F06EF83EE72E7863
:100B0000002E7FF43FAF95F8C1309B061FD54FF004
:100B1000FF304FF0FF3109F0A9FD044610B96FF026
:100B20006804E9E506210C3027F02DFBD5F80130EB
:100B30000360144B9B888380214632464FF6064063
:100B400009F0CEFF044600283FF41CAFD4E56FF057
:100B50008504D1E570F203009D2304003C260400C7
:100B60000400000110ED030058F2030055260400B4
:100B700048F203006D260400070000019A260400D5
:100B8000C3260400910500202DE9F843D0E9073879
:100B9000856903EB08042F34A5420F46164619D881
:100BA000DFF86C80A3FB080117A3D3E90023FFF74C
:100BB000A7FB0346601BA0FB080123F07F4412A3A0
:100BC000D3E90023FFF79CFB20F07F403C603060BE
:100BD000BDE8F883DFF838900BA3D3E90023A5FB29
:100BE0000901FFF78DFB20F07F440A480A2106A384
:100BF000D3E90023E8FB0901FFF782FB20F07F40E7
:100C00003C603060BDE8F8838D49FD1A07000000A4
:100C100000CA9A3B00166BF1002800F051812DE9C3
:100C2000F04FCB4C94F85E2012F001058DB040F0EF
:100C30003481607EFF2300F00300A3761BF0ECF804
:100C400094F85E00420700F12C81627F94F829300D
:100C500004EB820204EB8303166AD3F82C8086B17E
:100C6000BB48314615F0D0FC33785B0605D506212C
:100C700011F014FB002800F05581B548414615F0ED
:100C8000C3FC337813F00E0F40F0918063691BB101
:100C90000C200DB0BDE8F08F13F014FB8146002846
:100CA00000F0498113F01AFB8246002800F04081D1
:100CB00015F0CCFE0546002800F05A81D0F88800D7
:100CC0004FF6FF73AB8405F1100B002800F035815F
:100CD00005F17C0205F1780111F0ECFAB5F87630F7
:100CE00023F4EF6323F0070343F48C7343F0010311
:100CF000A5F8763095F8373003F03F0363F07F03B3
:100D000085F8373095F88E3023F0070385F88E305C
:100D100095F83C3023F00F03002785F83C304FF462
:100D2000C023C5F88E312846C5E91277C5F888700A
:100D3000A5F88C7085F839706F85C5F82E702F6511
:100D4000A5F86071A5F89471A5F88A7117F014FEE2
:100D500085F86471C5F8689116F040F995F89C31F2
:100D600060F3020385F89C3116F03EF995F89C314A
:100D700060F3C50385F89C3195F8623167F3410350
:100D8000012185F86231284616F0C2FC05F1E00029
:100D900017F012FCC4E9159AC4F814B0C5E902773B
:100DA0002F702D611CF0A2F8002840F0BD80237E3A
:100DB0000121C3F342030DF12B008DF82B3011F00C
:100DC0001BFC024600287DD04146304615F014FA3F
:100DD000604A614BB4F85C800721E0FB02310025DA
:100DE0001846C4E9025558A3D3E900232570FFF73C
:100DF00087FA606012F096FD00F10907B8F1000F64
:100E000007D1357805F00F05A5F10105B5FA85F58F
:100E10006D09207E636865F3000010F001052076FF
:100E200057D04E4A09920020106002254C4ADFF844
:100E3000348104930BAE019305920321CDE90200A6
:100E4000069400903B46CDF81C8008962A460B95E8
:100E500012F08CFC314613F0CBFA98BB4249059155
:100E60004AF2D8330093CDE90300CDE90100CDF873
:100E70001C80089606943B46012203210B9512F034
:100E800059FC314613F0B4FAE0B994F85E30012011
:100E9000034384F85E301AF0A1FF00200DB0BDE8D6
:100EA000F08F2A4604F15F01C0F3C0001BF0ECF89C
:100EB000FF28A0763FF4C9AE28461AF0C7FFC4E663
:100EC00015F032B96369002B3FF4E2AE15F002F978
:100ED000DEE6224A2548049303F24713069402955E
:100EE00091211360A8FB000301FB08311D4B079300
:100EF0001B4B05934FF6FF7309924FF002080393C3
:100F00000BAE11A3D3E90023CDF82C800896FFF790
:100F1000F7F93B46CDE9005042462846032112F03E
:100F200025FCAEE71220B4E615F0D4F80320B0E6B5
:100F3000484613F0CDF90720ABE605F18000C5F86F
:100F40008800C5E6AFF300808D49FD1A0700000058
:100F5000F48D002000CA9A3B8C49FD1AE88D0020D0
:100F600071620200213A0200955F0200002AE784C4
:100F7000504613F0B9F9484613F0AAF9DBE700BF71
:100F800070B5037E8AB0C3F342030D4604460121C7
:100F90000DF1230016468DF8233011F02DFB31465C
:100FA0000246284615F028F91D4A1E4B0721E0FB92
:100FB0000231184618A3D3E90023FFF7A1F96368AB
:100FC0009842054621D21B1A00220192164A02932A
:100FD000164BA21AA3FB02320221520900230A4433
:100FE00009AE099112490591CDE903330321069613
:100FF000D2B20093184612F00FFC314613F0F8F904
:1010000038B9656000200AB070BDFBD9C21A002350
:10101000DBE70C200AB070BD8D49FD1A0700000007
:1010200000CA9A3B8C49FD1AF48D00204FECC44E47
:10103000213A0200000000002DE9F04F05468BB078
:101040008B4601200221994614461DF035FD0022F1
:1010500002218246012011F081F92F494FF4D47208
:10106000284611F007F9C61C2C4B0093F6B20195E7
:101070004B4632460121002012F01CFC10F0FD0FFF
:1010800042D1274BA4FB0348204621A3D3E90023E8
:101090004146FFF735F9089506956B680493214B97
:1010A00020F07F47A7FB0331E01A1F4B07934FF057
:1010B00007021E4B059302FB07114FF6FE7368EB08
:1010C000010103934FF47A720023FFF719F9CDF869
:1010D00000B0CDE901704B4632460121002012F0EC
:1010E00029FB10F0FD0F0DD1BAF1000F02D10BB0AA
:1010F000BDE8F08F0122022110460BB0BDE8F04F91
:1011000011F02CB900DEEFE700DEBAE7AFF30080A4
:101110008D49FD1A07000000E05D0020096902000A
:1011200000CA9A3B8D49FD1AF168020095B202008F
:101130002DE9F0418468A28C4FF6FF739A428CB07F
:1011400000F0C0800546204617F092FE2B7D012B53
:1011500000F0E680022B00F0B88033B994F88E30AE
:1011600003F01803182B00F01C8194F86471002F11
:1011700040F0AE802B8AE68D94F93720CDE90A77CE
:10118000002B00F0AC80002AC0F221810023A4F8DB
:101190009031AB7CA28D03F00303551C012BADB243
:1011A00000F0BA80B4F89431002B00F0BF80AB425D
:1011B00040F237815B1B9BB2062BA4F894314FF0B1
:1011C00000028CBF00230123E2851F4694F83C20D7
:1011D00063F3820284F83C2029460DF12702204661
:1011E00017F006FC743000F01681B4F88E312BB184
:1011F000AB4240F2BF805B1BA4F88E31B4F88A3159
:101200002BB1AB4240F2C6805B1BA4F88A31E58D5E
:1012100017B9AE4200F0AC800135ADB294F8D130D0
:1012200013F0010609D1DDE90AC3B3BBBCF1000F1D
:1012300000F0E9801E46194630E094F9372023F08B
:101240000103002A84F8D130C0F28A8094F8760035
:10125000C0F3C00100F007001BF0C6FCB4F86E201C
:10126000B4F86C301344E28B03F23F131344184478
:101270008D4A8E4B0721E0FB0231184688A3D3E943
:101280000023FFF73DF8616820F07F408142DDE9EF
:101290000AC380F0B280461A60600021A28C2469E3
:1012A0000694CDE903570332814D0291CDE900C682
:1012B000D2B201210020059512F0AEFA10F0FD0F18
:1012C00040F0B4800CB0BDE8F0813D2784F8647133
:1012D000394620460CB0BDE8F04115F03FBF002A6A
:1012E000B8BF84F8D570AB7CA28D03F00303551C06
:1012F000012BADB210D0B4F89031002B3FF452AFB7
:10130000AB4240F29A805B1BA4F89031B4F8943160
:10131000002B7FF44CAF59E70023A4F8943155E734
:101320000023A4F88E31A4F88A311EE7E38C052B44
:101330008BBF40F2E2424FF4FA725A4303FB02229F
:10134000B4F8923142F2107101FB0323013BB3FB6D
:10135000F2F39BB2A4F89431002B7FF428AF35E769
:1013600094F87700012100F007001BF03FFC75E7BF
:101370003D4653E712F0F8FF0146002864D00023F1
:10138000A4F88E31A38CC3801B230371006812F074
:10139000BDFF33E70023A4F88A31204617F0BAFBDB
:1013A00035E7218DB4F88C218B1D9A42C4BF931F61
:1013B0005B1AB4F88811CCBF9BB21346994256D041
:1013C000A4F88831A4F88A31A4F88E21CDE694F8E7
:1013D000D530002B3CD0013B84F8D53004F1E00837
:1013E000404617F02BF9002855D0404617F026F953
:1013F000002842D00023E385C8E6091A6060A3BB39
:1014000051EA0C021ED115B9002F3FF45BAF002644
:101410003146334642E79DF82710204615F09EFEE0
:1014200050E70821204615F099FE4BE713F00AF823
:1014300084423FF447AF00DE44E73E21204615F0EA
:101440008DFE3FE71E4629E70123A4F88E31D5E63D
:101450000AAA0BA92846FFF797FBDDE90A231343E5
:10146000BCD0237884F8D530B8E7002616E7B4F866
:101470008E1100297FF479AEA4E70246D4E91E015B
:1014800010F030FF0028B5D194F83C301B0744BF62
:10149000238DE3857AE6FF2015F022FEA5E700BF45
:1014A0008D49FD1A0700000000CA9A3B8C49FD1ABD
:1014B00049690200000000002DE9F04F87B0B0F844
:1014C0006071BDF84C900091CDE90423B0F824314F
:1014D000BDF840A01F44BFB20446A7EB090390F833
:1014E0007600D4F81C819EB2BDF844300193C0F35D
:1014F000C001BDF84830039600F0070002931BF0CE
:1015000073FBE58C052D40F2A38015FB06F5ADB20B
:1015100040F2E24BBAF1050F40F28E80B4F86E2033
:10152000B4F86C30134403F2D5130344764A774879
:101530000721E3FB02014FF09613E3619623238416
:101540006FA3D3E90023FEF7DBFE564620F07F4071
:1015500040F2E2430BFB05F203FB06F6531E334455
:10156000B3FBF6F31FFA83FB60600BFB06F08242CD
:101570005D4653D26449801AA0FB010160A3D3E900
:101580000023FEF7BDFE20F07F408044B4F8242104
:10159000B4F86031A9EB07094D44ADB213442B44B4
:1015A000A4F86031638D13441D4494F83730658589
:1015B000DB0955D100DE00273546019B2385029BC0
:1015C000A4F8923131462046A4F826A017F03CFA40
:1015D0004F4B218D3344881DB3FBF6F39AB29042F2
:1015E000A4F88C2104D2C1F57F41FA310A4492B2A9
:1015F000009BA4F8882113B10023A4F8943143463A
:101600002A4639462046FFF717FD94F8623143F029
:10161000010384F8623107B0BDE8F08F121A3A482E
:10162000A2FB000136A3D3E90023FEF769FE20F0F8
:101630007F40A8EB0008A9E74FF096130AF10106D6
:10164000E36196232384B6B20A204FF4FA7381E74C
:10165000039B013515FB03F5ADB24FF4FA7B59E757
:10166000216CA36C284F01FB0233039A01FB123358
:10167000A3640023C4F8DC301BF08AFC054694F810
:10168000D400C0F342001BF085FC054406FB05F5C1
:10169000204B1E4805F5742505F23F25A3FB0535B3
:1016A000AD0CA36C25640BFB05FB72085B44963AFA
:1016B000934228BF1346C4E91123049B40F2E24938
:1016C00009FB03F307212365EBFB07010CA3D3E917
:1016D0000023FEF715FE104B059AA8EB0008A3FBAC
:1016E0000230800A09FB00F0A0FB070104A3D3E944
:1016F0000023FEF705FE751B20F07F475DE700BF66
:101700008D49FD1A0700000000CA9A3B8C49FD1A5A
:101710007FC3C90183DE1B435917B7D10000000006
:101720002DE9F04F0D46166895F8118009681446AA
:10173000027FD1F8009093B08346C2F38012D0F8B4
:101740001E008DF83720B8F1FF0FBBF82220109053
:10175000ADF8442057D110AB93E803000E90ADF8DC
:101760003C105A46BBF82E1052F82EAB9278A2725B
:101770002181DBF82A206260DBF83A20C4F82220BD
:1017800004F122009BF83E200271052110F034FF85
:1017900094F8272000F03F0060F3050284F827202A
:1017A0009BF83F20C2F3040184F82810BBF83410E2
:1017B000E182012802F01F0289B20AD91B3202F02D
:1017C0001F020B2A05D8063989B240F67A429142A7
:1017D00025D90021C9F8081094F82C2061F30002E3
:1017E00084F82C20DBF80C400125504659468BF834
:1017F000045012F07FFD20682571214612F086FD0D
:1018000013B0BDE8F08F0EAA0DF1370140461AF073
:1018100043F89DF8372002328DF83720A1E72A6877
:1018200000215160BBF83620E78A228340F2E24370
:1018300003FB07F73046BBF832300B9317F018F96B
:101840009BF83F2096F8D410520962F3430186F8C2
:10185000D4101BF09DFB0A9096F8D400C0F3420010
:101860001BF098FB0A9A104407FB00F0AE4A00F503
:10187000742000F23F20A2FB00207A08800C963AE8
:10188000206362639BF8312040F2E24303FB02F2E3
:101890006264BBF83820A6F892213946304617F02A
:1018A000D3F8A24AA249C6F898113A44B2FBF7F21B
:1018B00090B2A6F88C01218B01F1060C604504DD85
:1018C000C1F57F41FA31014488B25A46A6F8880131
:1018D00012F81C3FC3F34013D2070A9300F115819D
:1018E0004FF48072ABF81C2099F81A001AF000FD32
:1018F000002800F0EA80DBF82420CBF82B20BBF88E
:101900002820ABF82F20B8F1FF0F00F0F880BDF8C9
:1019100044201098ABF82920CBF825009DF83720FB
:101920008BF81E200E98BDF83C20CBF81F00ABF8BA
:101930002320E28AABF83220228BABF83420B6F8B1
:101940009221ABF8362096F8D420C2F342028BF8ED
:101950003820304615F086F8A082ABF80600D5F89E
:1019600004805046594612F0C5FC1C23A28A88F810
:1019700004300A9BD8F800A0A8F80620002B40F0FD
:10198000B180DDF828B088F81CB04146504612F00E
:10199000BDFC94F86700B4F85CA0B4F85E80012147
:1019A00000F007001BF022F9D04408F2D51808EB2C
:1019B00000038246DFF87C815F480721E3FB0801D2
:1019C0004FF09613C4E9033355A3D3E90023FEF780
:1019D00097FC20F07F407060EB680B98226B40F220
:1019E000E24101FB003404F2B3440221A41A0120B5
:1019F000BF1A002210F0B2FC484614F0C3FDA4EB5D
:101A00000A0447A3D3E900238246A4FB0801FEF79A
:101A100077FCCDF80490AB684849009120F07F48EE
:101A20000AF10202363BD2B243440121002011F0F8
:101A300041FF01286BD099F81830DB074AD43046B3
:101A400015F010F83B4CA7FB044935A3D3E900235C
:101A5000834649462046FEF753FCAB68384A079256
:101A6000A3F1360A374B069620F07F47A7FB0331D8
:101A7000E01A354B05934FF4F87308937368049399
:101A80004FF0070303FB071169EB010100244FF43A
:101A90007A7200230394FEF733FC0BF10305EDB2D9
:101AA000CDE90170CDF8008053462A460121204639
:101AB00011F040FE10F0FD0F2FD10122022110463F
:101AC00010F04CFC13B0BDE8F08FCBF82B00ABF856
:101AD0002F0018E70023012200931846114611F049
:101AE000B3FEACE794F8273043F0400384F8273086
:101AF000201D19F0BDFC4FF0010B208543E70021AC
:101B0000CBF82510ABF8291008E700DEE8E612F064
:101B100099FC81458FD000DE8DE700DECDE700BF68
:101B20008D49FD1A0700000083DE1B437FC3C901F6
:101B3000404B4C0000CA9A3B8C49FD1A1DB3020071
:101B40006DB202008D49FD1A95B20200000000003E
:101B50002DE9F04F8DB0484E484D824611F0E2FE1F
:101B6000F168074611F0E0FE7168F76040A3D3E921
:101B700000230446A1FB0501FEF7C2FB20F07F43D2
:101B80009C4257D30DF12F010DF12E0012F01CFCD9
:101B9000DFF8E8803568A5FB085935A3D3E90023B1
:101BA00028464946FEF7ACFBCDF818A004467068FD
:101BB000334B0593A0FB08012DA3D3E900234FF07D
:101BC0000008CDE90788FEF79BFB2E4BCDF80C8073
:101BD00024F07F44A4FB033120F07F40072202FB66
:101BE00004110490E81A69EB01014FF47A720023A2
:101BF000FEF786FB9DF82FB09DF82EA0CDF8008053
:101C0000CDE901403B465A465046032111F092FD72
:101C100010F0FD0404D06FF08B000DB0BDE8F08F24
:101C200019481A4A002321F07FFA90B930690DB0A3
:101C3000BDE8F08F30680EA3D3E90023A0FB0501B7
:101C4000FEF75EFB20F07F41384611F06DFE07463F
:101C500098E79DF82F209DF82E000094234603213D
:101C600011F0F2FD6FF07300D7E700BFAFF3008013
:101C70008D49FD1A070000001061002000CA9A3B40
:101C800031C502008D49FD1AEC930020447B0B0006
:101C900038B50F4D044611F045FEA96811F044FE19
:101CA000696803460B48B3FBF4F4A1FB00011C4434
:101CB00005A3D3E90023FEF723FB20F07F408442F5
:101CC00094BF0020012038BD8D49FD1A0700000097
:101CD0001061002000CA9A3BF0B5C468636883B005
:101CE0000546002B54D11CF02DFA00201CF04EFAB2
:101CF000002108461CF03CFA0022252108201CF097
:101D0000A3FA414B019301A81CF08AFA3F4940F223
:101D10005B601CF03BFB237AC3F3420262F30613C1
:101D2000237220461BF0C4FA1AF06AFB637A03F0B0
:101D3000030348BBFBB927682E6838461AF00EFF2C
:101D400006446A6806F1090101201CF067FC1CF0DA
:101D500027FD204614F022FC811C3246C9B23846C9
:101D60001AF0FEFE054600BB20461AF0D3FED0B99D
:101D7000002003B0F0BD01201AF026F84178821C43
:101D800000781CF0EBFBD6E7181E18BF0120F3E724
:101D900093F82C309B07A6D01D4821461CF0A6F9CD
:101DA0001CF09EFAE4E700DEE2E71A4A1A491B48F3
:101DB00040F2114324F05EFE194B0721A5FB0303FB
:101DC00001FB05310EA3D3E90023FEF799FA15496B
:101DD0000246154824F04EFE002585F31188BFF316
:101DE0006F8F0323184602DF104821461CF07EF94E
:101DF0001CF076FA6FF08B00BBE700BFAFF30080FA
:101E000000CA9A3B00000000D6BE898E5555550089
:101E1000A5CC0200E8F7030034F8030078F70300CC
:101E20008D49FD1A7CF9030038F80300A1CF0200A8
:101E30002DE9F043C468A28A4FF6FF739A4283B03B
:101E400000F0FD8006461BF0E7FC3389628B208C96
:101E500094F82710A3831A4492B2104480B2431C12
:101E600023840023638301F03F034906E28300F1EA
:101E7000A48094F82810009304F1290004F12203AF
:101E800019F0B8FA0546D4E90C31A26BA08BA36314
:101E900003FB0022E36B8A4294BF9B185B188B42C2
:101EA00028BF0B46626CE363236C94F867101A44F6
:101EB00094F82C3061F306130021C4E9101294F851
:101EC0007E2084F82C3012F0040200F089801CF08F
:101ED00039F900201CF05AF9201D1CF0A1F92389C2
:101EE000A17A40F25B6043EA01411CF04FFA2846B8
:101EF0001AF046FE214658481CF0F8F8A0891CF05C
:101F000081FB94F8662094F86700C2F3C0030021B7
:101F100002F0070200F007001CF09EFA20461BF0BA
:101F200015FDD4F80080376840461AF017FE0744C4
:101F3000726807F1090100201CF070FB81461CF05B
:101F400003FC00201CF01AFCE36B94F8670003F11B
:101F50002F02636C012100F0070003EB42051CF027
:101F6000B1F94D44054494F8670000F007000228D9
:101F700034D004280CBF4FF4BC73282301211D4426
:101F80001CF0A2F928441CF0D1FBA18A03313A4687
:101F9000C9B240461AF0E4FD0546A8B1B37A13F081
:101FA00002062BD000252D4821461CF09FF81CF07E
:101FB00097F9284603B0BDE8F083218D04F1220291
:101FC00019F05AFA05465EE720461AF0A3FD0028EC
:101FD0003CD10025284603B0BDE8F0831823CDE7A7
:101FE000D4E91A0110F07EF900287FF470AF94F85C
:101FF0007E3043F0040384F87E3068E7184A1949BC
:1020000019484FF4AC7324F035FD18480721A5FB9F
:10201000000301FB05310EA3D3E90023FEF770F99D
:1020200013490246134824F025FD86F31188BFF3B7
:102030006F8F0323184602DF6FF08B05B3E70E485E
:1020400021461CF053F81CF04BF9C2E700DEC0E754
:1020500000CA9A3B0000000071DB020081CC020044
:1020600064F8030034F8030078F703008D49FD1A83
:1020700088F9030038F80300A5CC0200F0B5026827
:10208000002302B9F0BD8A4235D013461268F8E742
:102090001A6000230B601C4B1B78002BF2D01B4BEB
:1020A0001B4E186834680346A342EBD203F10802C2
:1020B00091421DD11A781207E4D05A680778A242DB
:1020C00034BF15461D463F07297801F00F0106D1A0
:1020D00001B96A684260A242D4D13060D2E709B93E
:1020E0006A685A60197821F00F0119701846F2E7F2
:1020F00018465B68D8E70A68002BC9D1002A18BFC8
:1021000013460360C7E700BFF6A20020D865002091
:10211000E06500202DE9F84FDFF834A11D469AF85C
:102120000C30804689461746002B00F0878000F06F
:10213000ADF9002800F0858015B1002F00F08480F3
:1021400090F801B0BBF1020F7ED805F11003B3F592
:10215000803F03D36FF00B00BDE8F88F9BB2032BD9
:10216000F8D95AF82B6036B133463668002E3BD08A
:102170003368002BF8D1374B1B78002BEAD0364957
:102180000C6805F1130222F0030214B9334B1C68EA
:102190000C603348006802F10803001B834225D815
:1021A000234401202070636008340B602046002126
:1021B0002CF005FA00232360002E3DD14AF82B4075
:1021C000C4E9029584F8048037B12DB12A46394616
:1021D00004F110002CF0CCF940462B463A46494613
:1021E00024F059F80020B7E71E46C4E71B4B1B68D4
:1021F0009C42AFD91878596810F00F001AD1A1EBA2
:10220000030CACF1080C624514D81C464FF0010CCD
:1022100004F808CB04EB020CA1EB0C0EBEF1080F86
:10222000C8D9C3F804C0A35C60F30303A354CCF87B
:102230000410BFE70B46DBE73460C1E76FF0120024
:102240008AE76FF0010087E76FF0150084E700BFB1
:10225000C0650020F6A20020E0650020D8650020BF
:10226000D06500202DE9F74F374E80460C463748A1
:10227000002191464FF4C0729A462CF0A0F900213B
:10228000C6E900118DF80710B16023F0DFFF0021CF
:10229000B181B8F1000F4BD0002C49D02C4BDFF8A6
:1022A000B4B019602C4F2D4BCBF80010082C1960DE
:1022B000397016D908F1030525F00305C8F10802A5
:1022C0002A4494420DD94444641B224628462CF0EB
:1022D00076F9013C214BCBF8005025441D600123C9
:1022E0003B700DF107025146484600F0F1F80446F4
:1022F00000BB9DF8073033730546337BE8B2834259
:1023000003D8204603B0BDE8F08F00F0CFF8C0B18D
:10231000037ADB0701D40135EFE7002300781A4682
:102320004FF08051FFF7F6FE0028F4D0044601E09C
:102330006FF015044FF4C072002104482CF03FF9EF
:10234000DFE76FF01500F1E7C06500204064002072
:10235000E0650020D8650020F6A20020D0650020AE
:1023600070B523F05EFF00220C49082514460E7854
:102370003EB1CB681B1A23EAE37364B19A42A8BF4B
:102380001A46013D01F13001F1D1002C14BF104675
:102390004FF0FF3070BD1A463446F2E7406400202B
:1023A000F0B585B023F03DFF364D074600262B786B
:1023B000A3B1EB68FB1A002B10DBD5E90113687899
:1023C000002B33D005F11002FFF7A4FE04460028CD
:1023D0003AD10146302228462CF0F1F80136082E79
:1023E00005F13005E3D1284E347B6CB300F0FEFEDE
:1023F000044648BB3568E5B97568CDB9B56835BBE5
:102400000746337BF9B299421ED2727B0A44B2FB73
:10241000F3F103FB1125E8B200F048F8A0B1037A0C
:10242000990701D54368D3B90137EAE71A46CBE7E4
:102430000124287900F02AF806EB840448B92946DB
:102440002046FFF71BFE0124204605B0F0BD022404
:10245000EFE74368002BF2D0281D9847EFE7037899
:102460008DF804304FF000520023CDE90223436879
:1024700001A89847327B6B1CB3FBF2F102FB1133CE
:102480007373E0E740640020C06500200346054AFE
:102490000548904201D30020704701789942FBD053
:1024A0000C30F6E7449204001492040002460649F8
:1024B00006480023884201D3002070479342FCD095
:1024C0000133DBB20C30F5E74492040014920400AF
:1024D000F0B50AB31549164D0023A94205D313F0F0
:1024E000FF031FD013700020F0BD4878022813D8D6
:1024F000486888B10D4C0020AC4205D3012803F197
:1025000001030CD80C31E8E727780E78B74204BFF6
:102510000130C0B20C34EFE76FF01500E4E76FF064
:102520007700E1E76FF01200DEE700BF14920400CD
:102530004492040008B5FFF733FF031E04DA064A8D
:102540000648012125F0FDFAFFF70AFF642828BF9D
:10255000642000F031FCEEE710050400F0ED03000C
:1025600000231A4610B508484FF48051FFF77AFE51
:10257000034630B1054A0648BDE81040012125F068
:10258000E0BAFFF7D7FF00BFE86500202905040087
:10259000F0ED03001FB54468022C024612D0B4F1DE
:1025A000805F04D0012C13D0002004B010BD00F0D7
:1025B000AFFE03460028F7D0104A0121104825F04D
:1025C000C0FAF1E70F4A0E48032125F0B1FAEBE714
:1025D00083680C2B02D00C4A2146EFE7C0681169D2
:1025E00001AB03C35069029918600144019800F0DF
:1025F0002FFE03460028D7D0044AEDE76C050400FF
:10260000E0ED03008C050400AC050400D6050400D1
:1026100008B5012100231A46084623F00FFE28B111
:10262000BDE808400248002123F011BE08BD00BFEC
:10263000E8750020002310B51A460221184623F041
:10264000FDFD044628B1044A03460121034825F054
:1026500078FA204610BD00BF15060400D8ED03002F
:10266000F8B5374900AF0446FDF764FE0546C0B132
:102670006D4688B06A46334BCDE905344FF400739C
:10268000ADF81C30304B42F8103F304800234FF477
:10269000E25103F081FD6FF01504AD462046BD46C2
:1026A000F8BD012000F0CEFD2948294623F0CFFDDA
:1026B00023F071FE044668B10121254823F0C7FDCF
:1026C000284600F0BFFD234A20482346012125F07B
:1026D00038FAE3E72049072201F014FC07280646F0
:1026E00010D001211A4823F0B2FD00F029FF204646
:1026F00000F0A8FD194A1548012125F019FA6FF0DC
:102700000404CBE7204600F049F9012104461048B3
:1027100023F09DFD6CB112493246284601F0F2FBD0
:10272000104A0A482346012125F00BFA00F008FF61
:10273000B4E70D490F22204601F0E4FBF6E700BFA5
:102740003C0604004006040003000001D8ED03002D
:10275000000700205B0604002642040082060400F5
:102760001E420400990604000E4204002DE9F04FB9
:1027700083B04368012B00AF20D14C4D4C48002260
:102780000023F91D20F044FB0446E0B14948002134
:1027900023F05DFD464B1B6A83B1BFF35B8F0123C2
:1027A00050E8002F002A03D140E800310029F7D17A
:1027B000BFF35B8F02D1404820F086FE00200C372B
:1027C000BD46BDE8F08FFB792A680D2B01D00A2B9E
:1027D0005FD1002AD2D0DFF8E4903949002409F80B
:1027E0000240484607222BF00FFF0646A8B16E466E
:1027F00088B06A46334BCDE905394FF40073ADF824
:102800001C30314B42F8103F304823464FF4E6511C
:1028100003F0C2FCB5462C60B0E709F107003D218A
:102820002BF0E5FE09F107090446E8B104F8016B55
:10283000274EDFF8A0B05E4518D36C4688B06A46D4
:10284000254BCDE905394FF40073ADF81C301E4B14
:1028500042F8103F00231D484FF4E65103F09CFC62
:102860000023A5462B6089E71C4CE1E7316871B174
:10287000D6F804A0BAF1000F09D01948FDF75AFDA7
:10288000804620B92046D047C5F8008076E7083654
:10289000D1E7FE2A05D9134A0C48022125F048F950
:1028A000B9E7511C296005498B5467E7EC75002096
:1028B0005C4E0020E8750020F0060020F8A2002001
:1028C000B8060400C006040003000001D8ED0300B0
:1028D000449204005C920400DB0604003E130400F2
:1028E000FFA20020F106040080B5037800AF3BB9D9
:1028F0000E480F4A032125F01BF9012002F056FD76
:1029000088B06A460B4BCDE905304FF40073ADF843
:102910001C30094B42F8103F044800234FF4E251A9
:1029200003F03AFC6FF01500BD4680BDD8ED030002
:1029300025070400090704000300000107B58DF80E
:102940000700124BBFF35B8F1B68BFF35B8FCBB1EC
:102950000F48002200230DF1070129F0A3FF88B9D9
:10296000BFF35B8F0B4B012253E8001F002903D1FB
:1029700043E800200028F7D1BFF35B8F02D106485F
:1029800020F0A2FD03B05DF804FB00BF00070020AB
:102990005C4E0020E8750020F00600202DE9F04F85
:1029A00099B04FF4E13102AF044601F0B9F906469F
:1029B00088BB204601F08AFABC4ABD48032125F0B5
:1029C000B7F80123C7E90136B046FE603546FB681B
:1029D000002B40F0AE8123F045FC47F2305310EB62
:1029E00003094FF0000641F1000BB24623F03AFC18
:1029F000484571EB0B0113DB0024AE4AAC486FF085
:102A00007303012125F09DF81CB16FF0730000F0F5
:102A1000EDFE6FF0730630465C37BD46BDE8F08FC3
:102A200023F020FCB04271EB0A0109DB4321204670
:102A300023F026FC23F016FC10F57A7641F1000A0B
:102A4000012207F11301204601F0A2FA012813D058
:102A5000002121202AF033FAC8E7012207F11301EF
:102A6000204601F095FA01239842FB6006D0002130
:102A700021202AF024FA63E10023FB60FB7C182B61
:102A80000DD18D4A8A48012125F052F8FB681BB10F
:102A90006FF08B0000F0AAFE6FF08B06BBE7042BF3
:102AA0000FD1B8F1000F06D11521204623F0E8FB25
:102AB0004FF001088BE70621204623F0E1FB43217C
:102AC000F3E7012B00F0A680022B40F0B2804FF418
:102AD00080633B603B6803F1040B23F0C3FB40F6CB
:102AE000B833C61841F100094FF0000A734BABEB45
:102AF0000A0203EB0A01204601F04AFA002800F01E
:102B00008B80824423F0AEFB40F6B833C61841F107
:102B10000009D345EAD8694A92F8009053784B44AB
:102B2000DBB2FF2B40F0948013463A68134441F225
:102B300021009978DA78002342EA012260499A4616
:102B400011F8016F83EA062308260FFA83FC5B0065
:102B5000BCF1000F9BB2B8BF4340013EF5D1D7F89E
:102B600000C00AF1010BDC4561D19A4270D15A468E
:102B7000544955482BF0FCFCFB68534A002B40F0AD
:102B8000AF80B9F1000F66D191461046334610F878
:102B9000011B002964D19B4568D901339B4567D946
:102BA000D55C98181DB10A2223F06AF8054607F192
:102BB0001803194619F8012B22B101363F2E03F8EC
:102BC000012BF7D107F1100206F148039E180023EC
:102BD00006F8403C6E4688B002AA3C48C2E90501AE
:102BE0004FF4007191833A4942F8101F30484FF476
:102BF000E65103F0D1FAB546364A2D482B4603215B
:102C000024F09FFFB5BB1521204623F039FB6FF060
:102C1000150600E780235CE723F024FBB04271EB4C
:102C2000090112DA002121202AF049F971E7DA4678
:102C300086E76FF01503284A1D48022124F081FF22
:102C40001521204623F01CFBC1E66FF07303F2E769
:102C50006FF04C03EFE71521204623F011FBBAE695
:102C60009A4503F1010101D00B4690E700259EE74C
:102C70000D469CE70621204623F002FB4321204617
:102C800023F0FEFA07F114007D6100F005FD064611
:102C900000284ED0114A03460548012124F051FF77
:102CA0001821204623F0ECFAB5E600BF5A070400CD
:102CB00000EE03007407040095070400F8A7002045
:102CC000F9A70020FAA70020F8A30020D0070400ED
:102CD00003000001E0070400AF070400F907040047
:102CE000B8F1000F16D0B9F1000F13D1484600F02B
:102CF0007DFD064610B1274A0346CDE70621204652
:102D000023F0BEFA0095BB68234A2448032124F02F
:102D100022FF80E67B684B451BD07B680093022135
:102D20001F4A1E484B4624F016FF1521204623F06B
:102D3000A7FA23F097FA40F6B833C61841F1000914
:102D400023F090FAB04271EB0901FFF686AE012440
:102D500053E6BB681349A5EB0309D94528BFD946FB
:102D60004A46184600F000FD064648B10E4A0346A2
:102D700001210A4824F0E5FE304600F037FD8FE7D8
:102D8000BB684B44BB607B680133DBB27B600621D0
:102D9000CCE700BF1C0804004008040000EE03005C
:102DA00072080400F8A300209E080400014820F0E7
:102DB00087B900BFEC4E0020014640F2E73010B565
:102DC0004FF47A72002300EBC130490CFDF798FAFA
:102DD00002460B460248BDE8104020F0A5B900BFEE
:102DE000EC4E0020014B186000207047F075002069
:102DF00007B50346094823F050FA20B14FF0FF30E1
:102E000003B05DF804FB01220DF10701184601F043
:102E1000BFF80028F2D09DF80700F1E7F875002010
:102E200008B50346044823F038FA20B91846BDE82F
:102E3000084023F010BE08BDF8750020064BBFF314
:102E40005B8F53E8001F013143E80012002AF8D1DC
:102E5000BFF35B8F704700BFF4750020064BBFF3D4
:102E60005B8F53E8001F013943E80012002AF8D1B4
:102E7000BFF35B8F704700BFF47500202DE9F3416D
:102E80000C461646074600B301281A4D18BF002508
:102E900004B3FEB1184823F000FA8046D0B9CDB192
:102EA000284629F014FCA8B1CDF804807FB1FFF7C3
:102EB000C5FFA71914F8011BAB6828465B68984743
:102EC000BC42F7D1FFF7CAFF05E00C4DE0E7AB6865
:102ED0001B6D23B90026304602B0BDE8F08101AA7F
:102EE0000421284698470028F4D1019B002BDED10D
:102EF000F0E700BFB0E80300F87500205CE80300CD
:102F000070B50546A8B016460C4611B9002028B089
:102F100070BD0D4823F0C1F90028F7D1FFF78EFFEF
:102F2000684633462246A02123F054F9FFF796FF66
:102F30000028EBDD9F280246694628BF9F222846CD
:102F4000FFF79CFFE3E700BFF8750020F0B58DB0F8
:102F50001C4607460E46154600212C2201A82BF0E0
:102F60002EFBCDE902648DF80470FFF767FF202C7B
:102F700015D82CB1B5B12246294604A82BF0F8FA91
:102F80000A480022002301A929F08CFC044608B954
:102F9000FFF70CFFFFF762FF20460DB0F0BD6FF0AA
:102FA0007904F7E76FF01504F4E700BF344E002012
:102FB00010B5084CC2B008480022002369461FF033
:102FC00027FF08B142B010BD2368002BF3D068463C
:102FD0009847F0E7F07500200C4E002010B5094C22
:102FE000094823F05AF930B14FF0FF314FF0FF306C
:102FF00029F065FFF4E7FFF7DBFF23689847FFF749
:10300000D7FFEDE70476002000760020F7B50446F0
:1030100023F049F9241841F10005FFF7C9FF40F2F8
:10302000E73623F040F9231A154865EB010123F038
:1030300034F9074608BB012B71F1000218DBC90304
:1030400041EA5341DB0398194FF47A724FF00003C1
:1030500041F10001FDF754F90122CDE900010948D1
:1030600003212AF0C9F8C307DBD5FFF7A1FFD8E792
:10307000FFF79EFF384603B0F0BD6FF00307F9E796
:1030800000760020084F0020F7B50C4601A923F078
:1030900027F930BB032C22D8019B134A18681979F1
:1030A00052F82420DB881343DA028768066907D5C3
:1030B00013F4402F1EBF43F3000202F4402253409A
:1030C0003468012523F480128D40DB074CBF2C436C
:1030D000AC4334603B6803B0BDE8F04018476FF084
:1030E000150003B0F0BD00BFD8EF0300431C10B5BE
:1030F000044608D14FF0FF324FF0FF33BDE81040D7
:10310000084820F011B84FF4004C40F2E73000219D
:103110004FF47A720023E4FB0C01FDF7F1F802464C
:103120000B46EBE7CC4E002010B50D4C206818B1D3
:1031300004F010FA002323600A4A002313600A4AAD
:1031400013600A4829F0B5FB094829F0B2FB094889
:1031500020F010F80848BDE8104003212AF048B8D4
:103160000876002004760020F0750020344E002000
:103170000C4E0020CC4E0020084F00202DE9F041DD
:10318000C2B01C4680460F46164600214FF484729A
:1031900068462BF014FAB4F5807F6D46ADF80080D8
:1031A000ADF80270ADF8044016D82CB1BEB122467D
:1031B000314602A82BF0DCF90A48002200232946F8
:1031C00029F070FB044618B9074801212AF00DF8D0
:1031D000204642B0BDE8F0816FF07904F8E76FF067
:1031E0001504F5E70C4E0020084F002010B58EB0F6
:1031F00012480022002303A91FF00AFE08B1002490
:1032000016E0FFF71BFEDDE904139DF80C0093B1F7
:1032100006AA23F013F80446FFF720FE0028E7D0A3
:103220000090DDE904239DF80C10054823F015FCFF
:1032300020460EB010BD1A46EBE700BF344E00200A
:10324000CE0804000146014823F03FB8F87500207D
:1032500008B588B1830711D100F16043A3F5543359
:1032600041F6FC72934209D8016006481FF028FF1E
:103270000548022129F0B9FF002008BD6FF01500B4
:10328000FBE700BFCC4E0020084F0020012108B50D
:10329000084823F01AF80846FFF7D4FF0648022131
:1032A00029F0A3FF054B186818B1BDE8084029F0C4
:1032B0001FBE08BD00760020084F002008760020C1
:1032C00070B522F0F0FF10F5FA6641F10005FFF746
:1032D000DDFF0D4B1C6834B10C4822F0DEFF0446C4
:1032E00018B9FFF721FF204670BD22F0DCFFB04285
:1032F000A94105DA00214FF4A47029F0E0FDEBE7C5
:103300006FF07304EFE700BF08760020F47500202B
:1033100070B57048A8B022F0C0FF002840F0D680F9
:103320006D4E3268002A40F0C9806C4B6C49C3F87E
:10333000001F0C251021C3F8045FC3F8081F69495A
:10334000C3F80C1F6849C3F8101F6849C3F8181F59
:103350006749C3F81C1F6749C3F8201F6649C3F8B3
:10336000241F6649C3F8281F6549C3F82C1F654907
:10337000C3F8301F6449C3F8341F6449C3F8381FC9
:103380006349C3F83C1F0FA8089223F006F80446CF
:1033900088B16048214622F098FFFFF7C5FE5D48DE
:1033A000214622F092FF14F13D0F40F08B805A48E5
:1033B00023F053FB83E009A823F060F804460028BB
:1033C000E7D12799CB073AD5090E0C2906D05348E7
:1033D0002A4623F042FB6FF07A04DAE7249B099A2D
:1033E0009A422FD20A9883422CD30C9A1B1A9A42E3
:1033F00028D80B99B1F5005F24D8C1F500539A4243
:1034000020D80D9BB3F5005F1CD80E9CC3F500536C
:103410009C4217D801F1005108AB01F5543123F05B
:103420005CF804460028B4D10C9A089B9A420CD050
:103430006FF00401374822F048FF0C46ADE76FF00B
:103440008504A6E76FF01504A3E701460D980E9AD0
:1034500000F1005000F554302BF0B1F80999304BD1
:103460002C4801F56C21803141F0010521461D6099
:1034700022F02BFF269B0C9A2A48B3F5005F28BF49
:103480004FF400530193284B009329460E9B23F0E1
:10349000E4FA00220023CDE906230A23CDE9024302
:1034A000CDE90044214B224904944FF48062214825
:1034B00020F06AF93060204929F040FC00242046C1
:1034C00028B070BD1D4823F0C8FAF8E76FF00F046C
:1034D000F5E700BF007600200876002000F003200A
:1034E000504154524D2F01000D300100212E01009A
:1034F000ED3001007D2E010089300100556303008D
:1035000023630300E52D0100012F0100F12D0100CF
:10351000C3620300FC750020AF0904002609040003
:10352000047600206B09040000500320DD2F010009
:1035300000C0002068510020A8090400EB09040025
:1035400008B50021074822F0C0FE074822F0BDFE62
:10355000FFF7EAFDFFF7DCFEBDE808400020FFF7BB
:1035600071BE00BF00760020F475002005230360C3
:1035700000487047E8EF030008B5064B186808B12B
:1035800024F07CFBBDE80840024840F21C420021C8
:103590002BF015B80C76002070B51A4D2B685BB374
:1035A000AA68531EB3F5806F26D24FF48064B4FB33
:1035B000F2F35343A3421FD1D5F80C34FBB1A8B9A1
:1035C000A34212D3104EE21AFF21F0182AF0F7FF9F
:1035D000696856F80C0C2346324624F065FB20B986
:1035E0006B68C5F80C0423446B6070BDD418013CB3
:1035F000B4FBF2F45443E5E76FF01500F5E7184625
:10360000F3E700BF0C7600201876002030B4134694
:103610000C4A0446D2F81404A0420FD3001B98426F
:103620000CD3106850B18568A54207D32D1B9D426D
:1036300004D30A46214630BC24F021BB6FF01500AC
:1036400030BC70470C76002038B50C460546C8B132
:10365000C1B10A468023002124F011FB88B92268F9
:103660000B4B9A4211D162680A4B9A420DD1A26863
:103670005AB1AB68802B08D9803B9A4288BF6FF063
:103680003C0038BD6FF01500FBE76FF03C00F8E739
:103690004D4346570200800073B50646002841D0CE
:1036A00003687F2B3ED92F4D95F81814002956D169
:1036B00040F21C4228462AF082FF3368B3F5204FBF
:1036C00020D801A9032003F07DF8044610B1FFF7CC
:1036D00053FF0CE0019BD86828F0F9FF03460198DE
:1036E00043B924F0CBFAFFF747FF6FF012042046EE
:1036F00002B070BD326883689A4206D924F0BEFADF
:10370000FFF73AFF6FF01A04F1E724F0F2FA0346EC
:10371000013BB3F5806FA860019806D324F0AEFAA0
:10372000FFF72AFF6FF01504E1E72146826824F0D5
:10373000D0FA019B044618B1184624F09FFAC6E758
:103740002B603368C5F810344FF480620123FF21E9
:1037500005F10C0085F818342AF031FFC7E76FF047
:103760000F04C4E70C7600202DE9F8431E4C94F8B2
:1037700018340D4690469BB391B3D4F8142482427A
:103780002ED1D4F810349B1A434526D323683BB37B
:10379000474604F10C0937B9D4F814344344C4F84B
:1037A0001434384617E0D4F80C04C0F58066BE42E5
:1037B00028BF3E462946324648442AF0D9FED4F86E
:1037C0000C3400203344C4F80C343544BF1BFFF7DD
:1037D000E3FE0028DFD0BDE8F8836FF01A00FAE7B7
:1037E0006FF01500F7E700BF0C7600202DE9F04FD1
:1037F0006B4D95F81824C7B08346002A00F0CC80A2
:10380000002837D1D5F81424D5F810349A4240F066
:10381000BA800120FFF7C0FE834658BB06AE802267
:103820003146FFF7F3FE002840F0B08032685D4B70
:103830009A4240F0AB8072685B4B9A4240F0A6809F
:10384000D6F80890B9F1000F00F0A080D5F8103438
:10385000803B994500F29A80336EB3F5005F0FD933
:103860004FF4005200925148514A012124F073F95B
:103870006FF00B0BFFF780FE584647B0BDE8F08FA6
:103880000024A2460DF19808A9EB0A07802F28BF53
:1038900080273A4641460AF18000FFF7B7FE83468B
:1038A0000028E7D120463A4641461BF02DFABA449B
:1038B000D1450446E8D8F26882426AD12A6842B308
:1038C000D5F81404D5F81014884222D11278032AAE
:1038D000D0D00DF114094946032002F073FF83464E
:1038E0000028C7D1D9F80000D5F810148268914299
:1038F00004D924F0C3F96FF01A0BBBE724F0F9F9EF
:10390000431E7F2B82460393D9F8000004D924F08C
:10391000B5F96FF0150BADE75946826824F0D9F977
:1039200000278346BBF1000F03D1D5F81044BC42F9
:1039300004D8D9F8000024F0A1F99BE7E41B039B0D
:103940002868802C28BF80241E1942462346394609
:1039500024F095F9B6FBFAF683460AFB06F6002832
:10396000E7D1B44205D2321BFF2108EB04002AF054
:1039700026FE3946D9F800003346424624F094F931
:1039800027448346CEE76FF0040B73E76FF03C0BE0
:1039900070E76FF04C0B6DE76FF015006DE700BF3F
:1039A0000C7600204D43465702008000E8ED0300EE
:1039B000130A0400014603488368DB6C0BB1012243
:1039C000184770475CE8030013B500230193184CB7
:1039D000204628F07CFE30B940F6CD420023154841
:1039E0001FF016FE06E0A3681B6D2BB9124B1B7867
:1039F000002BF1D102B010BD01AA04212046984746
:103A00000028F3D1019B002BF0D00C4C2378002B25
:103A1000F0D10820FFF7CEFF1020FFF7CBFF0123E6
:103A20002370074A0748032124F082F8E2E700BF29
:103A30005CE80300F0510020FDAB0020FCAB00204F
:103A40004C0A040018EE030073B5424D2B781BB1ED
:103A50000024204602B070BD3F49404824F07DFC60
:103A6000044640B13E4A03463E48012124F069F82D
:103A7000002CEEDA55E03C49384824F06EFC044650
:103A800010B13A4A0346EFE73949344824F065FC5F
:103A9000044610B1374A0346E6E737492F4824F079
:103AA0005CFC044610B1354A0346DDE70146344A62
:103AB0002A4805F091FA044610B1324A0346D3E78A
:103AC000024631492548012305F072FB044610B136
:103AD0002E4A0346C8E70126014600961F480223E6
:103AE000EF2224F0B7FB04460028C1D11B4804F0A4
:103AF000E1F8044610B1264A0346B5E7174804F03A
:103B000011F9044610B1234A0346ADE7224828F0D4
:103B1000DEFD68B9214A1348012124F009F86FF04D
:103B200012041F4A0F482346012124F00AF890E7A7
:103B30001C491D4801232B7029F0A3F80022002303
:103B400019481FF031FD194A0648032123F0F0FF00
:103B50007EE700BFFDAB0020780700204C5000201E
:103B6000620A040018EE030060070020850A0400C2
:103B700048070020AC0A040030070020CE0A0400E9
:103B800004070020EF0A0400100B04001A0B0400C5
:103B9000420B04005D0B04005CE803007A0B040098
:103BA000A30B0400C9390100F0510020950B04005B
:103BB0002DE9F04FDFF8008187B004462068836864
:103BC0009B69002B75D0102202A99847031E009311
:103BD0006FDDDFF8E89002AE4FF0000B4C4516F8B1
:103BE000013B4BD198F8001089B30D2B344F01D015
:103BF0000A2B1DD1DFF8CCA09AF8005035B9324B12
:103C000039688D420CD30A20FEF798FE00233B60F2
:103C100088F800308AF800302C4B01221A700EE030
:103C200013F8010B01930135FEF788FE019BE7E7CE
:103C30003968FE2909D8244A481C53543860009B2F
:103C40000BF1010B9B45C9D1B8E71E4BE5E71F4AB5
:103C5000107860B1402B0AD111701A4A1170184ABD
:103C600001201060184A88F800001370E7E70D2B58
:103C700018BF0A2B0CBF012100211170EFF3118531
:103C8000202282F31288BFF36F8F6068A268411C04
:103C9000C1F30C01914208BF4A1C204404BFC2F387
:103CA0000C02A260C373616085F31188BFF36F8F4C
:103CB000C5E707B0BDE8F08FFFAB002090070020FC
:103CC000287A0020FEAB002000AC0020C74C00206A
:103CD00010B5437B0446D3B9006810B96FF01200E9
:103CE00010BD28F0F4FC0028F8D00B4B2068227B94
:103CF0000A49002A18BF1946836853B19B6C43B127
:103D000022469847206822F020FC0123637300209C
:103D1000E6E76FF05700E3E78165030055650300B0
:103D20000128F7B505460C4604D96FF01504204666
:103D300003B0F0BD0029F8D042F21007314E4743DE
:103D4000F05910B96FF01204F1E728F0C0FC002818
:103D5000F8D0F05983681B69002B3DD12A4B0094A1
:103D6000019342F210036B43F218117B002939D101
:103D7000577B27B1F0588368DB6A03B1984742F25A
:103D800010036B43F0588368DB68002B34D069461E
:103D9000984704462FB142F210036B43F05822F0CB
:103DA000D4FB14F1580F1FD16FF0570442F21003E7
:103DB00003FB05631B7B002BB9D042F2100303FB0E
:103DC0000565AB7BB3B92846FFF782FF04460028A0
:103DD000ADD10123AB73AAE7694698470028BDD14E
:103DE0000094BEE70027CAE714F1860FDED0002C4E
:103DF000E3D09CE700249AE7002FD5D06FF057045A
:103E0000C9E700BF90070020000103001FB58368C9
:103E10000C2B024607D00E4A0E48012105B05DF872
:103E200004EB23F08EBE1169C06801AB03C3506977
:103E3000186001460298FFF773FF01460198FFF7EB
:103E400007FA034608B1044AE6E705B05DF804FB4B
:103E5000E50B0400F8ED03000C0C0400F7B5436813
:103E6000012B27D0B3F1805F1ED1144C002642F203
:103E70001007236893B12046FFF72AFF0546B0B12B
:103E80000F4A009033460F48012123F064FE0E4A8A
:103E90000C4800953346012123F05DFE731C022B74
:103EA0003C444FF00106E4D1002003B0F0BD0123F3
:103EB000A373F3E7FFF7AAFFF6E700BF9007002020
:103EC000360C0400F8ED03005D0C0400012813D843
:103ED000EFF31182202383F31288BFF36F8F084B17
:103EE00042F2100101FB00330020C3E9010082F31C
:103EF0001188BFF36F8F70476FF01500704700BFD8
:103F00009007002001282DE9F74305460F4690460B
:103F100005D94FF00008404603B0BDE8F08342F2F7
:103F200010061A4C464304EB0609A0590028F0D0AD
:103F300099F80E30002BECD00029EAD0002AE8D006
:103F400028F0C5FB0028E4D00023019399F80C3039
:103F500073B942F210033E4603FB05444744206810
:103F600016F8011B83685B689847BE42F7D1D2E719
:103F7000A05983681B6D002BCBD001AA0421984760
:103F80000028C6D1019B002BE3D1C2E79007002097
:103F900001282DE9F7430C4616464CD842F2100290
:103FA000264B50431F181858002844D0BB7B002BC9
:103FB00041D000293FD0002E3DD028F088FB80461C
:103FC000002838D001254FF02009EFF3118189F343
:103FD0001288BFF36F8FD7E9012393421FBFFA18EE
:103FE0000133C3F30C03D27B1DBFBB608DF80720E8
:103FF0004346002381F31188BFF36F8F73B19DF89F
:1040000007302370AE4205F1010304F1010403D827
:10401000284603B0BDE8F0831D46D6E7BB8943B907
:10402000386883681B6823B10DF1070198470028A1
:10403000E5D0013DECE70025EAE700BF900700204E
:104040002DE9F043134B1F78134B002419464FF40E
:10405000227CA3F1200EE2B2974201D8002015E0A5
:1040600093F803800CFB04F20025EEB2B04503D8B0
:10407000013403F52273EEE702F158060EEB060950
:10408000484505F1010503D118328818BDE8F083D1
:104090003246EAE700AD00202C7A0020034A0023D4
:1040A000136003211A460120FFF768B83C7F002007
:1040B00010B580B1094A12686AB182420BD125F06D
:1040C0002EFC044628B1064A03460121054822F089
:1040D00073FA204610BD6FF07F04FAE73C7F0020A2
:1040E000930C0400D0ED03000B4B197829B90B4B4E
:1040F0000B48197010222AF062BA0A4B084A03F1E1
:10410000100153F8040B42F8040B8B42F9D1034B16
:1041100001221A70704700BF00AD0020FEAD0020E4
:10412000FFAD0020317A002073B5437805460E4676
:104130008BB900F51F700BF0D7FB044648B1074A56
:10414000009033460648012123F005FD204602B0C9
:1041500070BD01236B700024F8E700BFB30C0400AE
:10416000D0ED0300F8B5094D094F00244FF4227635
:104170002B78E1B28B4201D8002006E006FB0170EB
:10418000FFF7D2FF01340028F2D0F8BD00AD0020C7
:104190002C7A002013B50C4625F01CFC014660B1BA
:1041A000002006F08BFA40B1831C06D0044A009030
:1041B00023460448012123F0CEFC02B010BD00BF0D
:1041C000E10C0400D0ED030038B505460C46064866
:1041D000064A0B46012122F0EFF921462846BDE8A8
:1041E000384022F03ABA00BFD0ED03000D0D0400B4
:1041F00037B50B4605461446064800920121064A8B
:1042000023F0A9FC2146284603B0BDE8304022F047
:1042100024BA00BFD0ED03002B0D040073B50223B8
:10422000154606460C468DF804108DF8052004212D
:1042300001AA0120FEF7A2FF35B12A4621463046E9
:10424000FFF7D6FF02B070BD034A0448234603219E
:1042500022F0B2F9F6E700BF500D0400D0ED0300E4
:1042600090B5154B83B01A6800AF904208BF00228A
:10427000F9716C468AB008BF1A60FB796A460F492B
:10428000CDE905130E4B079340F20133ADF8203012
:104290000C4B42F8103F0C4800234FF4135101F02F
:1042A0007BFF0123FA1DA54602211846FEF766FF93
:1042B0000C37BD4690BD00BF3C7F00206F0D040051
:1042C0003E13040004000001D0ED030090B585B05A
:1042D000234A00AF002304461370F971214A01F00C
:1042E000FF00F1B16C468AB013606A461E49CDE901
:1042F00005101E49079140F20131ADF820101C490C
:1043000042F8101F1B484FF4115101F045FF0123E3
:10431000A546FA1D05211846FEF730FF1437BD46A5
:1043200090BD1460FC60144A1248032123F000FC85
:1043300001210423084607F10C02FEF71FFF0F4B73
:1043400019780029EAD0204625F0E9FA034600282A
:10435000E4D00B4A0748012122F02EF9DEE700BF26
:1043600002AD00203C7F00208B0D04003E130400B2
:1043700004000001D0ED0300AC0D040001AD0020ED
:10438000BA0D04002DE9F04F93B04368062B02AF3D
:1043900004460BD8002B49D0023B042B61D8DFE840
:1043A00013F0BD00CE00E0000901D302B3F1805F3D
:1043B0003CD1934B934D1B7853B12B7843B107F00D
:1043C00085FD034620B1904A9048012122F0F4F87F
:1043D0008F4B9048904E00241C60904B2C701C70AA
:1043E0008F4B904D1C70904B202221461C702AF060
:1043F000E6F8202221468D482AF0E1F87C22214669
:104400008B482AF0DCF88B487C2221462AF0D7F82A
:104410002B785FFA84F843450DD800214FF4A2624F
:104420007D4829702AF0CBF8FFF75EFE0020443764
:10443000BD46BDE8F08F4FF4227000FB08F0331842
:104440005B7863B100F51F7030440BF003FC30B1B2
:10445000794A009043466D48012123F07CFB0134EA
:10446000D6E7674C2378FBB9FFF77CFE0028DDD147
:1044700006F032FD034628B1704A6448012122F05B
:104480009BF8D3E76E4808F0E3FE10F1780F03467F
:1044900002D008B16B4AF0E723F0A1FC034608B153
:1044A000694AEAE701232370FFF75CFE0028BDD1CB
:1044B0005C4B1B7823B9654A5448022123F038FB32
:1044C000504EFFF711FE3378002BAFD1544B604DA7
:1044D00093F800C0544B93F800E00FCD07F1280487
:1044E0000FC42B6823605CEA0E030CD04F4B494984
:1044F000CDF800E0624607F1280007F0B7FB03465D
:1045000048B1544AB9E7544B54491A7801230093EF
:104510000132534BEFE70123337087E78368082BA1
:1045200084D102210069FFF7C3FD0146E068FEF770
:104530008FFE00283FF47AAFE3684A4A9DE783681C
:104540000C2B7FF473AF017D0069FFF7B1FD0146CD
:10455000E068FEF77DFE00283FF468AFE368424A5A
:104560008BE78368082B7FF461AF0569FDB16A684A
:10457000AB782F4900922748294A22F01FF80146BC
:1045800060B9AA68EB782B4900922848264A22F0A5
:1045900015F8014610B9214B2A781A70E068FEF729
:1045A00057FE00283FF442AFE368304A65E76FF0FA
:1045B0001501F3E78368082B7FF438AF03697B624A
:1045C000002B00F0A3811B7C013B032B00F29E819A
:1045D0007B6A5B69BB60002B00F09881114B93F8FC
:1045E00000A0BAF1010F45D96FF00B05E06829462C
:1045F000FEF72EFE00283FF419AFE3681C4A3CE7A3
:1046000003AD002002AD0020E30D0400D0ED030057
:104610003C7F0020607F00202C7A002001AD00202C
:1046200081AD002000AD002004AD0020407F0020BF
:1046300082AD002005AD0020100E0400400E0400E5
:10464000B0470020560E0400810E04009E0E0400A8
:1046500030EF0300C80E0400FEAD00202CF0030074
:1046600024F00300E90E0400110F04003A0F0400C7
:10467000630F0400A74DCAF1000303F422737B61AA
:104680002B444FF4227200211846BB6129F097FF9A
:104690004FF4227303FB0A5302221A717B697A6A70
:1046A000053311462B44103152F8040B43F8040B28
:1046B0008A42F9D17969984A964E4FF4227303FBE6
:1046C0000A5304310D44B3F88A11C3F878214FF02E
:1046D0000109924AC3F87C2169F30E010022C3F854
:1046E0008021C3F88451A3F88A11FA607B6A97F895
:1046F0000C801B7C98451BD34FF4227202FB0AF2FC
:10470000B118CB707B6981F8029003F5BC73334418
:10471000C1E99F390123B354814A53441370FFF711
:10472000E3FC804B1B78002B40F0E78055465DE7AB
:10473000BB687A694FF0180B0BFB083B582303FB4F
:1047400008F39A18FA6118329BF81150B2187A607F
:1047500009F10202D2B2002D08BF12250D2A3A62D9
:104760004FF4227204D90021B86929F028FF3BE7F1
:1047700002FB0A33334402225A77FB691E335A463E
:1047800033440BF1100152F8040B43F8040B8A4236
:10479000F9D19BF81030202B65D863B1DBF81410E9
:1047A000002969D0FA693B6102F1500030441A4691
:1047B00029F0DEFE3B69DFF870E14FF4227202FB64
:1047C0000AF139613869582101FB0808B044002119
:1047D00088F81C30FB69A8F8341003F11D0C142371
:1047E00003FB090030440122C0F878E1DFF83CE126
:1047F00088F83650C0E95FE1D7F81CE00EF1300EC2
:10480000B644C0F884E1B0F88AE162F30E0EA0F875
:104810008AE109EB02003A69C0B288F81A0003FB8A
:1048200000203044B444C8F830C0C0F878C1DFF884
:1048300000C17A68C0F88421C0E95FC19BF812C04A
:10484000B0F88AE1BCF1010F38BF4FF0010C6CF3F6
:104850000E0EEB06A0F88AE111D4FB68D7F8209081
:104860000133FB6042E76FF07905B8694FF42272BB
:10487000002129F0A4FEB9E66FF01505F5E7386AC6
:104880000D2802D14FF422726EE79BF813B0182264
:10489000BBF1000F08F1380008BF4FF0030B29F0FF
:1048A0008EFE244AC8F84420234A396AC8F84820B2
:1048B0003A6988F81B10142303FB012535441F4B6C
:1048C000C5F878311E4BC5F87C311E4BC5F88031D8
:1048D000FB6938333344C5F88431B5F88A316BF35A
:1048E0000E03A5F88A3109F103094FF0010388F896
:1048F00019305FFA89F33B62AFE7B8695146FFF7B9
:1049000013FC054600283FF411AF6FE66FF0150564
:104910006CE600BF2C7A0020A60404005DA603000C
:1049200000AD002003AD0020A2040400FFA7030097
:1049300037660300876503009D6503009E0404003D
:104940002FA60300EDF0010083680C2B7FF46EAD01
:10495000524B057C1B78AB4240F29D804FF4227095
:10496000DFF83C81684308EB000318F80020002AB8
:1049700000F0918094F81190DB784B4540F28B80E9
:10498000A67C202E00F284805EB16169002900F0CF
:104990008280582303FB090050303246404429F0FE
:1049A000E7FD4FF4227169434FF0580A0AFB091AD8
:1049B0003C4BC2448AF81C601E6808EB010358781F
:1049C00088B19AF81900A0B146B39AF81A301422A7
:1049D00001F5BC7102FB03114144012230460BF08A
:1049E000D3F98AF818004FF4227303FB05835B7830
:1049F0004BB14FF4227358226B4302FB093908EB89
:104A00000902517E61B90025E0682946FEF720FCC5
:104A100000283FF40BADE368234A2EE53046E8E773
:104A20000028F0D0002EEED0917E92F81CA003F565
:104A3000BC75142303FB01551822002107F128003F
:104A400009F1500929F0BBFD454408EB090307F1C2
:104A500028013046FD623B63A7F834A00BF0DAFB77
:104A600005460028D0D06E468AB0217C637C02AA1D
:104A70000E48C2E907350523C2E9050142F8103F97
:104A80000B4800234FF4215101F086FBB546BBE7EC
:104A90006FF07905B8E76FF01505B5E700AD0020B8
:104AA0002C7A00203C7F0020C50F0400910F0400E9
:104AB000D0ED03004FF010234FF08042D3F80433C1
:104AC000D2F84026D2072CD503F00703052B28D0B7
:104AD000154A0123C2F80435D2F80034EBB14FF087
:104AE0001021D1F8043323F0070343F00503C1F884
:104AF00004330023C2F804350B4AD2F8003473B1F2
:104B0000BFF34F8F09490A4BCA6802F4E0621343AE
:104B1000CB60BFF34F8F00BFFDE700BFDCE700BFF6
:104B2000EBE70020704700BF00E0014000ED00E02F
:104B30000400FA052DE9F84F8A4600AF002974D029
:104B400004680E1F361BF50826F0070604EB06085E
:104B5000B8F802B01BF0010B16D1E94688B06A46DE
:104B6000334BCDE90531032342F8103F31485B4612
:104B70004FF4C25101F010FBCD468BF31188BFF307
:104B80006F8F0423184602DF2946204621F070FD6E
:104B9000284434F83030C01A854217D0E94688B02E
:104BA0006A46254BCDE9053A032342F8103F2148D8
:104BB00000234FF4C25101F0EFFA0023CD4683F3F6
:104BC0001188BFF36F8F0423184602DFB8F8023054
:104BD00023F00103A8F802302946204621F048FDC1
:104BE00005EB000804EBC8035B88DA0708D44146EC
:104BF000204621F086FD42462946204621F0C6FD8A
:104C0000A65BAE1B04EBC6035B88DB0709D4314609
:104C1000204621F076FD2A463146204621F0B6FD99
:104C200035462946204621F028FDBD46BDE8F88FCF
:104C300053100400C8ED03002A1004002DE9F04FC2
:104C400091B08407009302F004030293C2F3C203FD
:104C500003F10103DDF868A0039205460E460593B3
:104C600040F09D81041D00284AD101F00706341D43
:104C7000C6F10806009B00275A1E4FF004084FF0AB
:104C8000FF3301930497B946BB4643460DB10099E3
:104C900021600598002800F3D78090480099814250
:104CA00003D38F488142C0F0CF80039911F0020CEA
:104CB000A4EB050040F0D680B9F10F0F00F2CF80D1
:104CC000002D00F0D68009F140010DEB010EC0F37C
:104CD000870001990EF8200C0EF8101CBCF1000F93
:104CE00000F0C38060F07F000EF8200C013709F15E
:104CF0000109C5F10801043406914FF6DA7E8CE013
:104D00000729B7D86FF01B0011B0BDE8F08F7A28E3
:104D10005BD84B280FD8472857D829282ED82528C4
:104D200050D052D8202818BF23280CBF4FF0010BB9
:104D30004FF0000B71E04C382E2846D8DFE800F029
:104D40006D454545454545454545454548454545E8
:104D50004545454545564548485656566D486A4569
:104D60006D4518481845457F7C48454548457C00B9
:104D700000204FF0000B4FF0040835E02A38C0B295
:104D8000012101FA00F010EA0E0F46D110F0625C2A
:104D90002CD110EA010B40D06046013C4444B4FBE6
:104DA000F8F408FB04F425B1A3EB050CA444B445C6
:104DB000A8D8002870D00599013905915AF8041B2C
:104DC000009163E70199013901914FF0000B24E054
:104DD00012F8010C6C2834D112F8023C00206C2B24
:104DE0008346C8D14FF008084346D6E70AF1070AC0
:104DF0002AF0070A0734FAE802BC24F0070435B1A8
:104E000006982044B0423FF67DAFC4E900BC0834A8
:104E10004FF0000B4FF00808434612F8010F00282E
:104E200053D0BBF1000F7FF472AF2528F5D1019B61
:104E3000013301934FF0010B4FF00408ECE75846A3
:104E400097E700208346A8E7039988077FF551AFCD
:104E5000601B4FF0010CB0F5007FFFF42DAF6FF039
:104E6000150051E74FF0000CF5E70498013004906D
:104E70003DE7BCF1000F01D0013638E70298023659
:104E800000287FF434AF0098CDE90632FBF764FACE
:104E9000DDE9063206442AE7042B08D10AF10400B2
:104EA00015B1DAF80010216004348246B5E70AF142
:104EB000070323F0070303F1080A1DB1D3E900013A
:104EC000C4E9000108340823A7E7631BB3F5806F2A
:104ED000C5D23DB9A6F10804E01815E730E7030094
:104EE000EC450400029A28609B082B709DF8103056
:104EF000AAB1EB70AF702FB108A80022C5F1010C68
:104F000091450ED1C5F101030DF120084FF0000AC3
:104F100001930DF1300BD14512D1601BF4E66B709B
:104F2000E8E710F8013B190608D50CEB040EB6456E
:104F300003F07F033FF6E6AE04F8013B0132DFE702
:104F40001FB198F90020002A17DB029BD3B11AF891
:104F50000B2004F8012B0022019B18191044B042C9
:104F60003FF6D0AE98F8000004F8010B00990392C8
:104F7000204629F0FDFA039A14440AF1010A08F1C7
:104F80000108C8E798F8002055F822300093029BEA
:104F900045F822300098FBF7DFF9421CDCE76FF0A0
:104FA0000D00B1E62DE9F04F97B000AFC7E90A3226
:104FB00005468A4649B903784678807800EB830035
:104FC0002844564524D8A0EB050AD7F8803095F838
:104FD0000280D7F8804003F00103FB61EB787B622D
:104FE000B8F1000F0CBF002404F001041BB1D7F886
:104FF00080309A0715D4A4B9FB6A1BB1BA6A51462E
:1050000028469847564630465C37BD46BDE8F08F87
:10501000441C2046FBF7A0F9013020440AF1010AA4
:10502000CFE7D7F88030C3F3C0033B622B78BB6176
:105030009B003B616B687B61BB6905EB830BFB6A83
:10504000002B77D15646D844BCB11C461BF8013B17
:1050500055F82300FBF780F9D7F88430013043B1CD
:10506000D7F88830A34282BFD7F8843023F81400E1
:105070000134C3450644E9D1D846D7F8803013F04F
:10508000050F0CBF4FF0020B4FF0010B4FF0000962
:105090007B6A9945B7D298F8013055F823A0AE4BFA
:1050A0009A4508F10208C0F04B81AC4B3A6A9A4528
:1050B0002CBF002301230AB318F8021C7869FB6295
:1050C00021F0AAFCFB6AC8B1EA468AB06A46A44B42
:1050D00005937B69CDE906314FF40073ADF82030BC
:1050E000A04B42F8103FA04800234FF4125101F0AA
:1050F00053F8023ED54609F10109C9E723B1FB691E
:1051000033B9A6EB0B06F6E7D7F880309B07F2D54C
:105110005046FBF721F9D7F884304BB1D7F88830E7
:105120009C423FBFD7F88420431C22F8143001343E
:105130000644E0E7002C69D1B8F1000F6CD0D7F835
:10514000803058076BD5C14607F1480042465946A2
:1051500029F00EFA0BEB0803FB6000220233796A98
:105160008A425ED3D7F8802095F801B0F96992079A
:1051700004EB0B03DBB254BF4FEA590200220029B3
:1051800040F0A680D7F8801011F0040F14BF4946F4
:1051900000216B70A970EA703969BA6AFB6A284607
:1051A0009847061EFFF62FAFBB692B707B6AEB702A
:1051B0004946BA6AFB6A85F801B085F8028007F1B2
:1051C00048009847B0F10009C0F2B6803B697A6A9E
:1051D000786A03EB4201FB68BA6A414403EB400082
:1051E000AAEB0101FB6A98470028C0F2A780B144EE
:1051F00009EB00064FF0000B07F1380AA34569D30D
:105200000021BA6AFB6A08469847FCE6444607F163
:1052100038004FF0000999E74446C1469AE7A14695
:1052200098E713F8016CDFF830C155F8260013F841
:10523000021C6045C0F08A80DFF820C16045386AF2
:105240002CBF4FF0000B4FF0010B38B17869C7E964
:10525000013221F0E1FBD7E90132F0B9BBF1000FD7
:105260001ED0F96949B1611C04F1280007F130042E
:10527000041904F8206CCCB20FE0D7F8801049076D
:105280000BD509F1280007F1300C09F1010100EB01
:105290000C0909F8106C5FFA81F9013202335EE7FC
:1052A000D7F880008007DED409F1280C07F1300E12
:1052B000F44409F101000CF8101C07F1580151FAEF
:1052C00080F009F102095FFA89F900F8106CE4E74F
:1052D00000215EE71BF80A3087F8373055F8239035
:1052E000D7F884302BB3D7F888309B4521D2D7F834
:1052F000843033F81B80BA6AFB6A012107F137005A
:10530000984700281ADB0644B8F1000F06D148463A
:10531000FBF722F800F101081FFA88F8BA6AFB6A65
:10532000414648469847002808DB06440BF1010B2C
:1053300064E74FF00008DEE74E4664E6064662E6A4
:105340003B6A002B3FF4E0AE0023B5E6386A002844
:10535000A6D04FF0000B79E730E70300EC450400DE
:10536000801004000400000148ED0300014B1860A8
:10537000704700BFC047002080B505460E4617465F
:1053800098461EF07FFC034602F048F9DFF81890BB
:10539000044649F80030424630463946A84754F89A
:1053A000090002F0D7F800BF0800000008B5044665
:1053B000EFF31183202383F31288BFF36F8F1CF068
:1053C000D3FC204602F054FC024821F046FB22F0B8
:1053D00031FEFCE7341104002DE9F047058B04464B
:1053E000280717460CD501290CBF45F0100545F0DC
:1053F0002005258387F31188BFF36F8FBDE8F08701
:10540000022905F0070540F09480204621F036FE81
:10541000052864D801A353F820F000BFF55301001C
:1054200033550100DF540100A1540100BB540100B9
:10543000CD54010001F007035A1F012A1FD8002292
:1054400021F00701062BD4F8008089B2C4E90022BC
:1054500009D1434603E0628B013262831B68002B53
:10546000F9D141F002012183204621F007FE4FF0DF
:10547000000900286DD041F02001218369E0042B50
:105480000AD121F0070189B22183204621F0F6FDDF
:1054900010B141F0200121834FF00008C14658E0CF
:1054A0002369D3F80090238B23F0070343F006030E
:1054B00023834FF0000846464BE02369D3F804905D
:1054C000238B23F0070343F00403F1E72369D3F8A8
:1054D0000890238B23F0070343F00503E8E74FF020
:1054E0000008C146E7E7012243F00803238387F35E
:1054F0001188BFF36F8F002A3BD1B8F1000F4AD15A
:10550000B9F1000F02D02D492046C847EFF31187AB
:10551000202383F31288BFF36F8F238B23F00803BC
:105520009BB22383D9063FD523F01002228303F0D8
:1055300007056669218B002EBFF67CAF0023D4F8E7
:10554000008021F00701C4E9003341F0010121830B
:105550009946238B03F0070AAA4502D0A268002AC5
:10556000C1D1B8F1000F02D1B9F1000FDAD0002299
:10557000BAE7A1680029C0D00D680029BDD04F68E6
:10558000334652462046B8471DB12B6829461D4672
:10559000F3E72B46FAE74146334652462046D8F811
:1055A000008021F097FDA8E79A067FF523AF23F04E
:1055B0002002228303F0070527E700BF01710300E3
:1055C00037B504460821C06A124D22F002F80023C4
:1055D0004FF6FF72ADF804306368ADF800208DF827
:1055E0000620E26819182B401344181A60606846B8
:1055F000ADF8021021F045FF6946204622F008F878
:10560000211D204621F015FF63682B40A36003B0E5
:1056100030BD00BF0000FFFF2DE9F7430F46814674
:105620000821C06A144D21F0D4FF3C68241A80463A
:105630003C6004EA0506B4421CD3A0B210B903B022
:10564000BDE8F08308236A462146484621F0B8FEAB
:105650000028F4D16946A0B221F0A7FF38B1BDF807
:105660000230BDF804203C602E4013441E44A4EBDD
:105670000804E0E70020E2E70000FFFF2DE9F04723
:1056800004468AB000F11407384627F055F9A06A9D
:105690008368DB689847E06250B99F4A9F480121C0
:1056A00021F0D4FE6FF0150528460AB0BDE8F0875A
:1056B000A06A8368DB6898470368013B1F2B01D908
:1056C000974AEBE7E368B3F5803F08D94FF480329F
:1056D00000929248934A012122F03DFAE2E7A06A43
:1056E000216807AA26F042F908B18F4AD6E7E56893
:1056F0002DB1089BB5FBF3F203FB12550DB18B4A9C
:10570000CCE7238A012B01D8894AC7E7E36A0295CF
:1057100093F805804FF0FF334FF0FF3238461DF00D
:10572000DBFBE06A082121F054FFA9460646238AE4
:105730001FFA85FA534544D8238A4B4500F02D8142
:1057400053450BD1029908234246891B204621F07C
:1057500045FE18B902A9204621F06BFE02A9204699
:10576000FFF75AFF0546002840F0B28002996160B9
:105770004FEA11494FEA0949C4F80890A3688B42DF
:105780000DD8082303AA204621F01AFEB8B903ABAE
:1057900013F8012B904532D101300828F8D1636805
:1057A00002A96FF30F032046029321F042FEE36843
:1057B00002994246204621F011FE00283CDA0546B7
:1057C00086E0E1682B04891B13FA81F14246082325
:1057D0002046029121F002FE78B102A9204621F074
:1057E00028FE09F1010902990823424620461FFAC2
:1057F00089F921F0F3FD00289ED0013597E7A088B4
:1058000003A921F0D2FE626810B9911B6160B5E76F
:10581000BDF810A0BDF80E10E06AC4F8089051441D
:1058200021F0D7FE48448242A060EED1BAF1000FC9
:10583000EBD06FF01C054BE000F08B8063684FF6F7
:10584000FF7906EB0308E368CDF808801FFA88F2B9
:105850009B1B9A4223D3374A3048032121F0F6FD9F
:105860006168204621F0F4FD014680BB6368324A3E
:10587000E06813400344A3EB460363601340A36056
:10588000204621F066FF002899D1E368A288A3EBA7
:1058900046039A421CD1204621F0D7FE8FE7082309
:1058A00005AA4146204621F08BFD002887D105A995
:1058B0001FFA88F021F079FE38B1BDF814304B455D
:1058C00003D1BDF81830002B6AD0B044BBE70D46B9
:1058D00038461DF073FB002D7FF4E6AE0123A37460
:1058E000E268238A0D4800920321144A22F033F91A
:1058F00063689AB200920948114A1B0C032122F0F6
:105900002AF9A3689AB2009204480E4A1B0C03219C
:1059100022F021F9C8E600BF7C11040070ED0300FD
:105920009E110400BB110400E4110400FC110400EA
:1059300010120400821204000000FFFF3312040062
:105940004A1204005C120400E26AA368126813445D
:10595000A360D4E901318B4208D95B1A4246204644
:1059600021F03CFD0028FFF62AAFEDD16168E36825
:1059700001EB46029A4288D1124BA06801EA030269
:10598000904282D0204621F063FD00287FF417AFBB
:1059900062680C4B1A40A26077E76FF02C0597E71E
:1059A000094A0A48032121F051FD636802A96FF3F7
:1059B0000F032046029321F03CFD0299204621F07E
:1059C00047FD60E70000FFFF6D12040070ED03006B
:1059D0002DE9F04F1E46837C95B0044689469046DB
:1059E00053B96B4A6B48012121F030FD6FF00C0573
:1059F000284615B0BDE8F08FC26A0821104621F094
:105A0000E8FDB1B20190104621F0E3FDE368019A90
:105A1000A3EB820383420746C0F0B6801EB1B8F103
:105A2000000F00F0B180D4F804A0CDF810A005AAB2
:105A300004A9204621F043FE05460028D8D1BDF830
:105A400014304B4507D0DDF810A063685345EED104
:105A5000002E39D1CCE705A91FFA8AF021F0A5FD67
:105A60000028F0D0BDF8183066B3B3422CD14FEA0D
:105A70001A43BDF816A0CDF800801B049A44E36ACF
:105A80001B685B4203F020030293B346029B5B4515
:105A900028BF5B460CAA51462046039321F090FC98
:105AA00000284DD1039B00981A460CA928F08FFDC1
:105AB00050B9039B009ABBEB030B1A449A44009223
:105AC000E4D195E7002B93D0002F3CD1BA4604F1E6
:105AD000140B4FF0FF324FF0FF3358461DF0FCF926
:105AE000238A9D424DD0D4E901320AEB02018B4258
:105AF0002ED39BB263B3FF23ADF81E2000211822E2
:105B00000CA88DF82230ADF81C90ADF8206028F07C
:105B100056FD0CA92046CDE90E8621F064FD07460E
:105B200048B907A821F0ADFC07A9204621F070FD77
:105B3000074600B9374658461DF040FA3D4657E73C
:105B4000C2DC054654E7019B1F441FFA87FABEE7F3
:105B50002046FFF735FD3DB9ADF82490CDF82880FB
:105B6000ADF82C608DF82E5009A9204621F0F1FDEA
:105B700007460028DFD19DF82E300135002BAFD02D
:105B8000D8E76FF01B07D6E76FF0150530E700BFC9
:105B90006811040070ED03002DE9FF471E46837C69
:105BA000BDF8309004460F4690464BB92848294A24
:105BB000012121F04BFC6FF00C0004B0BDE8F08730
:105BC000C06A082121F005FDE368A3EB4003B3425E
:105BD0003AD3656801954FF0000A02AA01A9204650
:105BE00021F06DFD0028E8D1BDF80830BB4206D198
:105BF00002A9A8B221F0D9FC50441FFA80FA019BF7
:105C000062689A4219D0CA4515D9BDF80C30C3B1A3
:105C1000CA4516D3BDF80A10B3426FF30F0528BF6B
:105C2000334642462944204621F0CAFB0028C4D10D
:105C3000BDF80C00C1E71D46CFE7BDF80830BB42F8
:105C4000E3D06FF00100B8E76FF01500B5E700BFD3
:105C500070ED0300681104002DE9F047DFF854806F
:105C6000044607464FF0010994FAA4F5B5FA85F504
:105C700009FA05F32E0108EB05156FEA030A24EA79
:105C800003042B7B63B158F806301B696BB946449B
:105C9000042273682846196807EA0A0721F0D8FE2B
:105CA000002CE1D13846BDE8F08728469847002807
:105CB000F6D1ECE790EE030010B50F490F4888B01D
:105CC000002227F024FA00220023CDE90623002435
:105CD0000E23CDE90334CDE90144094B0949009471
:105CE0004FF4407208481DF04FFD0849064827F060
:105CF00025F8204608B010BD115D0100B056002007
:105D00004160010040C4002020520020B012040075
:105D100001481DF0D5B900BFBC4E00202DE9F04769
:105D2000804621480F4621F073FE0646002833D0F6
:105D300000252846BDE8F087237B83B12368DB6814
:105D40000BB120469847636883F8069023681B6967
:105D5000D3B9636804221968204621F079FE013620
:105D600010345445E8D3B8F1000FE2D0002DDFD055
:105D70002846FFF771FF0546002FF7D000214FF4AA
:105D8000A47027F09CF8F1E7204698470028E0D05F
:105D900009FA06F31D43E2E7044CDFF814A00546B8
:105DA0004FF00109DDE700BF907F002090EE030077
:105DB000A0EE0300014B53F82000704750F00300A1
:105DC00008B5034608462BB1044A136000F044FCB2
:105DD000002008BD6FF01500FBE700BFC44700209E
:105DE00010B5044C237813B903481DF069F9012359
:105DF000237010BD0FAE0020BC4E002010B504462D
:105E00000B4821F005FE5CB1BFF35B8F094B53E8F3
:105E1000001F013943E80012002AF8D1BFF35B8F5D
:105E200005481EF055FA0548BDE810401DF048B978
:105E3000887F00208C7F0020B0560020BC4E0020C0
:105E4000064BBFF35B8F002253E8000F43E80021AD
:105E50000029F9D1BFF35B8F704700BF887F002016
:105E600070B5FFF7EDFF084C084E0546B44200D36D
:105E700070BD63685B792BB123685B6813B12946F9
:105E8000204698471034F1E790EE0300A0EE03009F
:105E900010B5044C0449204620F0F9FE034B1C6069
:105EA00010BD00BF244D00203CF00300807F002087
:105EB0000D4A0E48002310B513700D4A13600D4AA9
:105EC0004FF400411360FFF77BFFFFF7E1FF0A4B40
:105ED0000A4918468B4200D310BD1A1A5C68121189
:105EE000013222711033F5E710AE00200D7A030065
:105EF000887F00208C7F002090EE0300A0EE03003E
:105F0000014600220148002320F0E2BE244D00207B
:105F1000014820F079BF00BF244D0020024B01460C
:105F2000186820F0CCBF00BF807F0020014821F01E
:105F300001B800BF244D002070B52A4B1B78002B00
:105F40004ED0FFF7E5FF0446002846D1264B274DEB
:105F50001B68002B19DD27F092F84FF47A76A0FB2E
:105F6000063206FB0121D5E90020DB0B43EA414361
:105F70009B1A4FEAD13140F2E93261EB00019342C2
:105F800071F1000101D3FFF76BFFD5E9003213F582
:105F90007A7342F10002C5E900320CB3BDE87040EB
:105FA000FFF7C4BF6B685B7923B12B6821461B6880
:105FB000284698471035B542F4D32046FFF7AEFF88
:105FC000BFF35B8F0A4B53E8001F013943E800120F
:105FD000002AF8D1BFF35B8FB8E7064D064EEAE71B
:105FE000002070BD0FAE0020887F0020A856002042
:105FF0008C7F002090EE0300A0EE030070B50D4DE5
:10600000297861B90120FFF789FE0B4C0B4EB44291
:1060100006D3FFF791FF0028FBD101232B7070BD41
:1060200063685B791BB1236820469B6898471034EE
:10603000EDE700BF10AE002090EE0300A0EE0300DD
:1060400000212DE9F8430846FFF768FE044648B3EF
:1060500040F267684FF0000901F0E0FA1A4B1B4A62
:106060001B58136033B11A4B1B68092B02DD19480A
:106070001DF026F8184F002544B12046FFF7ECFD2F
:10608000044618B94FF0FF384FF0FF39FFF754FFBF
:10609000064628B9B5B90F4842464B461DF044F8AC
:1060A0003546E9E74FF0FF384FF0FF39D4E72B686A
:1060B0009B691BB100221146284698471035BD4206
:1060C000F5D3E8E7054DFAE708000000847F0020DB
:1060D0008C7F0020BC4E0020A0EE030090EE030059
:1060E00013B5184821F094FC174B1B7873B1EFF3EC
:1060F0001184202383F31288BFF36F8FFFF71CFFF7
:1061000084F31188BFF36F8F02B010BD0F4B1B6873
:10611000002BF9D050B900220023CDE900230C4810
:106120004FF4004200231EF09BF8EDE70928EBD165
:1061300007481EF0CDF8074802B0BDE810401CF03B
:10614000BFBF00BF8C7F002010AE0020847F0020E6
:10615000B0560020BC4E002010B5064B1B6804460C
:1061600098472146A060044820F02FFEBDE810406B
:10617000FFF7B6BFC4470020244D0020044A054B5A
:106180009B1AB1EBD30F34BF52F831000020704797
:10619000A0EC030090EE03002DE9F04F8FB004AFA8
:1061A000C1F34A26B8600D4690467B600C0D002E68
:1061B00061D04FF000090A234FF0040B07F1140AD5
:1061C000FE60C7E90799C7F824900093CDF808B09E
:1061D000CDF804A007F11C03F9684A464046FEF7D3
:1061E000E1FEB0F5006F03461CD36C468AB0D8F8C8
:1061F000041004AB2448C3E9050140F2FF71D961E2
:106200001A464FF400711984204B42F8103F204881
:106210004B464FF41251FFF7BFFFA5462C37BD4642
:10622000BDE8F08FC0F30A0604F11700184420F00F
:10623000070080083B60FFF763FE66F353250446C2
:1062400080B13B68134A00F11001C7E90839F961D0
:10625000CDE901AB0A230093F96807F11C0340461E
:10626000FEF7A0FE66F353257B68B9682A462046F0
:1062700021F00EFCD2E704F1170020F0070080089F
:10628000FFF73EFE0446EDE7C512040004000001DE
:1062900080ED0300637A03002DE9F04F87B0DDE95C
:1062A000127ADDE9106B0546884614469946BFB15F
:1062B0001021CDF800A03B465A460020CDF814A08E
:1062C000FEF7BCFCB0F5006F01460BD3194A1A4823
:1062D00040F2FF73022107B0BDE8F04F21F031BC5E
:1062E0003946384604F0070305F00704E40044EAA1
:1062F000831444EA402444EA065406F11700084493
:1063000020F0070080080391FFF7FAFD054640B131
:106310003FB10399CDF800A03B465A461030FEF736
:106320008DFC4B4622464146284607B0BDE8F04F5B
:1063300021F0AEBB0413040080ED0300406820B1DF
:10634000034BC01A40F3CF0070474FF0FF30704747
:10635000A0EC03000EB403B503AB014653F8042BC5
:106360000448019301F0E0FA02B05DF804EB03B0D9
:10637000704700BFA57B0300CA0605D48B064CBF3F
:1063800002490349FFF7E6BF704700BF3D13040011
:106390003C1304002DE9F04F89B09846159B0693F5
:1063A000DDE916A39DF85090189F059204460D460E
:1063B0000493B9F1000F00F0B08007F480730793E5
:1063C00021F044FB07F0020B0246002874D0784904
:1063D0002046FFF7BFFF0646BBF1000F08D017F0BD
:1063E000440F6BD173492A462046FFF7B3FF06449A
:1063F00007F0010353B1704B704953F82920704BDB
:106400002046002A08BF1A46FFF7A4FF07F480734E
:10641000002B07F0080318BF4FF00008002B79D0BD
:10642000684B694953F829202046FFF793FF05463A
:10643000059B2BB165491A462046FFF78BFF0544A3
:10644000B8F1000F05D0624942462046FFF782FFAF
:10645000054460483544069B1BB15F49224620F045
:10646000AAFA049B002B00F08E80DDF810803946DC
:10647000B8F1100F204628BF4FF01008FFF77CFF3F
:106480000026B54250DC002633461AF80320534953
:106490002046FFF75FFF0136102E4BD0710703D166
:1064A0004F492046FFF756FF46453346EDD34D4949
:1064B0002046FFF74FFFEEE706468DE74A4B186888
:1064C000002894D0494B4FF47A7B1B68B5FBF3F559
:1064D0004FF46163B5FBF0F100FB11550BFB05F5C3
:1064E0004FF03C0CB1FBF3F203FB1211B5FBF0FED5
:1064F000B1FBFCF300FB1E550CFB13110BFB05F568
:106500000091B5FBF0F53A49CDE901E52046FFF7EA
:1065100021FF6CE707F008058AE7B8F1010F0CBF0F
:106520002C4834484D4696E72D492046FFF712FF88
:106530000136A6E7304920460026FFF70BFF334619
:106540001AF803202D49A2F120035F2B28BF2E2229
:106550002046FFF7FFFE0136102E0DD0720703D143
:106560001F492046FFF7F6FEB0453346E8D81C49E0
:106570002046FFF7EFFEEEE7049BB3EB0803C244AF
:1065800004937FF472AFB9F1000F0AD0FB0704D572
:106590000B4A0A492046FFF7DDFE39462046FFF741
:1065A000EBFE204609B0BDE8F04F21F0EEBA00BF87
:1065B000441304004813040060F00300E3230400C4
:1065C0003F13040074F003006D1304007313040000
:1065D00077130400A57B0300297901007C130400D4
:1065E0008413040082130400987F0020947F00200D
:1065F00051130400DB7B030086130400881304009E
:1066000073B542F20F738B4228BF0B4605680F4AE1
:106610000446052168461FF009FB63680C495B6866
:1066200006460422284621F0A2FA636832466946EB
:1066300028465B6821F09BFA636806495B6817226D
:10664000284621F094FA02B070BD00BF99190400E9
:106650005F42040047420400074A002101239042A0
:1066600006D8064A01B901231360054B186070472C
:1066700040085B000121F2E740420F00947F0020B8
:10668000987F0020014B01221A70704711AE002044
:10669000014B002019607047B07F00200148FFF7D0
:1066A000AFBF00BFA4F0030010B5064B18680C463E
:1066B000FFF780FB21460346BDE8104002480E224A
:1066C000184700BFB07F0020A4F00300F8B5094DC3
:1066D000094B0A4ED5E9004701221A700CB92C600B
:1066E000F8BD214630463A4600F01EF8241A06440A
:1066F000F4E700BFA47F002012AE002013AE0020FC
:1067000010B9074B18707047064B1B781BB141F24C
:10671000883025F0C0BFA420002126F0D0BB00BFE8
:1067200011AE002012AE00202DE9F047DFF8809076
:10673000204E80460F46042599F80040ACB925F05C
:106740009DFF3A468246414620461CF04BF80446DF
:10675000504625F09BFFECB10123337099F80030CF
:106760007BB93C462046BDE8F0873A4641460020CA
:106770001CF038F80446EEE72846FFF7C1FF6C1E10
:10678000254600201CF0BEF80028EAD03378002B04
:10679000F2D1E6E7337833B1013D2846FFF7B0FF89
:1067A0003378002BC8D13378002BDAD0DAE700BF7A
:1067B00012AE002011AE0020014B03600020704794
:1067C000B4F0030070B5104B1C680D46B4B10F4B0C
:1067D000196800238B4202DB6FF0010070BD224676
:1067E00012F8106B864202D001331446F2E7E068DB
:1067F00025F06DFF28B12C600020EFE76FF00C0052
:10680000ECE76FF01200E9E7C8470020B4F003009E
:1068100010B588B0436802938368C068CDE903323D
:106820000A680023CDE906230C4601AA0449059312
:1068300025F0A0F8079808B9059B236008B010BDA3
:10684000017D030010B5DFF824C086B04FF4281492
:10685000CDE904C40824029404AC0194BDF820409E
:10686000009423F093FF06B010BD00BF180028006D
:106870002DE9F0410C4B1C6805460E4617467CB1CD
:1068800000F06AF963682046D3F8108032463B4630
:106890002946C047044600F069F92046BDE8F0816A
:1068A0006FF00104F9E700BFB47F0020002303600C
:1068B000044B5A6812B9C3E9000070471060586071
:1068C000704700BFB87F0020014B1860704700BFC1
:1068D000B47F002030B585B00023CDE902330546F2
:1068E000019000F039F9094B1C6844B9284600F0C2
:1068F000D5F8044600F03AF9204605B030BD63688B
:1069000020461B6801A998472468EEE7B87F00205D
:106910001FB5CDE90101039200F01EF9074B1C6879
:1069200024B900F023F9204604B010BD6368204666
:106930001B6801A998472468F2E700BFB87F0020D0
:10694000024B0022C3E90022704700BFB87F00203D
:10695000024B0022C3E90022FFF7F2BFC07F0020F4
:106960002DE9F74307460C4609B100230B601F4D84
:10697000DFF87C9000264D450FD31E4B1D6885B374
:1069800055F8188C01AA41463846183D21F02EFAD8
:1069900010B3D6B914BB2E461EE0D5F8008001AA6C
:1069A0004146384621F022FA50B116B954B92E4664
:1069B00006E031680022404621F018FA0028F5D19F
:1069C0001835D8E7019B2360F1E731680022404683
:1069D00021F00CFA0028DDD1AD69D0E7019B2360DE
:1069E000D9E7304603B0BDE8F08300BFA0EE030056
:1069F00030EF0300C07F00202DE9F04784B002AFE4
:106A00000446D7F8289078600D4616469846B9F1A6
:106A1000000F07D0D9F8001031BBD9F804A0BAF1A3
:106A2000000F28D1391D2046FFF79AFF08B3D0F890
:106A30000C907868434632462946C847C8B16D462F
:106A40008AB002AA124BD061C2E905344FF4007338
:106A50001384104B42F8103F0F4800234FF411519C
:106A6000FFF79AFBAD4604E03A1D21F0BFF900287C
:106A7000D3D1002007E0D9F8083000937868434666
:106A800032462946D0470837BD46BDE8F08700BFEB
:106A9000C21304000400000108EE03002DE9F047D2
:106AA000DFF8A890DFF8A8A080464FF00047002646
:106AB000284C3D464C450DD3DAF80040002C40D020
:106AC000183CB8F1000F24D1226952BBA469F5E744
:106AD0002F46EDE7B8F1000F03D122694AB9183407
:106AE000E8E720680022414621F080F90028F4D12F
:106AF000F5E76368BB4206DDAF4202D0AB42A8BFF8
:106B00002B461D46EBE7EAD19047002E08BF06460C
:106B1000E5E720680022414621F068F90028D3D13A
:106B2000D4E76368BB4206DDAF4202D0AB42A8BFE8
:106B30002B461D46CAE7C9D19047002E08BF06461E
:106B4000C4E7AF42C4D13046BDE8F08730EF030060
:106B5000C07F0020A0EE030003484FF0FF324FF04B
:106B6000FF331CF0B9B900BFF84D002001481CF0FC
:106B700025BA00BFF84D002038B5094DFFF7ECFFEE
:106B80002B785BB9FFF7E4FE00F068F8044608B91B
:106B900001232B70FFF7EAFF204638BD0024F9E7F8
:106BA00023AE00202DE9F043048F013499B006464E
:106BB0000F46A4B200F10808651EADB2B5F5004F4E
:106BC00047D04A2305AA2946404620F006FF04F58F
:106BD0007F543F34A4B28146214601230DF10B02BC
:106BE000404620F0FAFEB9F1000F014610DC002803
:106BF00010DC338FAB4209D132466B1E22F8383F8E
:106C00004FF4004102234046FEF7E2FE2C46D3E754
:106C1000002808DC2946404620F0DBFE214640469D
:106C200020F0D7FEE5E709F160030DEB030900232F
:106C300009F84C3C084A009703AB05A8CDF80C8036
:106C4000ADF81040FFF7D8FE0028DFD019B0BDE83E
:106C5000F0830020FAE700BF5D7E03007FB50123CB
:106C6000694605200193FFF7ADFD044660BB02AA0B
:106C700001A9052021F066F8044610B110F10C0FAF
:106C800022D10399B1F5803F23D2009A0023946862
:106C90001846084484421AD30133082BF9D10E4D0B
:106CA00069612B835368AB602846D368EB6321F09E
:106CB0006BF9044640B9094E6E602846FFF7F6FDB1
:106CC00028466E60FFF700FE204604B070BD9BB200
:106CD000E5E76FF02004F7E7C87F0020A4F1030088
:106CE00008B50348034A0021121A21F082F908BDB1
:106CF000E0500020B4AF00200748084A084908B512
:106D0000121A21F078F90748074A0849BDE80840F7
:106D1000121A21F070B900BFC0040020E05000201A
:106D2000F4450400B8040020C0040020EC45040031
:106D30002DE9F047064600AF0C46002936D0E9465B
:106D40008AB0D1E90012A3686D462148E8464FF0A9
:106D5000050ACDE90501CDE9072348F810AF1D4824
:106D6000424600234FF42151FFF716FACD46D4E9ED
:106D700003126369AD461848C5F810A0C5E90501BE
:106D8000C5E907231348002342464FF42151FFF77A
:106D900003FACD46E369114A0E48012120F0D1FEE5
:106DA000A3690F4A0B48012120F0CBFE012E07D129
:106DB000EFF305830B4A0748103B314620F0C1FE34
:106DC000214630461BF0CEFDBD46BDE8F08700BF32
:106DD000E7130400C0ED030016140400451404007A
:106DE000541404008214040030BFFFF7FDBF00BF3D
:106DF0002DE9F0410B4EDFF8308006EB0807CC1B85
:106E0000054632460949204627F0B2FBA019424602
:106E10000021083C27F0D3FBAC6707F10800BDE870
:106E2000F08100BF000000000800000030EF030008
:106E300010B5204C2049214821F0EAF8A36A9901B5
:106E400036D51E481E4921F0E3F81E20A36ADA0158
:106E500004D51A481B4921F0DBF81F20154CA36A02
:106E60001B0304D51548184921F0D2F82120A36A44
:106E7000590304D51148154921F0CAF822200D4CB8
:106E8000A36A9A0304D50D48114921F0C1F82320C3
:106E9000A36ADB0304D509480E4921F0B9F8242080
:106EA000044A936A6FEA03436FEA1343936210BD87
:106EB0001D20CBE700ED00E095140400C0ED0300B9
:106EC000AD140400C0140400DA140400F814040023
:106ED0001D1504003715040070B506460D46284CF4
:106EE0002849294821F094F8A36AD9043CD52648BA
:106EF000264921F08DF81720A36A1A0504D52248E7
:106F0000234921F085F818201D4CA36A9B0512D552
:106F10001D48204921F07CF8A36BA26A100409D512
:106F20001D4A1948012120F00CFE1EB1A36A23F46A
:106F30000043A3621920124CA36A590504D51248D4
:106F4000164921F065F81A20A36ADA050ED50E4815
:106F5000134921F05DF81B20094A936A43F47F43EB
:106F6000936200232B7070BD1620C5E7A36A9B04B3
:106F7000F2D505480B4921F04BF81C20ECE700BF87
:106F800000ED00E062150400C0ED03007815040078
:106F9000891504009C150400B5150400CA150400E9
:106FA000E5150400FD1504002DE9F84380468946E7
:106FB0001746354D3549364821F02AF8AB6ADE06CA
:106FC00027D53449324821F023F81124AB6A1D0734
:106FD00004D531492E4821F01BF812242A4DAB6A02
:106FE000980718D52D492A4821F012F86E6BAB6A24
:106FF000190646D52A4A26483346012120F0A1FD2C
:10700000B9F1000F03D0AB6A23F08003AB62132405
:1070100003E01024DAE76FF015061B4DAB6ADA07C0
:1070200004D520491A4820F0F3FF1424AB6A9B06CC
:1070300004D51D49164820F0EBFF1524124B9A6A1F
:10704000D50602D49A6A90070AD55B68190507D558
:107050004146304600F034FA10B180F3098802242A
:10706000094B9A6A920642BF5A6A22F400525A6247
:107070009A6A42F0FF029A6200233B702046BDE804
:10708000F8836FF01506C2E700ED00E02C1604004F
:10709000C0ED0300421604008915040075160400B3
:1070A0008D160400A3160400FD1504002DE9F0411F
:1070B000684B8AB0D3F8048000AF0446C8F30806D2
:1070C000002585F31188BFF36F8F02F07F43B3F182
:1070D0007F4F07D102F00C03082B12D15E495F48A5
:1070E00020F096FF00252C460023FB71F31E092B90
:1070F00000F28F80DFE803F00A8588818D8D8D8D09
:107100008D8B10074CBF0C460125EDE754495348C1
:10711000504E20F07DFF0023FB71F36A9A0705D5DE
:1071200050494E4820F074FF00232DE0F36A002BF5
:1071300001DA4D49F5E7F36A5B00F5D54B4947485D
:1071400020F066FF7369A26943F480737361BFF333
:107150004F8FBFF36F8F32F8023C726922F4807256
:107160007261BFF34F8FBFF36F8F03F47F42B2F5AD
:107170005F4F2BD1DBB2022B28D123683C4A374822
:10718000012120F0DEFC2368FA79DAB907F108065C
:1071900004F1200C20686168324603C2083464455B
:1071A0001646F7D17A6A002D50D0C2F3080121B9F2
:1071B0006FEA52226FEA42227A6207F1080118460A
:1071C000FFF7B6FD2837BD46BDE8F081214B9A6A2E
:1071D000D2B22AB1FA1D01212046FFF7E5FE0EE0EA
:1071E0009A6A12F47F4F04D0F91D0120FFF774FE54
:1071F00005E09B6AB3F5803F96D3FFF719FE03467F
:10720000C2E7FA1D0021E7E7F91D0020EEE7194962
:1072100087E7194A194B18F4F87FE8468AB008BF87
:1072200013466A461649CDE905134FF40073ADF8CD
:107230002030103E134B079642F8103F07480023BA
:107240004FF41151FEF7A8FFC5466DE76FF3080232
:10725000B2E700BF00ED00E0F0160400C0ED03004F
:107260001B170400321704005317040061170400B1
:10727000801704009C170400C2160400D7160400EF
:10728000C017040004000001044B5A6942F01002C8
:107290005A615A6922F008025A61704700ED00E015
:1072A000EFF30880EFF3098101B57246FFF7FEFEA8
:1072B00001BD00BF002080F31488BFF36F8F0F481B
:1072C00080F308881AF082FD00200D490860BFF3A2
:1072D0004F8F00F02BF8202080F3118809484FF4DD
:1072E0000461401880F30988EFF3148002210843F9
:1072F00080F31488BFF36F8F00F0B2F880FC002099
:1073000094ED00E0C0E200200749D1F8902000236E
:10731000C2F307221846934200DB7047C1F8983049
:10732000C1F8A0000133F6E700ED00E008B572B641
:10733000002383F31388FFF7E7FF144B4FF0FF326E
:10734000C3F88020C3F88420C3F88820C3F88C20B9
:10735000C3F89020C3F89420C3F89820C3F89C2069
:10736000C3F88021C3F88421C3F88821C3F88C2195
:10737000C3F89021C3F89421C3F89821C3F89C2145
:1073800062B6BFF34F8FBFF36F8F08BD00E100E01F
:107390001EF0040F0CBFEFF30880EFF30980816942
:1073A00011F8021C0229FFD001B5724620F025FE1B
:1073B00001BD00BF40B2002807DB044A4109012398
:1073C00000F01F00834042F82130704700E100E0E8
:1073D00040B200280CDB4309064900F01F002033AF
:1073E0000122824041F82320BFF34F8FBFF36F8FFC
:1073F000704700BF00E100E0054B420900F01F00AC
:1074000053F82220012303FA00F01040704700BF18
:1074100000E100E040B20028A8BF00F1604001F1A7
:107420000101B8BF064B4FEA4111ACBF00F5614006
:1074300000F00F00C9B2B4BF195480F800137047B0
:1074400014ED00E0044B054A23F07F039360BFF383
:107450004F8FBFF36F8F70470002010000ED00E017
:1074600008B5FFF7EFFF074AD2F8883023F470031E
:10747000C2F88830FFF734FCFFF73EFC00F0B0F8AC
:107480001BF096FB00ED00E042F8203C009B42F828
:107490001C3C0A49019B42F8183C029B42F8143CF0
:1074A00021F001014FF0807342F8043C42F8081CBF
:1074B0000023203A0265C367704700BF795301007B
:1074C000094A0346906870B113F1160F806E05D01B
:1074D000A0F14002934205D3834203D2814228BFE8
:1074E0000020704700207047049C002008B5154616
:1074F0000B4A0C4B9060826F1A600E4600F0A0F8A9
:107500002C4686F309880020034B9847204600212B
:1075100000220023014C20472780030079530100FB
:10752000049C002008800020014B10221A61704743
:1075300000ED00E0054B5A699B689A421FBF044A60
:10754000536843F080535360704700BF049C002091
:1075500000ED00E0084B9B6883420BD1EFF30583FD
:1075600043B1064B5A6842F080525A605A6A22F47C
:1075700000425A621CF08CBB049C002000ED00E02D
:1075800014498A684FF030001044EFF3098C80E80A
:10759000F01F202080F31288BFF36F8F0E4F4FF043
:1075A00000664A698A603E60906F0C4C2060D06F24
:1075B0000023D36780F3118804B5104600F040F82B
:1075C000BDE8044002F1300090E8F01F8CF3098818
:1075D00070470000049C002004ED00E008800020BB
:1075E000044800232021C2180133302B82F80013F5
:1075F000F9D1704700E100E008B5EFF30583064AD2
:10760000103B02EBC30152F8330049688847BDE8DC
:107610000840FFF78FBF00BF20E903000148006862
:107620007047000008800020024B034A03480121F4
:1076300000F08AB80050032000000020C0F10300D1
:10764000836E054A403B1360044B4021C2E901139D
:107650001046012100F082B80C80002000000B15BC
:1076600008B503461048D0F89020C2F30722013A2B
:10767000934207D90D480E4A012120F062FA6FF0BB
:10768000150008BDC0F898300A6822F01F021A439E
:1076900042F01002C0F89C208A6842F00102C0F853
:1076A000A0201846EDE700BF00ED00E0A0ED0300CC
:1076B000D7170400F0B50E4685B01F4604460025D6
:1076C000B5420DDA606810B397B1431E18420AD074
:1076D000104A11482B46012120F033FA6FF01502B1
:1076E000104605B0F0BD1F28F2D921680B42EFD13A
:1076F0002368019320F0BAFCA36801A90343D0B228
:107700000393FFF7ADFF10F1160FE7D0421C0135D0
:107710000C34D5E7FD170400A0ED0300044B05224F
:10772000C3F89420BFF34F8FBFF36F8F704700BF34
:1077300000ED00E0BFF35F8F024B0022C3F89420FE
:10774000704700BF00ED00E010B5034C0123227824
:10775000FFF7B0FF207010BD24AE002008B50B4A23
:1077600000231278FFF7A6FF10F1160F07D0084A82
:107770000021D2F89030C3F30723984200DB08BD04
:10778000C2F89800C2F8A0100130F2E724AE002041
:1077900000ED00E02DE9F0435D485E49D0F89030FF
:1077A0000C68C3F307239C4285B000F2AE80FFF75C
:1077B000C1FF49680022944201F10C011AD1564FD1
:1077C000564D3C706846FEF7F7FF554C554E8146C6
:1077D0004FF00008C14520D13B784D490020D1F839
:1077E0009020C2F307229342C0F28980FFF796FFF0
:1077F000002050E0C0F8982051F80C3C23F01F0303
:10780000134343F01003C0F89C3051F8043C43F09C
:107810000103C0F8A0300132CDE7009800EB081159
:107820004FEA081CCB682340B3F5000F49D00BD8B2
:10783000B3F5001F32D0B3F5800F37D0B3F5801FFA
:1078400014D008F10108C5E7B3F1007F42D0B3F1CD
:10785000805F48D0B3F1807FF3D150F80C30886856
:107860004A6820F003FC40F0887009E050F80C30C2
:1078700088684A6820F0FAFB40F0885040F43020D5
:10788000039001A93878CDE90123FFF7E9FE00282C
:1078900031DA6FF0150005B0BDE8F08350F80C3018
:1078A00088684A6820F0E2FB3043E9E750F80C3082
:1078B00088684A6820F0DAFB40F0007040F400303D
:1078C000DEE750F80C3088684A6820F0CFFB40F0C3
:1078D0008270D5E750F80C3088684A6820F0C6FB03
:1078E00040F48020CCE750F80C3088684A6820F0DB
:1078F000BDFB2843C4E73B7801333B70A1E7C1F8E7
:107900009830C1F8A000013369E74FF0FF30C2E7BB
:1079100000ED00E0CCF1030024AE002000000211D5
:107920000000F0FF00000811F0B587B007460E46D2
:1079300014460021102268461D4626F040FE022310
:107940008DF802302A46054B019321466846CDE961
:1079500004761EF0FBF907B0F0BD00BF8D80030078
:1079600008B5024B1B689847002008BD188000200E
:10797000034B044A1860937843F0020393707047F6
:1079800018800020E447002008B50649064821F089
:107990000701C1F1005202F554321EF0CBFF002066
:1079A00008BD00BF6F3A01201C80002003484FF043
:1079B000FF324FF0FF331BF08FBA00BFF4470020B7
:1079C00001481BF0FBBA00BFF447002038B505465C
:1079D000FFF7ECFF08482A4608211EF03AFF04464C
:1079E00028B925B1FFF71AFE044B0C221A50FFF7F5
:1079F000E7FF204638BD00BF1C8000200C000000BF
:107A000010B50446FFF7D2FF21460348FDF792F870
:107A1000BDE81040FFF7D4BF1C80002070B5A0FB6C
:107A2000015434B92846FFF7D1FF064640B9304625
:107A300070BDFFF7F3FD054B0C221A500026F6E748
:107A40002A46214626F0BBFDF1E700BF0C000000EE
:107A500070B54169867A0B4D044659B1437ADB070C
:107A600006D4242303FB0653DB691B689B689847F5
:107A7000002363612420214600FB0650BDE87040CE
:107A800025F01CB82C4F0020024B242202FB0030B2
:107A9000704700BF2C4F0020827A064B242101FB47
:107AA00002331A6A1B7D1B33801A23F00303B0FBD9
:107AB000F3F070472C4F002038B5074B827A24240E
:107AC00004FB0233DB69D3E901240C601568FFF77E
:107AD000E3FF04FB005038BD2C4F00202DE9F0439C
:107AE00085B005466846039190461C4625F0C9FAC4
:107AF000DDE90067EFF31189202383F31288BFF3D8
:107B00006F8F6B8A002B41D02A8A9A4225D9002296
:107B1000002328461BF0A2FA0446F0B189F311882D
:107B2000BFF36F8F039B002B41D032463B46684624
:107B300025F0CCFAA27A264B242101FB0233204601
:107B4000DB691B6803A91D68DDE90023A8476061A4
:107B500070BB2046FFF77CFF24E0698A4B1E6B82D6
:107B600089F31188BFF36F8F2B7D2A8A2C6A1B3310
:107B700023F00303521A02FB0344154B154AEB1A78
:107B80009B105343A3722B7DE372CBE789F31188DB
:107B9000BFF36F8F2346424628461BF05FFA044628
:107BA0000028BFD10024204605B0BDE8F083636102
:107BB000012300252381039B6382E27A65602946C5
:107BC00004F1180026F0FBFC63692582E360EAE714
:107BD0002C4F0020398EE33870B50D4C242500B9A8
:107BE00070BD037A4668002BFAD0013BDBB203720A
:107BF000002BF5D1C3604360837A05FB03439B6987
:107C000013B198473046EAE7FFF722FFFAE700BFD3
:107C10002C4F00200C4B0122C3F840254FF080432D
:107C20004FF08051C3F87825D1F83001082805D1EC
:107C3000D1F83411022908BFC3F838260122C3F84D
:107C400080250020704700BF00E0014048B1054B8F
:107C5000054A1B68B3FBF2F35843044B43F001039E
:107C600018477047904C002040420F00D0EF0300AF
:107C7000BFF34F8F0549064BCA6802F4E062134315
:107C8000CB60BFF34F8F00BFFDE700BF00ED00E00A
:107C90000400FA0508B5054A054B136010463C235D
:107CA00053601AF06FF9002008BD00BF2880002043
:107CB0003FC00F0038B504461BF020FF204620F0DF
:107CC000BBFAA06958B194F86C30DB0723D424F0D8
:107CD000FEFC68B9114A124801211FF029FF6FF01C
:107CE0001205201D20F0AFFA1BF01CFF284638BDFE
:107CF000204600F097FF05460028F2D101462422D5
:107D000004F1280026F05BFC94F86C3043F001038A
:107D100084F86C30E5E76FF07705E2E74D18040072
:107D200068EE030070B504461BF0E8FE204620F024
:107D300083FA94F86C30DA073CD5C3F340019B0713
:107D40003BD4A06923F0F4FB0646A06923F05FFC56
:107D5000054658B11A4A1B4801211FF0E9FE201DB3
:107D600020F071FA1BF0DEFE284670BDA36F4BB108
:107D70003146204620F0D6FB0546A0B1A06923F08D
:107D800072FCECE7A06923F0EAFBA0670028EFD1C2
:107D90000D4A0C4801211FF0CBFEA06923F063FCC3
:107DA0006FF00B05DBE794F86C3043F0020384F8C6
:107DB0006C30D4E74FF0FF35D1E76FF07705CEE7B1
:107DC0007018040068EE03008C18040038B5802198
:107DD0000446806923F0E6FB054678B1014620465B
:107DE00001F0B8FA044638B10648074A01211FF0ED
:107DF0009FFE2846FFF7F0FE204638BD6FF00B04CB
:107E0000FAE700BF48EE0300BB18040038B504468B
:107E1000806F20F07BF9054620F044F92046294682
:107E200001F098FA044638B10448054A01211FF0D0
:107E30007FFE2846FFF7D0FE204638BD48EE0300FF
:107E4000DE1804002DE9F04190F8283003F01F03FC
:107E5000012B04460F4600F128062FD0022B18D024
:107E60008BB394F82910204620F01DFA024678B30F
:107E7000304620F002FB1D4D002834D113693BB37E
:107E80003A463146204698470346FFF7C7FB2B503A
:107E900024E0818DC9B201F05FF905460028E0D0E9
:107EA000304620F0EAFA024668688368CAB99B68DF
:107EB00073B13A463146BDE8F0411847818DC9B2E9
:107EC00020F099FBE9E790F8291020F0ADFBE4E7FA
:107ED000FFF7A4FB054B6FF085021A500020BDE8A8
:107EE000F081DB68E4E7D368C9E700BF0C0000005D
:107EF0002DE9F04F0B7E33F0800895B004460D4617
:107F000016460AD0A74AA84801211FF011FE6FF0BB
:107F10000408404615B0BDE8F08F82B10846FFF76F
:107F20005BFE6B7EDF0704D49E07F2D52B7E002B11
:107F3000EFD1204615B0BDE8F04FFFF767BF4A7E8E
:107F400000F12809900705D5802B09D12846FFF7B5
:107F500043FEDEE7910700F06A84002B40F067845F
:107F6000D20734D52B8A082B0DD1EA681368A36297
:107F70005368C9F804302946002020F0EDF8054682
:107F800040B18A4A00E08A4A874801211FF0D0FDAB
:107F900000F031BC484620F070FAE28D70B9B2B101
:107FA0002946A06923F0EAFA0146002800F07A8405
:107FB000204615B0BDE8F04F01F0CCB93AB11146FA
:107FC000204620F017FC0546002800F06B84FFF7E0
:107FD00025FB94F82880774F002318F0600FC351D9
:107FE000C8F3411307D0032B40F0D681FFF716FBEF
:107FF0006FF0850338E0484620F03FFA94F82930C6
:10800000002840F06781013B0A2BEFD801A252F80B
:1080100023F000BFC1810100ED7F01004982010012
:10802000ED7F010041800100ED7F0100ED7F010047
:10803000ED7F0100BD800100ED7F01002D81010079
:10804000618D7F29D2D8A38D002BCFD1E38D002B5A
:10805000CCD118F01F0FC9D194F83030022B05D1C4
:10806000FFF7DCFA4FF0FF333B5083E0A069036970
:1080700093F880301B070DD5C9B220F037FA80463F
:1080800058B1638D4C4A484801211FF05AFD002D1C
:1080900073D13EE7012384F8393094F83030012B56
:1080A0000AD1638D43B984F83030FFF7B7FA3B58F3
:1080B000002B00F09A805DE00123F4E7204620F0D9
:1080C000C4F8628DFF2A014690D8E38D002B8DD134
:1080D00094F82830D80689D194F83030002BBFD0DE
:1080E0002AB1D2B2204620F058FA0028B8D0618DCB
:1080F00094F838308B42D8D0C9B2204600F014FF33
:10810000638D804630B12D4A0090012126481FF032
:1081100022FDBCE7002B14BF0222012284F830208C
:1081200005211A46204620F0B8FBBEE708F01F08DC
:10813000B8F1010F7FF45AAFE38D002B7FF456AFF7
:10814000628DFF2A3FF652AFA18DFF293FF64EAF59
:1081500094F83030022B83D1D2B2C9B2204620F03D
:10816000CCFA10F1020F804640F01B81FFF756FA5F
:1081700047F8008065B14FF000082846FFF72CFD56
:10818000B8F1000F7FF4C5AEFFF748FA3B5863B370
:10819000484620F072F90346A069002B00F0858361
:1081A00080218BE3FD18040048EE0300351904001C
:1081B0001E1904000C00000057190400791904006E
:1081C000E38D002B7FF412AF94F83030002B3FF496
:1081D00047AF012BA18D02D100297FF441AF18F0E8
:1081E0001F080CD0B8F1020F16D0E38D002B40F021
:1081F000F5822046FFF7EAFD0028C9D199E600295B
:108200007FF42EAF638D012BEFD194F86C3061F3C6
:10821000C30384F86C30E8E7B4F82AA0BAF1000F81
:10822000E3D15FFA81F84146204620F01CFB03466B
:10823000FFF7F4F93B50013300F0448352464146C6
:10824000204620F020F930E7E38D002B7FF4CEAEFE
:10825000628DA38D022A5FFA83FA11D108F01F08FC
:108260005AEA08087FF4C2AEA0690122190A20F078
:108270001AF900287FF4BAAE012384F8393014E7E4
:1082800094F8301000293FF4EBAE012902D1002B05
:108290007FF4E6AE18F01F0812D0B8F1020FA4D197
:1082A000002AA2D15146204620F0C8FA0346FFF723
:1082B000B5F93B50013300F0058301225146BFE779
:1082C000002B7FF4CDAE012A8FD194F86C3043F0AF
:1082D00008039EE70A2B3FF689AE01A252F823F06D
:1082E0000D830100ED7F0100ED7F0100ED7F0100B6
:1082F000ED7F0100ED7F010087830100ED7F01002C
:1083000059870100ED7F010083870100E38D022B77
:108310007FF46CAE94F83030002B3FF4A1AE012B0B
:10832000A18D02D100297FF49BAE18F01F0811D057
:10833000B8F1020F1CD04FF0000805F10C0A5046AE
:1083400020F093F8E38D984218D2FFF767F96FF0A9
:108350000B0389E600297FF483AE94F86C304FEA72
:10836000930808F00208C3F3001348EA0308E4E79F
:10837000C9B2204620F086FA8046DEE741465046E4
:108380001FF018FF91E6B4F82AA018F01F0F4FEA6B
:108390001A215FFA8AFA09D029462046FFF752FDD2
:1083A0008046B8F1000F7FF472AE7EE601390E29E7
:1083B0003FF61CAE01A353F821F000BFF983010082
:1083C00039840100EF840100ED7F0100ED7F0100A1
:1083D000E7840100E7840100ED7F0100ED7F0100EB
:1083E000ED7F0100ED7F0100ED7F0100ED7F0100D9
:1083F000ED7F01004B86010005F10C08404620F09E
:1084000034F883462046B4F82EA01FF01EFF20B19A
:1084100001287FF4EBAD616F00E0216F002900F0CF
:1084200055820A78DA4528BFDA46524528BF5246B7
:1084300040461FF0AEFE38E620461FF006FF0AF168
:10844000010A039001465FFA8AF2204620F07FF885
:10845000834630B9B94ABA48534601211FF071FB2F
:10846000C4E505F10C0AD0F8048050461FF0FDFF6A
:1084700098F80020824228BF0246414650461FF02D
:1084800088FEDBF80CB0BBF1000F09D1298AE38D1F
:1084900099427FF60AAEC91A50461FF095FE04E6CF
:1084A000DBF8040083681B6B13B9DBF800B0EAE764
:1084B000039998470028F8D0A0F1040858F8041F41
:1084C0000029F2D00A78002AEFD05046CDE90421E5
:1084D0001FF0CBFF049A0599904238BF82B25046F4
:1084E0001FF057FEEAE720461FF0AFFE7EE552463A
:1084F000032120461FF017FF824600283FF476AD87
:108500001FF0AEFFB4F82EB09AF81510C8B99AF85B
:1085100014808DF830808DF83110DAF8103005F1C4
:108520000C0A1B88ADF8323050461FF09EFFC34541
:108530005A4628BF4246824228BF02460CA95046EE
:1085400077E7804A8DF81D10DAF808100A407E4956
:1085500000238A428DF81C3066D1102108A823F030
:10856000EBFAB0F1000845DB0CA9B8F1100FDFF809
:10857000DCE10DF1200C4FF00003084628BF4FF05E
:108580001008984501F102013ED84FEA880808F129
:1085900002085FFA88F88DF81C80034605F10C0A82
:1085A000504604931FF061FFD84528BFD846804548
:1085B00028BF8046B8F1020FC34628BF4FF0020B18
:1085C0005A46A8EB0B0807A950461FF0E2FD4FEAF8
:1085D00058030393049B9B4603EB58025A452AD148
:1085E00018F0010F3FF461AD039A995C50461FF0FB
:1085F000D9FD5AE518F1580F7FF4F8AC544A5048A9
:1086000001211FF095FAF1E41CF8012B4FEA121A30
:1086100002F00F021EF80AA01EF8022001F802ACB8
:1086200001F8012C0133ACE79AF81480DAF8103025
:108630008DF81C80B2E71BF8011B5046CDE90423DE
:108640001FF0B8FDDDE90423C8E720461FF0FDFD5B
:1086500038B101282CD0FEF7E1FF6FF085033B50C5
:1086600023E5236F002B00F031815B88B3F5007F99
:10867000F1D9384B0C9300238DF83430E36C04F1BE
:108680004C0B9B4508BF0023BDF83210A3B15A7DA7
:108690000F2A08D11A7D0A44ADF832209DF8342003
:1086A00001328DF83420226D934203D01B68EBE732
:1086B000636FD7E7BDF83210039105F10C0A5046FD
:1086C0001FF0D3FEB4F82E800399884528BF884652
:1086D000804528BF80464246052A28BF05220CA9AE
:1086E000504603921FF055FD039AB8EB02083FF481
:1086F000DCACE36C5B453FF4D8AC002B3FF4D5AC6D
:108700005A7D0F2A14D11A7D19690393424528BF57
:10871000424650461FF03DFD039B1A7D424594BFE3
:10872000A8EB0208A8EB0808B8F1000F3FF4BDACB5
:10873000226D93423FF4B9AC1B68DEE79C1904003C
:1087400048EE030000FF0200000302006442040040
:10875000C2190400050F050094F83030002B3FF4D7
:108760007FACE38D012B7FF441AC05F10C08404652
:108770001FF07BFE00283FF4E8AD94F83810404627
:1087800035E708F01F08B8F1010F7FF469AC204607
:108790001FF0F1FE00283FF463ACB4F82CA0BAF14E
:1087A000FF0F3FF623AC43681B795345FFF41EAC23
:1087B0005FFA8AF30F2B3FF619ACE38D012B7FF4A0
:1087C00015AC05F10C0840461FF04FFE00283FF4A1
:1087D000BCAD04EB0A0393F83A10D0E748461FF00B
:1087E0004CFE18B92846FFF7F7F902E5294620465E
:1087F00000F0B0FD18B12846FFF7EEF9C8E4A06913
:10880000036993F8801011F004017FF492AB22F019
:10881000C9FE054600283FF4BBAC0146204600F0E7
:1088200099FD00283FF485AB2A4AFFF7ADBB5207FC
:108830007FF5AEAC002B3FF489AB2846FFF7CCF9AF
:1088400094F83930002B3FF464AB94F82930052BB1
:108850000CD1618DA069C9B21FF048FE064628B14F
:10886000638D1D4A1D4801211FF06BF994F82930D2
:10887000032B11D1638D022B0ED1A18DA0690D0A9E
:10888000002229461FF00FFE064628B1144A13485D
:108890002B4601211FF055F9002384F83930B046EA
:1088A000FFF737BB6FF00B0672E4E38D002B3FF44C
:1088B00077AC16F10C0118BF0121C90122F098FD17
:1088C000FFF737BB4FF0FF38FFF7E1BB6FF015083C
:1088D000FFF7DDBBE41904005719040048EE03005C
:1088E000081A04000B78062B10B414D10369D3F8CE
:1088F0009C20EFF31184202383F31288BFF36F8F42
:108900004B6800201860506A58B9C2E9083384F3F4
:108910001188BFF36F8F044810BC0022002323F09E
:10892000C1BF03605362F2E7844E002030B589B0C6
:1089300000220023CDE9062300246FF00703CDE9D0
:108940000334CDE901441A4B1A4900944FF4806274
:1089500019481AF019FF1949174824F0EFF9184B74
:1089600018498B4207D3184B184900208B4210D36B
:10897000002009B030BD03F11402BFF35B8F52E851
:10898000000F42E80045002DF9D1BFF35B8F18338B
:10899000E7E703F11402BFF35B8F52E8004F42E8B0
:1089A0000005002DF9D1BFF35B8F1833DEE700BF60
:1089B000298A010080C70020E85600202F1A0400F1
:1089C000C8500020E0500020E0500020E05000207F
:1089D00038B50D461FF0CFFD30B9114A1148BDE83A
:1089E000384001211FF0A4B8C46804B938BD2B7801
:1089F000032B05D0052B0ED0022B08D02468F4E7FA
:108A0000606883685B69002BF8D09847F6E7606878
:108A100083689B69F7E760688368DB69F3E700BFF9
:108A2000341A040058EE03002DE9F04385B04FF0EE
:108A3000200800AF4FF0FF3374484FF0FF32391D6C
:108A40001AF0E6F9FB681B69D3F89C40236A93B1DE
:108A5000EFF3118288F31288BFF36F8F256A2DB16F
:108A6000616A2B6823628D4208BF636282F31188BA
:108A7000BFF36F8FC5B93B79062BDBD0072BD9D855
:108A800001A252F823F000BF058B0100F98A010012
:108A90002D8B01000B8B0100638B01004F8B0100BC
:108AA000358A0100FD8B01002B7ED5F81E205E0665
:108AB000294620461DD1FFF71BFA06460028C5D0DF
:108AC000E9468AB02B7E6A465149CDE90735052330
:108AD000CDE9051042F8103F4E4800234FF42151D4
:108AE000FDF75AFB3246CD46072120461FF0D5FE42
:108AF000ACE71FF090FDE0E70022012120461FF0C7
:108B0000CCFE97E700221146F8E794F86C3043F06A
:108B1000040384F86C3094F83030022B03D1391DF3
:108B20002046FFF755FF00220321E7E794F86C3059
:108B300023F0040384F86C3094F83030022B03D116
:108B4000391D2046FFF744FF00220221D6E794F8A2
:108B50003030022B7FF46EAF391D2046FFF738FF0F
:108B600068E794F86C30A66923F0040384F86C304D
:108B7000D6F808903369BFF35B8FD3F8A030BFF30A
:108B80005B8F9A071ED5D9F83C3030469847D9F804
:108B90002430002130469847D9F840300546304609
:108BA000984795B11C4A1B4801211EF0C1FF0022C5
:108BB000042120461FF071FE002D3FF43BAF2A46F2
:108BC00007219BE74FF0FF35ECE72946204600F0F0
:108BD000ABF9054608B1114AE5E7A06922F001FDAD
:108BE000831E5842584194F86C3084F8305023F07A
:108BF000680343EA401384F86C30D8E7084A054814
:108C000001211EF095FFBA68062177E7844E002007
:108C1000631A040058EE03008D1A0400BB1A040006
:108C2000E71A040038B502460C490546806922F06F
:108C30003EFD044630B10A4A0A4801211EF078FF81
:108C4000204638BD85F83800284600F04FF8044625
:108C50000028F5D0A86922F05DFDF1E7E588010064
:108C6000F71A040058EE0300F8B501231D460C68FE
:108C7000002C35D063F07F02D6B202F07F021032B2
:108C800024FA02F7FF0716D5046824FA02F7FF0753
:108C900008D433461348144A01211EF052FF6FF0E6
:108CA0001500F8BD05FA02F224EA020404600C681B
:108CB00024EA02040C60DC40E6070ED5026822FAC2
:108CC00003F4E40700D4E5E705FA03F422EA04021A
:108CD00002600A6822EA04020A600133102BC6D13E
:108CE0000020DEE780EE03001E1B04002DE9F04F9C
:108CF0008369026F1B6993F88030C3F34113022B21
:108D00008FB083460ED0032B0ED0012B0CBF102347
:108D10000823D371DBF854800027B8F1000F05D188
:108D20004446D5E02023F4E74023F2E7D8F80430A6
:108D3000D8F80C5003930C9704977DB9049B039AC1
:108D400009339BB293701B0AD3701771D8F80C408B
:108D5000002C40F0D380D8F80080DDE76868836895
:108D60001B6B00240D94002B00F0B980214698471E
:108D7000002800F0B480C5E90344031F02933E4677
:108D8000029A52F8043F02920BB11A789AB9BE4285
:108D900040F2A280EB680D9A1343EB606868836829
:108DA0009B6A002B00F09D8098470446002800F045
:108DB0009B80594A80E05A780B2A08BF9E70029B1C
:108DC0001B685A78042A10D1EA680D990A43EA60B0
:108DD000DA78002A60D19E702B690122B2401343D9
:108DE00001362B61F6B200230D93029BD3F800905D
:108DF00099F80130052BC3D1DBF8183008936FF0D8
:108E000012044FF0010A99F8052099F8043043EA5A
:108E10000223ADF82E300C9B069399F90230069A86
:108E2000002B5FFA8AF1BBBF41F080014BB24FFAD1
:108E30008AF30793B9BF21F0800310330793534699
:108E4000DA40D2072FD40D9A059222FA03F3DB07FA
:108E500029D499F8063099F80320089800930DF169
:108E60002E03099122F039FA09990446D8B9079BD3
:108E700089F80210002BBCBF21F0800110310123C2
:108E80008B4006980599BDF82E20A9F804201943B7
:108E90001843CDE90C0173E7721E9A700DA90CA856
:108EA000FFF7E2FE9FE70AF1010ABAF1100FAAD11B
:108EB000002C3FF465AF194A194801211EF038FE15
:108EC000D8F804305B79174A154801211EF039FEA5
:108ED00020460FB0BDE8F08F6FF01504EBE73E467B
:108EE0005CE76FF0850464E7014668681FF063FB88
:108EF000049B2D680344049337461EE7E368A36090
:108F000004F10C010CA8FFF7AFFE08B924681FE7B5
:108F10006FF01504D4E700BF5F1B04003B1B040087
:108F200080EE0300831B04002DE9F04105460E4648
:108F30001FF08BF995F8383080463BB328461FF078
:108F40001AFB0746F8B1014628461FF084FB1022A1
:108F50000446002105F13A0025F031FB002385F895
:108F60003830FF6847B98CB1194A1A4801211EF000
:108F7000DFFD2046BDE8F081786883685B6A03B155
:108F800098473F68EEE76FF03C04EDE71EB985F8BF
:108F900038600024EDE73246414628461FF0D7FAF4
:108FA000074690B1024628461FF07FFB0446002882
:108FB000DFD185F83860FC68002CEAD060688368EF
:108FC0001B6A03B198472468F6E76FF03C04D0E7CA
:108FD000B01B040040EE0300F8B504460E46576887
:108FE00015461FF0ABFA94F86C30D9070BD5364A0A
:108FF000364801211EF09CFD6FF00F06201D1FF06A
:10900000A4FA3046F8BD012E07D1314A2F4801217C
:109010001EF08EFD6FF08506F0E7FB799A0607D506
:10902000A3691B6993F880309B0701D4294AEDE7B7
:10903000C6B9E36D53B9626DB2B9236F6A685B7CE0
:109040000133DBB25371226F537418E09D4207D194
:10905000214A1E4801211EF06BFD6FF01506CDE779
:109060001B68E7E71D4AD1E795421BD12A689BB9E7
:10907000A36D62659D4200D1A26500232B60A968A3
:10908000B9B120461FF069F9064670B1144A0F487D
:1090900001211EF04DFDB1E71A60A26D954208BF97
:1090A000A365EAE713461268C6E7A8681FF0D8F977
:1090B000B87100232B60A36D1BB9C4E915550026B8
:1090C0009CE71D60A565FAE7F21B040040EE030073
:1090D000141C0400CE1B0400421C04005F1C04008E
:1090E0007F1C040080B500AF88B06A46094BCDE90B
:1090F00005304FF40073ADF81C30074B42F8103FB9
:10910000064800234FF4E251FDF746F80020BD4623
:1091100080BD00BFB61C04000300000150EE030038
:1091200070B5054681B12846FFF7DCFF00242046D4
:1091300070BD636828461968F7F7FCF80028F6D078
:109140001834B442F5D3EEE7014C024EF9E700BF04
:10915000C8500020E050002070B501F07F0311F0EE
:10916000800F18BF103301259D4090F83030022B3E
:10917000044606D00C4A0D4801211EF0D9FC0020FF
:1091800070BD90F838601FF060F832460146204606
:109190001FF0DDF90028F2D0C0680028EFD0836806
:1091A0001D42EDD10068F8E7D41C040050EE030026
:1091B0002DE9F84305460846114616461F46FFF7B7
:1091C000AFFF0446002848D028461FF0EDF995F877
:1091D0006C30DA0705D5224A224801211EF0A8FC8E
:1091E0000AE0D4F8048004F11409BFF35B8F6369CB
:1091F000BFF35B8FDB0707D56FF00F04281D19F055
:10920000DDFE2046BDE8F883D8F804301BB19D424E
:1092100001D0154AE0E73A46314628461FF097F953
:10922000C0B10023236003698BB9C0E90344BFF3D5
:109230005B8F59E8003F43F0010349E80032002A00
:10924000F7D1BFF35B8F0024C8F80450D6E71C6049
:109250000461ECE76FF03C04D0E76FF01204D0E754
:10926000F21B040050EE0300F91C04002DE9F04F3E
:1092700083B000AF4C687B6097F830303B600E469F
:10928000814690461EF0E1FFA3681B6B014633B98F
:109290006FF0150420460C37BD46BDE8F08F204620
:1092A00098470028F4D0051F002406F10C0A55F851
:1092B000041F09B10B782BB9002C14BF00246FF0E8
:1092C0003C04E7E74B78042B0ED1002C3CD18B7883
:1092D0007A689342EBD1CB783A689342E7D10B7925
:1092E000002BD7D00124E2E7052BE0D1002CDED003
:1092F000B8F1010F91F802B009D0B8F1020FF1D125
:10930000D9F81800524659461FF05EFA04E0D9F821
:10931000180052461FF03CFA04460028E2D06D4681
:109320008AB0F3686A4609490990CDE907B3062374
:10933000CDE9051842F8103F054800234FF441518C
:10934000FCF72AFFAD46A5E70024A3E7391D04007A
:1093500078EE03002DE9F0410B7E0C4659060546D8
:1093600037D16BB31EF09AFF40B11B481B4A012155
:109370001EF0DEFB4FF0FF30BDE8F0812846D5F847
:109380007080268AEF8D1EF060FFF8B1421E5342B6
:1093900053419B01228A9AB1BE42E98D324628BFD1
:1093A0003A4691420CD9B2FBF3F103FB11223AB9D0
:1093B00094F91830002BBEBF637E43F00803637638
:1093C000A8692146BDE8F04122F06CB898F8073052
:1093D000E0E76FF01500CFE770EE0300751D0400A5
:1093E00070B50646EFF31181202383F31288BFF393
:1093F0006F8F1B4D2A6881F31188BFF36F8F5268FE
:1094000092F86C20D20705D4BDE8704021220023D9
:109410001AF0FEB8EFF3118283F31288BFF36F8F57
:109420002C682CB1696823682B608C4208BF6B6084
:1094300082F31188BFF36F8F44B1606804F10801B3
:10944000C36998470748214623F0DCF92B6833B1FC
:1094500030460022BDE8704000231AF0A5B870BD68
:1094600030800020B44D002030B585B0CDE9001229
:10947000054600221448002303A919F035FC0246D2
:10948000E8B9039BDDE900015D60083383E8030070
:10949000EFF31180202383F31288BFF36F8F039BB8
:1094A0001A600A4A516861B9C2E9003380F3118831
:1094B000BFF36F8F0648002200231AF075F805B03D
:1094C00030BD0B605360F1E7B44D002030800020C8
:1094D000C004002038B54B78046945682069202B0A
:1094E00008D0222B19D0FEF799F8114B6FF08502A6
:1094F0001A5010E0CB88072BF5D1D3681A68426068
:109500009A8802819B7983721FF0E8F9224608212C
:1095100028461FF0D0F9002038BD4B888381C3F363
:10952000400203F001030276437622460921EFE769
:109530000C00000008B513464A78212A14D133B92B
:10954000FEF76CF80B4B6FF00B021A500AE0CA885A
:1095500001690969072A28BF0722043103F10C00B9
:109560001EF017FE002008BDFEF758F8014B6FF003
:109570008502EAE70C00000073B504698DF8071056
:109580002025EFF3118685F31288BFF36F8F012238
:10959000E06B0DF107011DF0CAFE86F31188BFF3E1
:1095A0006F8F012810D023F0C3FBA8B10E4BBFF37F
:1095B0005B8F012253E8001F002903D143E80020FC
:1095C0000028F7D1BFF35B8F2122002304F148006C
:1095D00019F0EAFF02B070BDA37E002BE6D0002197
:1095E000212023F06CFCCCE73880002038B50569D9
:1095F0000E49EB6B0024C3E90144DC606B6B05F1A1
:109600004800C3E90144DC6023F03BFB05F178002E
:10961000074923F0E9FA074905F1240023F0E4FAA9
:1096200028461FF05BF9204638BD00BFCF8A0300F3
:10963000198E03006B8D03000E4B402970B528BFB7
:1096400040210D4C46181D46B04203F1020304D1DF
:10965000002305F81130074870BD02781209A25C9A
:1096600003F8022C10F8012B02F00F02A25C03F8A1
:10967000012CE9E743AE00208F42040030B50378A7
:109680008BB0044607AD032B21D8DFE803F0021AA4
:109690001C1E12492846F6F757FE05956378049379
:1096A000A3780393E378029323790193637900937A
:1096B000A3790B4A0B481E211CF0B8FA09480BB0DD
:1096C00030BD0949E6E70949E4E70949E2E7094A03
:1096D0000A2128461CF0AAFADFE700BFA81D0400F3
:1096E000CA1D040025AE0020AF1D0400B61D0400F5
:1096F000C01D04006B3A04002DE9F341254D0646D8
:1097000017469846BFF35B8F2B68BFF35B8FDA0772
:1097100023D538B9204A214801211EF009FA6FF0FB
:1097200001001BE001A91EF085FB02280446F6D1CA
:1097300002461B49304624F04AFF0028EFD1BFF310
:109740005B8F2B68BFF35B8FC3F3C0061B0708D585
:10975000144A124821461EF0EBF9002002B0BDE881
:10976000F081A5F1D404072221464046B8470628D7
:109770000AD80D4A094801211EF0DAF945F8D46CDF
:10978000E671C4F80360E8E70723B0FBF3F0E0718B
:10979000E3E700BF64060020F41D040038ED030079
:1097A000BD1D0400151E0400391E04002DE9F04300
:1097B00089B09D79DDF840905E791F7993F803C0F8
:1097C00093F802E093F801801B780C46B9F1000F82
:1097D00015D0CDE90639CDE904E81346CDE9027C80
:1097E000CDE900560D4A1CF021FA002813DBA042F7
:1097F0002CBF6FF01500002009B0BDE8F083CDE963
:109800000583CDE903CE1346CDE90167044A0095EF
:109810001CF00CFAE9E76FF01500EDE75E1E04009E
:10982000821E040010B5FDF7A7F9044628B1044ACA
:109830000346012103481EF084F9204610BD00BFF5
:10984000A31E040038ED030070B504468CB01E461C
:109850001546AAB129B10A4602A804211DF082FBCF
:1098600002A900912B462246242103A8FFF79EFF60
:1098700070B9109A314603A8FCF7FAFF0CB070BD1E
:109880000346054A242103A81CF0D0F92328F0D967
:109890006FF01500F2E700BFC81E040007B50B4BC0
:1098A0000B48DA79C2EBC202009200221146FFF7A0
:1098B000CBFF034638B1074A0748012103B05DF8E2
:1098C00004EB1EF03EB903B05DF804FB90050020E8
:1098D000BD1D0400CE1E040038ED030030B5044663
:1098E0008DB015469AB129B10A4602A804211DF08F
:1098F00039FB02A900912B462246242103A8FFF739
:1099000055FF60B903A81EF06DFA0DB030BD0346D7
:10991000044A242103A81CF089F92328F2D96FF006
:109920001500F2E7C81E040007B5009313460A4667
:1099300001460348FFF788FF03B05DF804FB00BF52
:10994000E83704000A4601460148FFF7C7BF00BFD9
:10995000E837040007B5009313460A46014603485A
:10996000FFF772FF03B05DF804FB00BFE2370400AD
:109970000A4601460148FFF7B1BF00BFE2370400C5
:1099800007B5009313460A4601460348FFF75CFFFC
:1099900003B05DF804FB00BF053704000A4601462A
:1099A0000148FFF79BBF00BF0537040007B5002241
:1099B0000346009103481146FFF746FF03B05DF8E8
:1099C00004FB00BFDA37040008B5024819F07CFD3B
:1099D000002008BD34490020F8B51E4DBFF35B8F51
:1099E0002B68BFF35B8F13F0010F2E462FD015F8B5
:1099F000CD3CA5F1D4078BB901F046FF044630B148
:109A0000154A164801211EF093F82046F8BDFB794F
:109A100023B901F049FF04460028F1D1BFF35B8F61
:109A20002B68BFF35B8F5A0701D400F02FFFBFF301
:109A30005B8F56E8003F23F4006246E800210029CE
:109A4000F7D1BFF35B8F1B0501D5FFF7BDFF0024E6
:109A5000DBE700BF64060020E91E040038ED0300C8
:109A600007B5009313460A4601460348FFF7ECFE8C
:109A700003B05DF804FB00BFAF3C04000A4601469A
:109A80000148FFF72BBF00BFAF3C040010B586B004
:109A9000094B0A4803930024CDE9044423F0EBF872
:109AA00003AB0093064905480A234FF4B06219F04E
:109AB00011FD204606B010BD1C1F04007057002089
:109AC000C0CB00200146014819F044BD705700206A
:109AD0000146014819F06EBD70570020014601484B
:109AE00023F09EB87057002030B50378012B11D0B9
:109AF000022B21D06BB9154B0A4603F1100453F821
:109B0000045B42F8045BA342F9D143881A0A8A70C5
:109B1000CB7030BD0D4B0A4603F1100453F8045BC3
:109B200042F8045BA342F9D143681A0C180E4A703C
:109B30000870C3F30722EAE700F11003013913F8B4
:109B4000012901F8012F9842F9D1E2E7A04204006F
:109B500010B51FF013FB23F0EBF8044608B919F019
:109B6000CDFFBFF35B8F064B1B68BFF35B8F0BB161
:109B70000A2098471CB9BDE8104019F0D3BF10BDAA
:109B80003C80002038B5044608481EF090FA05468F
:109B900048B1631EDBB21F2B96BF054A0021D15C82
:109BA0000C301EF0FFFA284638BD00BFE04F002001
:109BB000B04204000F2810B50CD80D280CD90A4863
:109BC0001EF075FA044618B104210C301EF0EAFAB2
:109BD000204610BD1328F2D009B10448F0E7BDE8D3
:109BE00010400220FFF7CEBF04500020744F002029
:109BF000C3681B78024A034802211FF056BB00BF0E
:109C0000341F040010ED0300F8B506460F4603F0BC
:109C1000F1F9044690B93946304608F055F8054642
:109C200000BB3946304606F073FC174B1B6823B166
:109C300053F80C4904B10C3CC3B9F8BD8378012B2F
:109C40004FF0000304BFD0F8A450C0F8A4304FF088
:109C5000130118BF1D461FF02BFE204602F070FDB9
:109C6000002DD8D0284621F074F9DAE79B6813B1AB
:109C70003946304698472CB1E26802B10C3A234687
:109C80001446D9E72246FAE7B480002038B5C56803
:109C90002B7893B9B5F801400F21204602F082FEDF
:109CA000EB78054650B90A4A118831B96FEA045079
:109CB0006FEA10501080074A137038BD03730121FA
:109CC00002F08EFD2846BDE8384002F039BD00BFE5
:109CD000CCA20020C4AE002070B5C3681D78BDB909
:109CE000B3F801600F21304602F05CFE044638B93B
:109CF000084A094833460121BDE870401FF0D5BA33
:109D0000294602F06DFD2046BDE8704002F018BD06
:109D100070BD00BF5C1F040010ED030010B5C368E8
:109D2000B3F801400121204602F03CFE38B9064A52
:109D3000064823460121BDE810401FF0B6BABDE831
:109D4000104002F0FDBC00BF821F040010ED0300B4
:109D500010B5C3681C880121204602F023FE38B9E3
:109D6000054A064823460121BDE810401FF09DBA70
:109D7000BDE8104002F0E4BC821F040010ED0300B7
:109D800010B501210C301EF03FFA0378034A044855
:109D9000BDE8104001211FF088BA00BFA61F0400D3
:109DA00010ED0300014610B508481EF084F908497B
:109DB000084822F035FF031E06DA074A0748BDE8C7
:109DC000104001211FF071BA10BD00BFC406002071
:109DD00054490020C0580020C81F040010ED0300A3
:109DE00010B586B003AB00240093074907480594DB
:109DF0004FF0FF334FF48062CDE9034419F06AFB62
:109E0000204606B010BD00BF80D1002018580020A9
:109E100010B5084C0146062294F86F0003F03CF997
:109E200038B994F86F000449BDE81040052203F0EA
:109E300033B910BD9005002075420400024A034862
:109E400001211FF021BA00BFE51F040010ED03003F
:109E5000B0B50B460D8A00AF04462946D868FFF717
:109E6000EBFB8AB06A46094BCDE9053440F2024368
:109E7000ADF82430064BCDE907504FF4325142F88B
:109E8000103F04481FF018FABD46B0BDFF1F040084
:109E90000500000110ED030070B5C568B5F801605C
:109EA0000121304602F07EFD044638B90D4A0E48C5
:109EB00033460121BDE870401FF0F7B92B783BB95C
:109EC000D5F80330C0F89930D5F80730C0F89D3088
:109ED000201D4FF480311FF0D9F92046BDE87040B5
:109EE00002F02EBC821F040010ED03002DE9F84F94
:109EF000D0F80C90018A99F80040A30001338B42FE
:109F000000AF63D96D468AB06A463248CDE9073161
:109F10000523CDE905044FF4215142F8103F2E48A6
:109F20001FF0CAF9AD46BD46BDE8F88F2B4A2A4856
:109F30002B4601211FF0B9F9013699F800309E42F5
:109F4000F1DA09EB86030F21B3F80150B3F803806F
:109F5000284602F027FD04460028E7D000F1C00A99
:109F6000B8F1000F06D0656945B91D4A1A480121AC
:109F70001FF08AF9204602F0E3FBDDE7A2692B68B7
:109F80006361954208BFA361204602F0FBFA19F015
:109F900097F8C5F800B0236AABB9C4E90755BFF319
:109FA0005B8F5AE8003F013B4AE80032002AF8D1B3
:109FB000BFF35B8F0021204608F1FF3802F0EEFA74
:109FC0001FFA88F8CCE71D602562E8E70026B34653
:109FD000B3E700BF2120040010ED03004C20040073
:109FE0006820040037B502EBC303044608469A42D2
:109FF00002D16FF05E0010E0114611F8085BA54237
:10A0000011D1038A5178994209D90848084A009425
:10A0100001211DF0A0FD6FF0150003B030BD5368A5
:10A0200098470020F9E70A46E1E700BF10ED03007A
:10A030007F2004002DE9F0470C4619F05FFDE5682C
:10A040002B78022B75D0042B0AD03E4A3E480121C2
:10A050001FF02BF92046FDF7BFFD6FF015040EE051
:10A06000B4F81080B8F1020F0ED8384A434636488B
:10A0700001211FF01AF92046FDF7AEFD002419F06A
:10A0800051FD2046BDE8F08768783E280CD1B8F134
:10A09000030F02D12E4A4346E9E7EB78012B01D0AA
:10A0A0000A2B46D1032704E01FF0DCF80746F80727
:10A0B0003FD504F10C0601213046D4F814A01EF05F
:10A0C0009BF8022130461EF09FF8814600783E281A
:10A0D00007D1E3681B78012B01D00A2B06D1032698
:10A0E00014E01FF0BFF8C10706460FD4194A1A49F9
:10A0F0001A4841F268131CF0BDFC002383F3118859
:10A10000BFF36F8F0323184602DF0226144A99F823
:10A110000000062321461FF00AF9B2070DD5636936
:10A12000A4F81080A5EB0A0513FA85F5E560BB07D6
:10A13000A4D52046FFF736FEA0E72046FDF74CFDEC
:10A14000F5E700BF4721040010ED0300A120040043
:10A15000BD200400DD200400112104002A21040098
:10A1600084F2030010B5012104460C301EF04CF8B7
:10A170002146034A0078BDE8104002231FF0D7B8FB
:10A18000B4F2030073B53E481DF0AAFF0446002850
:10A1900073D000F10C0528461EF03EF80228034655
:10A1A00003D0042847D0374A03E0238A032B05D87D
:10A1B000354A364801211FF078F813E0042128467B
:10A1C0001EF022F8FF23428806882376238AC6F3EE
:10A1D0000B009A42608309D02C48009201212C4A3E
:10A1E0001DF0B9FC2046FDF7F7FC12E00F2102F04C
:10A1F000D9FB054610B9638B264ADAE702F0F8FB73
:10A20000320B20762146284602F01EFA284602F03C
:10A2100097FA214BD3F834317BB32049204822F000
:10A22000FFFC031E29DA1F4A1848012102B0BDE8CD
:10A2300070401FF03AB8284602211DF0E5FF0546A0
:10A2400000783E2812D01FF00DF810F002060DD154
:10A25000154A1649164840F69A431CF00BFC86F343
:10A260001188BFF36F8F0323184602DF114A287845
:10A27000062321461FF05BF8B4E702B070BD00BFB3
:10A28000C4060020F02104005B21040010ED03004F
:10A290007C210400A02104009005002054490020E6
:10A2A000C0580020C81F0400DD200400C2210400A3
:10A2B0002A210400C4F2030010B5012104460C3029
:10A2C0001DF0A2FF2146034A0078BDE81040082394
:10A2D0001FF02DB8F4F20300F8B5012100AF0446D9
:10A2E0000C301DF091FF0678114A002321463046BC
:10A2F000FFF778FE5F3019D1258AE0682946FFF71D
:10A300009BF96C468AB06A460A4BCDE9053640F2A5
:10A310000243ADF82430084BCDE907504FF43251D9
:10A3200042F8103F05481EF0C7FFA546BD46F8BDE0
:10A3300034F30300042204000500000110ED0300C3
:10A340002DE9F74FDFF818A1BFF35B8F80468946F0
:10A35000174600235AE8004F4AE80032002AF9D194
:10A36000BFF35B8F264644B93E4A3F48434601212E
:10A3700003B0BDE8F04F1EF098BF2046FDF78CFB00
:10A380003A4D4FF00C0B0BFB0050438843451FD058
:10A390002046FDF781FB0BFB00504388344A0093B5
:10A3A0003148434601211DF0D6FBBFF35B8F5AE8CD
:10A3B000003F4AE80062002AF9D1BFF35B8F002B0F
:10A3C0004BD01E46304603B0BDE8F04FFDF704BC4D
:10A3D000A74208D020461DF065FE3A8AF96804F1CC
:10A3E0000C001DF0D6FE2046FDF756FB0C2707FBA0
:10A3F00000504368ABB1B9F1000F12D12046FDF710
:10A400004BFB07FB005001214268536803F01F001B
:10A41000814010685B0900EB8300137ACBB11EF01A
:10A4200035FF2046FDF738FB0C2707FB00508368FB
:10A43000002BC7D02046FDF72FFB784305F800908E
:10A440002046FDF729FB07FB0055A86818F038FEE9
:10A45000B8E7C9431EF033FFE3E703B0BDE8F08F70
:10A46000C00600203622040010ED030040800020CA
:10A470005E22040073B5C568B5F80160012130465D
:10A4800002F090FA044640B93E4A3F483346012163
:10A4900002B0BDE870401EF008BF2B781A2B00F107
:10A4A000040619D1C378012B50D14FF480413046B6
:10A4B0001EF0ECFE42040FD4D4F88C3000936946B1
:10A4C000D4F894300193204603F0DEF8204602B021
:10A4D000BDE8704002F034B92B78BBBBB5F803304F
:10A4E0002A4940F2E2425343C4F88830B5F80520C7
:10A4F000A4F89020B5F80720A4F89220A3F5EA521A
:10A500000C3A8A4204D9224A1F4802211EF0CDFE8D
:10A51000B4F89030B3F5FA7F04D31E4A1A480221EA
:10A520001EF0C3FEB4F89230A3F10A0292B240F6D4
:10A5300076418A4204D9184A134802211EF0B5FE1A
:10A540006FF4805130461EF0BAFE17E0BFF35B8F08
:10A550006368BFF35B8FDB04F2D52B78202BEFD140
:10A5600094F89830002BEBD0013B84F898304FF4EE
:10A570002032002304F1400019F016F8204602F0C2
:10A5800019FCA3E7821F040010ED030095F03C00C6
:10A5900091220400B8220400DF220400B0B53C2858
:10A5A00000AF04461AD101F05DFB6FF480711030EA
:10A5B0001EF085FE0020FFF72BFC054630B9124A3D
:10A5C000124801211EF060FEBD46B0BD047300219B
:10A5D00002F006F9284602F0B3F8F5E76D468AB0B6
:10A5E0006A460B4BCDE905300A4B079340F2013325
:10A5F000ADF82030084B42F8103F04484FF4125198
:10A600001EF05AFEAD46DFE70B23040010ED0300F9
:10A610002C2304003E13040004000001094BBFF387
:10A620005B8F1A68BFF35B8F02F00B02BFF35B8F87
:10A6300053E8001F43E800200028F9D1BFF35B8FE7
:10A64000704700BF6406002010B5C1E900239DF8E3
:10A6500008300B720C46FDF71FFA034B0C2202FB6D
:10A6600000335C6010BD00BF40800020F8B502469A
:10A670000B4610481DF01BFD0446C0B104210C30F0
:10A680001DF076FD2046FDF707FA0B4D0C2707FB62
:10A690000050002646802046FDF7FEF907FB0050DB
:10A6A00086602046FDF7F8F907FB00556E602046EE
:10A6B000F8BD00BFBC4F00204080002037B50C46DD
:10A6C0008DF8070000F0FF05A0B929B10B4907225A
:10A6D000204623F07CFF40B909490DF10702002014
:10A6E00007F05EFA002003B030BD21462846FFF790
:10A6F0008BFAF7E76FF01500F5E700BF7C42040026
:10A70000AF92030029289ABF014B185C09207047BB
:10A71000D042040070B5C368B3F801601D780F2102
:10A72000304602F03FF9044638B91A4A1A4833460F
:10A730000121BDE870401EF0B8BD65B12846FFF7A5
:10A74000E1FF29460246204602F0F2FB2046BDE822
:10A75000704001F0F5BF8378012B07D107F00EF9A7
:10A7600020461EF067FD002808BF05252846FFF794
:10A77000C9FF29460246204602F0DAFB002DE5D04B
:10A78000064A054801211EF07FFD052120461FF0E5
:10A790008FF8DBE75C1F040010ED03004823040082
:10A7A0002DE9F041C668B6F8017035780F213846BA
:10A7B00002F0F8F8044638B9204A21483B46012106
:10A7C000BDE8F0411EF071BD65B12846FFF79AFF64
:10A7D00029460246204602F0ABFB2046BDE8F04188
:10A7E00001F0AEBFF278C37A934205D1154A1448FE
:10A7F00002211EF05AFDF0E78378C272012B08D1C6
:10A800000AB107F0BBF820461EF014FD002808BF6F
:10A8100005252846FFF776FF29460246204602F026
:10A8200087FB002DD9D0084A054801211EF02CFDD8
:10A83000052120461FF03CF8CFE700BF5C1F040055
:10A8400010ED03006E2304004823040010B592B0FD
:10A8500004460749442201A823F08AFE102C9BBF1E
:10A8600012AB03EB8404034854F8440C12B010BD3F
:10A8700044EF03009D230400034B0146D3F84C0131
:10A8800082689268104700BF900500202DE9F047CC
:10A89000042100AF46481EF0F9FC6D4688B06A46B8
:10A8A000444B0593444B06934FF40073ADF81C30B2
:10A8B000424C434B42F8103F4248434E4FF4E6515E
:10A8C0001EF0FAFC414BE179AD462046012998BFC4
:10A8D0001E46FEF7D3FE8AB06A463D4B0790CDE98F
:10A8E00005363C4B08933C4B42F8103F35483B4EF5
:10A8F000DFF8EC804FF423511EF0DEFCA246AD469B
:10A900000125E3799D420AF1070A3ADB94F8705079
:10A910002846FFF79BFF6E468CB0B4F87210B4F86F
:10A9200076306A46DFF8BCC00993CDE907512E4B5B
:10A930004FF40075CDE905C0ADF828504FF45351E0
:10A9400042F8103F1F481EF0B7FCB54694F87160FE
:10A950003046FFF77BFF8AB0B4F874306A4623496B
:10A96000ADF82450CDE90763214BCDE9051042F83D
:10A97000103F14484FF433511EF09EFCBD46BDE815
:10A98000F0875046FEF77AFEE9468AB06A4640F202
:10A990000133CDE905650790ADF82030094842F84C
:10A9A000108F4FF413511EF087FC0135CD46A8E7F8
:10A9B00064060020A9230400BB23040090050020A6
:10A9C0000300000110ED0300A52304003E13040062
:10A9D000C62304000002010304000002D523040082
:10A9E00004000001E6230400060000012424040002
:10A9F0000500000108B50848C37933B9074A08487B
:10AA000003211EF041FC002008BD0821D4301EF0B7
:10AA10003DFCFFF73BFFF6E7900500204B240400C8
:10AA200010ED030000487047F00F04000149024890
:10AA300022F0F6B8444900201858002070B50546A9
:10AA40000C4639B1CB684A699B1A032B0ED86FF0BC
:10AA5000150509E04FF0FF304FF0FF31FFF706FE1C
:10AA6000044618B96FF06805284670BD2046FDF70A
:10AA700013F8174B0C2202FB0033A61803213046B3
:10AA80005D801DF0A8FB0580238A033B83700121B4
:10AA900030461DF0A8FB40F635439D420FD12046BD
:10AAA000FFF7EAFE05460028DED00A4A03460121E8
:10AAB00009481EF0FAFB2046FDF78EF8D4E7074858
:10AAC000214621F0F0FF0025FFF7B0FFCCE700BFE3
:10AAD000408000207824040010ED0300CC06002004
:10AAE0002DE9F04784B0804600AF91460C4671B91D
:10AAF0004FF0FF304FF0FF31FFF7B8FD044660B96B
:10AB00006FF0680528461037BD46BDE8F087887AA3
:10AB1000FCF7BAFF3C4B83426FD10122002138463B
:10AB200021F0DAFF2046FCF7B7FFDFF8E0A00C23A6
:10AB300003FB00A0876020461DF0E8FA014640466E
:10AB4000FFF77CFF054618B12046FDF745F8D9E729
:10AB50004FF4A0220023384618F0E6FA064690B1DA
:10AB60004FF4F1732A4A2B492B481BF083FF2B48E3
:10AB7000324641461BF07EFF85F31188BFF36F8F8D
:10AB80000323184602DF2046FCF786FF0C235843B8
:10AB90001AF800605EB36D468AB06A46204B07968D
:10ABA000CDE905381F4B089340F20243ADF824303D
:10ABB0001D4B42F8103F1D484FF432511EF07CFBF4
:10ABC0002046AD46093EFDF707F8092E0CD8DFE810
:10ABD00006F0050B0B08170B0B0B0B146FF06E0533
:10ABE00090E76FF00C058DE76FF004058AE7B9F187
:10ABF000000FA9D0C9F8004084E76FF0150581E780
:10AC00006FF00B057EE700BFBC4F002040800020A6
:10AC1000DD2004009A2404002A210400A324040057
:10AC2000E82404003E1304000500000110ED0300B9
:10AC300073B506460D4601AA002142F22F00FFF728
:10AC40004FFF044638B1154A154801211EF01CFB80
:10AC5000204602B070BD0198C368B3F8012032806D
:10AC6000B3F803302B80FCF7B7FF3388A3F11B0246
:10AC7000E02A04D90B4A0A4802211EF016FB2B8851
:10AC8000A3F5A47292B244F248118A42E0D9064A6E
:10AC9000034802211EF009FBDAE700BF0725040084
:10ACA00010ED0300272504004C2504002DE9F04F8A
:10ACB00085B05E4BB0F80190198849F4704291421A
:10ACC0004FF0000608BF1E80054608BF584B00AF76
:10ACD00008BF1E7800F0DCFCEB78012B08BF554B59
:10ACE00005F1040A50460CBF93F86F4000241EF093
:10ACF00041FA07F10808514668B340461EF02FFAA2
:10AD0000D5F81130C7F80130B5F81530A7F805307F
:10AD10004FF0010BEB78012B34D05046FEF7AEFC20
:10AD20006C4688B06A46444BCDE905304FF4007359
:10AD3000ADF81C30414B424842F8103F4FF4E2510D
:10AD40001EF0BAFA1321A54648461EF02BFB143715
:10AD5000BD46BDE8F08F20461EF090FC034600681B
:10AD6000B8609A889B796868A8F8042088F806304B
:10AD7000BAF804209AF8063095F804B03860BA8022
:10AD8000BB71C7E74046FFF743F804460028C4D02C
:10AD90000346B5F8012023F8702BB86898F8062010
:10ADA000B8F8041020679A719980B5F8173040F20E
:10ADB000E2425343C4F88830B5F81930A4F8903013
:10ADC000B5F81B30A4F89230EB78E3700022012B29
:10ADD00022731AD187F800B0BA88BB793868A4F812
:10ADE0007B2084F87D30C4F8770000F03BFF237AA5
:10ADF0001049C3EBC3035A18CB58C4F87E3093886C
:10AE0000A4F88230937984F884300721204601F039
:10AE1000E7FC26B126730121204601F0E1FC204623
:10AE200001F022FE204601F08BFC90E7CCA200202E
:10AE3000C4AE0020900500206F250400030000012F
:10AE400010ED030000B5C368187889B020B109B0CF
:10AE50005DF804EBFFF7A2BBB3F80120ADF80120C9
:10AE6000DA788DF800008DF80320B3F80B20ADF8E8
:10AE70001720B3F80D20ADF81920B3F80F20ADF866
:10AE80001B205A7C8DF81D20586801901A899B7AE6
:10AE90008DF80A30094BADF8082068461A689B887F
:10AEA000CDF80B20ADF80F30CDF81120ADF81530EE
:10AEB000FFF7FCFE09B05DF804FB00BF8942040007
:10AEC00010B5F5F7B1FB034B1B6813B1BDE810409B
:10AED000184710BD6480002073B52D4D0646D5F887
:10AEE0004C0121F0F4FB48B92A4A2B4801211EF0FD
:10AEF000CBF96FF01204204602B070BD6FF0020172
:10AF000005F1D4001EF0DBF901211EF0BFF9C307E3
:10AF10003AD4FEF787FC04460028ECD11F4B1E6094
:10AF20000122114605F5907021F0D6FD05F59E70C1
:10AF300021F08AFD1A4821F09EFE1A491848009413
:10AF40006FF007034FF4966218F0C4FA16491448DC
:10AF500021F0F4FED5F84C01144983681B6898472A
:10AF6000044630B1124A034601210B481EF09DF9F8
:10AF7000C1E726B902B0BDE87040F5F755BB05F151
:10AF8000C40018F0A1FAB6E76FF07704B3E700BF8A
:10AF900090050020EC26040010ED030064800020E2
:10AFA000C0580020C0D500200427040035A00100AF
:10AFB0000D270400F0B5C5682F88BCB287B0012109
:10AFC000204601F0EFFC064640B9284A28482346AF
:10AFD000012107B0BDE8F0401EF067B902ACD5F81A
:10AFE0000220D5F806300194698900911FF0A8FE6F
:10AFF00048B34FF0FF304FF0FF31FFF737FB054606
:10B0000048B91C4A1A4801211EF03EF9304601F0A9
:10B0100097FB07B0F0BD12210C301DF0B4F80346C9
:10B02000224623F8027B144603CC596006A98C42C1
:10B030001860224603F10803F5D1294642F21A00AE
:10B04000FFF7FCFCE2E74FF0FF304FF0FF31FFF776
:10B050000DFB04460028D4D002210C301DF093F8DB
:10B060002146078042F21B00EAE700BF821F04006E
:10B0700010ED03002927040073B5C368D9789A78C6
:10B080001E8842EA0122ADF8002059791A7942EA75
:10B090000122ADF80220D9799A7942EA0122ADF86D
:10B0A00004201A7A5B7AB4B242EA032301212046D3
:10B0B000ADF8063001F076FC054658B91D481E4A29
:10B0C000012123461EF0F1F8022120461EF0C8F9A6
:10B0D00002B070BD694601F0BFFE38B91E2120469E
:10B0E0001EF0BEF9284601F02BFBF1E74FF0FF30D0
:10B0F0004FF0FF31FFF7BAFA04460028F2D00E21D4
:10B100000C301DF040F800230680C0F80A30BDF86E
:10B1100000304380BDF802308380BDF80430C38026
:10B12000BDF806300381214642F22000FFF786FC7D
:10B13000D8E700BF10ED0300821F040038B50421DA
:10B1400004460C301DF060F8034640885D7818B165
:10B1500019782246FFF7F4F835B1044817F0B0FF2C
:10B16000BDE83840FFF762BC38BD00BFB006002024
:10B17000B0B50321044600AF0C301DF045F8E2687D
:10B180000346B0F80100117840F63542904216D1DE
:10B190006C468AB06A46104B1048CDE90531104B19
:10B1A000079340F20133ADF820300E4B42F8103FC8
:10B1B0004FF412511EF080F8A546BD46B0BD1D7873
:10B1C00010B12246FFF7BCF8002DF6D0064817F064
:10B1D00077FFFFF72BFCF0E74027040010ED03009A
:10B1E0003E13040004000001B006002038B518F03A
:10B1F00085FC2F4DD5F83C31002B56D00022002382
:10B2000005F5907017F090FF00284ED10022002322
:10B2100005F59E7017F022FF044668B9254A2649B5
:10B22000264840F6AA431BF025FC84F31188BFF39F
:10B230006F8F0323184602DFD5F830315BB1204A07
:10B24000204801211EF020F8D5F83001FCF7C4FC9D
:10B250000023C5F8303120461CF058FFC5F83001F6
:10B260002046FFF709FB0346C8B1174A15480121DC
:10B270001EF01BF8154817F023FF2046FCF70CFCC6
:10B28000134B0C2202FB0033588818B122461F21B1
:10B29000FFF756F82046FCF79FFCFFF7C7FBFFF7C8
:10B2A000C5FBBDE8384018F03DBC01F0EDFBF8E708
:10B2B00090050020DD200400281F04002A2104003E
:10B2C0007827040010ED030078240400B006002065
:10B2D0004080002070B54FF0FF320D464FF0FF3335
:10B2E00000210646FEF766FC044660B90A4A0B498F
:10B2F0000B481A231BF0BEFB84F31188BFF36F8F3A
:10B300000323184602DF022104F10C001CF03BFF6E
:10B3100006704570204670BDB4280400281F040044
:10B320002A210400F8B50A4DEF7906460024E3B25D
:10B330009F4202D86FF0010007E0294630461EF018
:10B34000CFF80735631C08B12046F8BD1C46EEE770
:10B350009005002037B504460D46B9B11649284678
:10B360001EF0BEF890B91548C4EBC4042946204429
:10B370001EF0C0F812481EF0C4F8430703D5FEF7CC
:10B3800023FB1DF08FFE002003B030BD68461DF08A
:10B39000D8FE0028F8D16846FFF7C4FF0028F5DA88
:10B3A000064BC4EBC400184469461EF0A3F8002DF8
:10B3B000E0D001462846DBE77C42040090050020EF
:10B3C0006406002070B51A4E06223146054623F069
:10B3D000FEF838B34FF0FF304FF0FF31FFF746F97A
:10B3E000044608B3062229460C301CF0D2FE214642
:10B3F000002242F20500FFF773FB044648B110F14A
:10B400000D0F04D10B4A0C4802211EF071F82046A2
:10B4100070BD33462A6843F86929AA88B2800122A0
:10B4200083F868200024F2E76FF06804EFE700BFBC
:10B43000F9050020EA28040018ED0300084BBFF3CB
:10B440005B8F53E800CF4CF4806C43E800C2002AC5
:10B45000F7D1BFF35B8F037A19430172704700BFC6
:10B4600064060020F7B5002104460222084601F0D8
:10B4700013FE064648B120460121FFF7DFFF3046A4
:10B4800003B0BDE8F04001F05BB93B4D01463B48DD
:10B4900000F0E2FB95F813317BB130461EF074F8F2
:10B4A00058B1374A022137481EF022F836480021A9
:10B4B00003B0BDE8F04000F0CFBB95F8132195F83C
:10B4C00012319A4218D1314A2E4802211EF010F84A
:10B4D0000022114642F22900FFF702FB10B12C4A6C
:10B4E0000121E0E795F81331013385F81331237A10
:10B4F00043F004032372D9E72246671C12F82E0B8F
:10B5000039461EF004F8064610B1224A01210EE029
:10B5100095F81331013385F81331237A43F004038E
:10B52000237295F8A7305B0708D41B4A02211548FF
:10B530001DF0DEFF01201EF027F8B7E73946684608
:10B540001DF0D8FF01234FF0FF304FF0FF318DF891
:10B550000730FFF78BF8044660B1082269460C30CB
:10B560001CF017FE3246214642F24E00FFF7B8FAB1
:10B570000028DFD0094AC9E790050020459603005E
:10B58000F928040018ED0300BB9503001E290400F0
:10B590004F2904006F2904008F290400B9290400F1
:10B5A00000212DE9F04102220446084601F074FD15
:10B5B000054640B120460221FFF740FF2846BDE87E
:10B5C000F04101F0BDB801462A4800F045FB28468D
:10B5D0001DF0DAFF284D064688B1284A03460121AE
:10B5E00027481CF0AEFA95F8133113B101201DF075
:10B5F000CBFFBDE8F0412348002100F02DBB95F8BA
:10B60000133195F812219A420CD2013B85F813317F
:10B61000237A1D4923F0040302462372022006F018
:10B62000E1FAE0E74FF0FF304FF0FF31FFF71EF88F
:10B6300004F10108074668B107210C301CF0A3FD96
:10B6400041461DF057FF3246394642F22800FFF7C7
:10B6500047FA28B10D4A0A4801211DF049FFC2E707
:10B6600095F81331013B85F81331237A23F0040355
:10B670002372B8E74596030090050020D429040002
:10B6800018ED0300BB95030073950300012A040025
:10B690000A4BBFF35B8F53E8002F22F4806143E82D
:10B6A00000100028F7D1BFF35B8F530504D5044980
:10B6B0000022022006F096BA704700BF6406002000
:10B6C000DB96030007B50023CDE9000304496A4671
:10B6D000022006F087FA019803B05DF804FB00BF72
:10B6E000E995030010B4034670B10A4991F812417C
:10B6F00091F813210CB1944208D2013281F8132140
:10B700001A7A42F004021A7210BC704710BCFFF79C
:10B71000A9BE00BF9005002010B4034698B10B4CA1
:10B7200094F8121194F8132129B101318A4203DCF3
:10B7300010BCFFF735BF12B1013A84F813211A7A11
:10B7400022F004021A7210BC704700BF900500205E
:10B7500070B5044611BB20B325491DF0C1FE00BBE6
:10B760002046FFF7DFFD00283BDA237853B9214854
:10B77000C279002A35D121461DF0BCFE0123C371D8
:10B78000104670BD012B04D1A37903F0C003C02B78
:10B7900007D0194A194801211DF0AAFE6FF01500C3
:10B7A000EFE7144DEB79012B1ED005F1D4001DF00D
:10B7B000A8FEC30707D4002CF0D00D4920461DF089
:10B7C0008FFE0028EAD1EE792146731C3046EB71DA
:10B7D000FFF7C0FD08B93046D3E7EB79013BEB71C9
:10B7E000CFE76FF07700CCE76FF00B00C9E700BF41
:10B7F0007C42040090050020262A040018ED030076
:10B800002DE9F341044640B91A4A1B4802211DF0B4
:10B810006FFE002002B0BDE8F08101AA002141F2D4
:10B820000900FFF75DF9054608B1144AEDE7019EEE
:10B830001349D6F80C8008F101070622384622F099
:10B84000C6FE28B10F490622384622F0C0FE18B9BC
:10B850003046FCF7C1F9DCE7D8F80130C4F8013014
:10B86000BB88A4F8053030462570FCF7B5F90120F7
:10B87000D0E700BF542A040018ED03006D2A04002D
:10B88000894204008342040007B56846FFF7B8FF09
:10B89000044BD87118B169460020FFF75BFD03B077
:10B8A0005DF804FB900500202DE9F041304EF17960
:10B8B00088B0002954D196F8C24014F0010411D187
:10B8C0002C4A2D4802211DF013FE0024F471162588
:10B8D00000240127F379E0B283422BD8002B3FD01C
:10B8E00000203AE06A464FF60940FFF7F9F808B140
:10B8F000224AE6E7DDF800C0DCF80C5095F801803C
:10B90000B8F1000F0ED0AB1C02AA123518685968A6
:10B91000174603C70833AB423A46F7D11868386078
:10B920009B88BB806046FCF757F9B8F1000FCDD17A
:10B93000134AC6E708AB05FB0033694653F8182CD9
:10B9400033F8143CCDF80120ADF805308DF80070C7
:10B95000FFF700FD01340028BCD008B0BDE8F0813D
:10B960000021084608B0BDE8F041FFF7F1BE00BF76
:10B97000900500208B2A040018ED0300B72A04006C
:10B98000D72A04002DE9F0411D460E46174603460E
:10B9900048B145B10A0311D54C0708D5284A2948B2
:10B9A00001211DF0A5FD6FF01500BDE8F0811DF02F
:10B9B00079FE0028F9D101232B70F6E7B10704784E
:10B9C00024D021492FB1B20603D591F8D8205006D2
:10B9D00032D5C4EBC40411F80480B8F1010F09D1C9
:10B9E0000134214418461DF055FE0028DDD185F8AC
:10B9F000008002E0B8F1000FF9D02FB1B30642BFCA
:10BA00002B7843F002032B700020CEE7720710D58D
:10BA10000D49C4EBC4040F5D012F07D1013421444B
:10BA20001DF038FE0028C0D12F70E7E7002FE5D1C8
:10BA3000FAE71DF037FEBEE76FF08500B5E700BFFF
:10BA4000002B040018ED0300900500202DE9F74FAE
:10BA5000884601904FF0FF314FF0FF30FEF706FEB1
:10BA6000044600284ED020210C301CF08CFB002115
:10BA700020220646002722F0A2FDD8F8005006F149
:10BA8000010B3946D8F804309F4208D30198317031
:10BA90000022214603B0BDE8F04FFFF721B86A78D5
:10BAA00095F800C0881C13181F2B5FFA80F915D970
:10BAB000BCF1090FC9F11F0201D1002A0CDC134AA5
:10BAC000134801211CF034F82046FCF785F86FF08C
:10BAD000150003B0BDE8F08F4FF0080C5FFA82FA52
:10BAE0000AF1010E0BF801E00131C9B258440BF81C
:10BAF00001C0D144696822F03BFD01375FFA89F14A
:10BB00000835BFE76FF06800E3E700BF252B0400AE
:10BB1000A8EC0300F8B545686A05064633D4046905
:10BB200014B115F003032ED0184F3078FB798342FF
:10BB300029D9C0EBC00016490722384422F047FD3E
:10BB4000A8B115F0030306D197F87020082A02D88F
:10BB5000B2689F2A17D915F0300F09D09CB1EB06B7
:10BB600008D405F46035B5F5603018BF0120F8BD84
:10BB7000002CF6D1D6E902239A4204D81F2A02D912
:10BB8000B3F5804FEDD90020F1E700BF900500200C
:10BB90007C420400F7B5CDE90001694642F2080095
:10BBA0009DF8207016461D46FFF750FF044668B901
:10BBB0007FB9BFF35B8F0C4B53E8001F41F00401CA
:10BBC00043E80012002AF7D1BFF35B8F204603B091
:10BBD000F0BD694642F20900CDE90065FFF736FF86
:10BBE0000028E6D00446F1E7B8050020F8B5044681
:10BBF000164B14F8097B83F86F7006460D46072232
:10BC00001349204622F0E3FC70B91249384601F08E
:10BC1000C5F9044610B96FF00B00F8BD052100F01E
:10BC2000DFFD2C600020F8E72146384601F0FCF9E2
:10BC300040B92146307801F0B1F904460028EAD035
:10BC40000621ECE76FF01500E7E700BF9005002044
:10BC50007C4204007542040003460148184700BFB7
:10BC6000A805002000487047A80500202DE9F04FE6
:10BC70008BB0D0F810A003930023BAEB0304054661
:10BC80008948059318BF01241DF048FD10F0040FEA
:10BC9000DFF814920E46934600F0E7802846FFF73F
:10BCA00039FF58B96FF01504002340F201119B458C
:10BCB00040F0E48020460BB0BDE8F08F28461DF030
:10BCC00008FD80460028EDD0A9F1AC001DF026FD4E
:10BCD000C30500F1CD8048461DF020FD470501D584
:10BCE000FFF7D6FC0023CDE90733CDF82330AB684E
:10BCF0006868ADF81830EB68ADF81A301DF0FFFC3D
:10BD00008DF82500BFF35B8F59E8003F23F4807363
:10BD100049E80032002AF7D1BFF35B8F634F2B78DD
:10BD20003B7687F86F30224669680DF11D0307F1F5
:10BD30001800FFF727FE04460028B5D12137BAF1D5
:10BD4000000F21D02B691A6849F8B32C9A88BA8061
:10BD50009B79BB716B689C0718D0BAF1000F1CD09F
:10BD600013F0100F0CBF012304238DF81C302B6936
:10BD70001A68CDF81E209A88ADF822209B798DF89C
:10BD800024304FF000080BE0494BDCE7980502D463
:10BD9000039B002B39D0022300E053468DF81C3062
:10BDA0004FF0FF304FF0FF31FEF760FC04460028F3
:10BDB00061D00F2206A90C301CF0EBF921460022BD
:10BDC00042F20600FEF78CFE044600287FF46CAFBA
:10BDD000BAF1000F1DD06B68990726D135480121B3
:10BDE0001DF0BDFC044640B3334A344801211BF02A
:10BDF0009FFE059D002D3FF457AF2846002100F01F
:10BE0000EFFC284600F09CFC4EE703238DF81C3025
:10BE1000B7E7149B039ACDF8008059463046FFF7E8
:10BE2000B9FE04460028D6D03EE7224805A9FFF710
:10BE3000DDFE04460028D1D036E7059808B100F0B1
:10BE40007FFC6A681E4812F0030218BF0122092114
:10BE50001DF06AFC42460A211DF066FC2A790C217D
:10BE6000C2F380021DF060FC1EE76FF00A041BE7BE
:10BE70006FF0770418E76FF0680415E732888A429C
:10BE800004D1726812B11278D20702D40133083695
:10BE90000DE70C490C4820F0F4FE4FF4702200230B
:10BEA000094817F0B5FB05E764060020900500205F
:10BEB0007C420400A80500203E2B0400A8EC0300EF
:10BEC000B805002049BF0100C005002010B5184882
:10BED0001DF06DFC17481DF021FC0346DA05C0F388
:10BEE000002023D513481DF019FC830515D51249F0
:10BEF0001248072222F06BFB11490346087E93B9D2
:10BF00001049052201F0C8F8044630B10021017340
:10BF100000F066FC204600F013FCBDE81040044829
:10BF200000211DF01CBC06222131EBE710BD00BF33
:10BF3000A8050020B80500207C420400B1050020BF
:10BF4000900500207542040010B5FFF7BFFF0346BF
:10BF500030B1044A0448BDE8104002211BF0F1BD95
:10BF600010BD00BF592B0400A8EC030070B59AB0B7
:10BF70001422002104A822F022FB47F21213ADF88C
:10BF80000C304FF48073ADF80E303B4B44F201029D
:10BF900001A903A8CDE9052318F05EFC034638B3D8
:10BFA000364A374801211BF0CCFD1F25354BBFF326
:10BFB0005B8F53E8001F21F0010143E80012002AC3
:10BFC000F7D1BFF35B8F304E17F098FD346804B1A2
:10BFD000043C002D2D4D18BF0025002C45D02368B2
:10BFE0000BB1284698476468002C3ED0043CF6E725
:10BFF00002AB0198412209A921F03EFB034608B19A
:10C00000234ACEE7234A0DF125030DF1650153F8CC
:10C01000040B42F8040B8B42F9D102AB1E49019884
:10C02000202221F0D1FA034608B11C4AB9E7019851
:10C0300021F082FA054610B1194A0346B1E71549C5
:10C0400012481DF0B7FB174820311DF0B3FBBFF3BA
:10C050005B8F154B53E8001F41F0100143E80012BD
:10C06000002AF7D1BFF35B8FA0E70023C6E90033B6
:10C0700017F058FD1AB070BD000002097F2B0400B4
:10C0800000ED0300688000207080002025AF0020B4
:10C090009D2B0400E5AE0020C5AE0020C02B04009F
:10C0A000E42B040045AF00206406002030B5A7B0A3
:10C0B0001422002108A822F082FA04233D22002144
:10C0C00016A8159322F07BFA47F21213ADF81C3034
:10C0D0004FF48073ADF81E302B4B2C4944F2010213
:10C0E000CDE9092307A805AB202221F0EFFA03468A
:10C0F00000B3274A274801211BF023FD6FF00404F9
:10C1000017F0FCFC244B1D6885B100201860234B00
:10C11000BFF35B8F53E8001F21F0020143E80012D8
:10C12000002AF7D1BFF35B8F44B3A84717F0FAFC9E
:10C1300027B030BD1A4B0DF1550203F140001946EE
:10C1400053F8044B42F8044B8342F9D106AB0293F7
:10C150002023CDE900130C480599412315AA21F0AD
:10C1600009FC034608B10F4AC4E7059821F0E4F939
:10C1700004460028C4D00C4A0346BBE70DA8084972
:10C180001DF018FB0DA8D0E700000209C5AE002085
:10C19000042C040000ED03006C8000206880002067
:10C1A000E5AE00203A2C0400562C040008B50449E2
:10C1B000402222F00CFAB0FA80F0400908BD00BF1E
:10C1C000FA42040010B598B004461422002102A8D7
:10C1D00022F0F5F944F21213ADF804304FF48073F5
:10C1E000ADF80630154B4FF48042CDE903232146CC
:10C1F00004230DF11D008DF81C301DF0DBFA04F155
:10C2000020010DF13D001DF0D5FA6B46412207A932
:10C2100001A821F05BFA044601A821F0D1FC2CB959
:10C22000009821F089F9012018B010BD0448054A92
:10C23000234601211BF085FC0020F5E700000209E0
:10C2400000ED0300732C040010B500283FD0234AF2
:10C25000136823B1043B98423CD05B68F9E7204B5C
:10C26000BFF35B8F1968BFF35B8F890707D51D4844
:10C270001D4A02211BF05CFC6FF00F0010BD14681A
:10C280004460011D5068116000B95160BFF35B8FBD
:10C2900053E8002F42F0010143E800100028F7D1D5
:10C2A000BFF35B8FD30701D50020E7E70F4BBFF348
:10C2B0005B8F53E8001F21F0100143E80012002AB1
:10C2C000F7D1BFF35B8F0A48FDF708FCECE76FF08E
:10C2D0001500D3E76FF07700D0E700BF7080002033
:10C2E0006880002000ED0300972C04006406002005
:10C2F00074490020054BBFF35B8F1B68BFF35B8F56
:10C3000013F0100F024808BF002070476406002099
:10C3100025AF002070B505461E4803688B4232D019
:10C32000BFF35B8F1C4B1B68BFF35B8FDA062DD509
:10C33000036813B16FF00F0070BD184ABFF35B8F35
:10C340001368BFF35B8FDB07F4D4BFF35B8F52E856
:10C35000003F43F0020442E80046002EF7D1BFF34D
:10C360005B8F13F00204E5D101600D4829461DF0F2
:10C3700021FA0C4805F120011DF01CFA0A48FDF7CE
:10C38000ADFB2046D8E76FF07700D5E76FF07C0073
:10C39000D2E700BF6C800020640600206880002087
:10C3A000E5AE002005AF00206449002070B50C4BBD
:10C3B0001C68054644B154F81C3C1C3C13B1297B55
:10C3C00028469847E469F5E7064C074EB44200D387
:10C3D00070BD236813B1297B284698472034F5E7C0
:10C3E000AC80002050EC030090EC030010B5044634
:10C3F000FBF752FB044901EB001120461CF0FBFE49
:10C40000BDE81040FEF712BB7880002070B5D1E97E
:10C41000015600220446C1E90122064820F043FBF0
:10C420003DB1314620462B466FF06D02BDE87040AD
:10C43000184770BD144F002013B54FF480610446B7
:10C4400004301DF0DDF941053AD4BFF35B8F63681A
:10C45000BFF35B8FDA0326D5E37823B9194A1A486C
:10C4600002211DF0CBF9637B072B29D1174B93F8E1
:10C47000D8309B0624D51CF068FF08B30DF10601E7
:10C4800001A8FEF7D5FBD8B9BDF80620BDF8041009
:10C4900020461CF0C6FF034690B10D4A0A48012110
:10C4A0001DF0ACF90CE020461CF0A0FF034620B1C3
:10C4B000084A054801211DF0A1F9637B072BCBD069
:10C4C00002B010BDE62C0400C0EC03009005002073
:10C4D000FF2C0400C52C040070B505460F4800224F
:10C4E000002316F021FEB8B90D4B1C6834B154F886
:10C4F000143C1C3C03B19847E469F7E7094C0A4E29
:10C50000B44204D32846BDE8704016F0DDBFA368EE
:10C5100003B198472034F3E770BD00BFDC4E002024
:10C52000AC80002050EC030090EC03002DE9F041BA
:10C53000044620270025EFF3118287F31288BFF30A
:10C540006F8FE16929B1206A0B68E361814208BFFE
:10C55000236282F31188BFF36F8F71B1D1E9016853
:10C560000748C1E9015520F09EFA1EB1002241465C
:10C570002046B047FEF75AFADDE7BDE8F08100BF7C
:10C58000144F00200448B0F8FC30002B00F58070F8
:10C5900008BF0020704700BF9005002030B504465A
:10C5A000FBF73CF80D4A0D460D490858D2F88810A3
:10C5B000884289B005D1204609B0BDE83040FFF778
:10C5C000B5BF24342146104620F02AFB1DB1694630
:10C5D000204620F035FB09B030BD00BFF0620020DE
:10C5E0000800000038B5002204468A4202D1002427
:10C5F000204638BD04F1C8030120BFF35B8F53E828
:10C60000005F002D04D143E8000CBCF1000FF6D10F
:10C61000BFF35B8F02D0D0340244E6E7002CE6D0B3
:10C62000C8220021204621F0CAFF04F1400004493D
:10C6300020F027FB034904F1240020F0D5FAD7E7C6
:10C6400049D101002B980300F7B516460D4601218C
:10C650000446FFF7A3FF012E23D0022E52D12369F7
:10C660003BB13148314A01211BF062FA20461DF0EE
:10C67000FAF8256121690B8A012B53D9CA681288FF
:10C68000043292B293424DD343D9274800920121FC
:10C69000274A1BF060FA204603B0BDE8F0401DF0C9
:10C6A000E2B8206940B9234A1F4831461BF040FADE
:10C6B00020461DF0D8F801E02A8A2AB9284603B09E
:10C6C000BDE8F040FBF788BA018A438A47695B1AE4
:10C6D000C168C91B5B1A9A420CD9174A12483146E5
:10C6E0001BF026FA21690022204600F0A1FF00235A
:10C6F0002361E3E7E9680C301BF04BFD2846FBF7AC
:10C700006BFAB7E70D4A0848334601211DF076F869
:10C71000CEE7002301222046236103B0BDE8F040AC
:10C7200000F086BF03B0F0BDC0EC03001B2D040079
:10C730009B2D0400382D0400562D04007D2D04008F
:10C7400008B500F1C803BFF35B8F53E8002F013A2F
:10C7500043E800210029F8D1BFF35B8FAAB90B4B46
:10C76000984212D303F1D00290420ED2C01AD023C5
:10C77000B0FBF3F203FB120038B9054816F0A0FC39
:10C78000BDE80840034816F09FBE08BD6859002068
:10C79000DC4E00209449002010B504461DF06CF8D2
:10C7A00017F0ACF90C4BD3F8143104F1BC0143B9C8
:10C7B0000A481DF009F817F0B5F9BDE81040FEF77A
:10C7C00035B9994201D01B68F1E717F0ABF9204663
:10C7D000FFF7B6FFF1E700BF90050020A406002098
:10C7E000F8B5467B8E4200AF04460D461BD1082E9D
:10C7F00096BF534B534B53F826306C4688B06A466D
:10C800005149CDE905134FF40073ADF81C304F4B7F
:10C8100042F8103F4E4800234FF4E451F9F7BCFCB6
:10C82000A546BD46F8BD41730EB91DF025F8637BE2
:10C83000082B00F2818001A252F823F089C8010080
:10C84000DFC8010023C8010023C8010023C801007C
:10C8500023C8010023C8010061C8010023C80100EA
:10C860000023C4E90D33E378012BDAD1A378012B3F
:10C8700004BF032384F898304FF42032002304F1DE
:10C88000400016F091FECCE7082ECAD8DFE806F08B
:10C890002005171C1C1C1720200004F14005284609
:10C8A00020F0FBF901212046FFF778FE20461CF01E
:10C8B000DAFF00220023284616F0AAFEB1E7237B08
:10C8C00013B12046FFF772FD2046FFF739FFA8E7B6
:10C8D000204A2B461E4802211CF090FFA1E7237B33
:10C8E0003E2B0FD16D4688B06A461B4BCDE905340F
:10C8F000032342F8103F164800234FF4C451F9F7C0
:10C900004BFCAD46154D05F58076616911B9FEF712
:10C910008DF886E7A2690B686361914208BFA36145
:10C920002046FFF773FDB5F8FC30002B14BF3046EE
:10C93000002016F0C5FBE8E7094A2B46CAE700BF0E
:10C9400048F30300B62D0400C02D040003000001CD
:10C95000C0EC0300D12D0400E82D04009005002058
:10C960000F2E0400F8B5074609480D4616461CF080
:10C9700083FF044650B183781F4203D1BDE8F840DD
:10C98000FFF7DEBE3146A8472046F7E7F8BD00BFF7
:10C9900068590020024900220120FFF7E3BF00BFD1
:10C9A0001F98030070B505460E480E461CF064FF44
:10C9B0000446A0B1437B012B02D0073B012B0CD8CE
:10C9C0002388AB4208D1A3781E4209D1064A074802
:10C9D0002B4602211CF012FF2046FFF7B1FE002477
:10C9E000204670BD685900202B2E0400C0EC0300C7
:10C9F000034BC01A034B00115843C0B2704700BF2D
:10CA000068590020C54EECC470B51C461443054659
:10CA10000E460DD00F49FAF701FED1F888400E49B5
:10CA200009588C4206D10D4A0D4802211BF080F8AE
:10CA3000002213460B49002D14BF284608461BF060
:10CA400036FB044618B1711D0C301BF091FB2046DB
:10CA500070BD00BFF062002008000000422E0400FC
:10CA6000C0EC03002C4F002010B50446054816F01A
:10CA70002BFD204600F022FD2046BDE81040FFF7C8
:10CA800095BC00BF844900202DE9F04F87B000AF6E
:10CA90000023FB607B61BF4B5A8A3AB1BE4DD5F88B
:10CAA00014413CB91C37BD46BDE8F08F1B68002B14
:10CAB000F4D1F7E754F8BC3903B1BC3BB7490026C1
:10CAC00001E01C461346B5F8FC20002A00F05F8107
:10CAD000D5F808214AB904F1BC06002BE2D0D3F8FE
:10CAE000BC20002AEDD0BC3AEBE70A68002AF2D05D
:10CAF000D4F8A820002AEED0D4F8AC20002AEAD03E
:10CB0000D4F8B020002AE6D0637B072B6CD12046F6
:10CB10009047002868D0BFF35B8FD4F8C030BFF3D4
:10CB20005B8F022B60DC20461CF0A6FE044600282A
:10CB3000B8D0637B072B40F02781D4F8A830B5F834
:10CB4000FC1007F11002204698478146002800F0AB
:10CB50000E81B5F8FC203B699A4208D30146D4F80F
:10CB6000AC6007F1140307F10C022046B0477B6963
:10CB70003B60B9F81030D7F80C80002B00F0FE8035
:10CB80004846D7F810A01CF04CFB7860002840F015
:10CB9000F880B5F8FC30DFF808B2002B14BF584617
:10CBA00000200022002316F0BFFA78B97B4800224B
:10CBB000002316F053FA064600283BD1B5F8FC30A6
:10CBC000002B18BF5E46304616F07AFA6FF00B0560
:10CBD0004846FBF701F8B8F1000F00F0B380396860
:10CBE0002A462046C047ADE0D4F8BC3004F1BC0270
:10CBF000C6B9D5F81811C5F814318A4201D1C5F863
:10CC000018310023C4F8BC302046D4F8B03098471F
:10CC100000288ED0637B072B40F0B6802046FFF7BC
:10CC2000BBFD86E73360D5F818319A4208BFC5F8D6
:10CC30001861E6E73B68C0F804808360B5F8FCB093
:10CC40005448DA454FF000024FF000034FF0000166
:10CC500098BF1FFA8AFBFAF741FF804650B1FAF7F6
:10CC60001BFF504B5A4603EB0013494640461CF04D
:10CC70009DFA8046B5F8FC3094F8C4909A4584BF7C
:10CC800001237B607B6884F8C4309CBF09F10209F2
:10CC90005FFA89F904F1C00ABFF35B8F5AE8003FDD
:10CCA00001334AE80032002AF8D1BFF35B8F04F168
:10CCB000140B314658461CF087FDA378012B5AD13E
:10CCC00008F10C03042118467B601BF084FA2288CB
:10CCD0007B6809F0FD0942EA09320280B8F81020A9
:10CCE000043A4280022118461BF07DFA4046FDF7C7
:10CCF000C3FD8146002847D0BFF35B8F5AE8003F51
:10CD0000013B4AE80032002AF8D1BFF35B8F31467D
:10CD100058461CF08DFD244A24484B4601211CF046
:10CD20006DFD4046FAF758FF20463146FFF76EFB8F
:10CD3000B5F8FC301A48002B08BF002016F0C0F9E7
:10CD40006FF004056E4688B0194A0794CDE90525B1
:10CD50006A46042342F8103F14484FF4015100235F
:10CD6000F9F71AFA1321B54620461CF0A1FD20461A
:10CD7000FFF7E6FC96E66FF01509BDE76FF0790561
:10CD800026E76FF0040523E7FDF750FEEFE7936811
:10CD9000FFDE00BF984F002090050020144F0020B8
:10CDA000900600207880002078240400C0EC030066
:10CDB0006B2E04002DE9F04140F2E243D0F8886088
:10CDC000B6FBF3F60446B6B2031DBFF35B8F4268B1
:10CDD000BFF35B8F920417D5B0F88C20B24213D802
:10CDE000B0F88E20B2420FD3D0E9241291420BD179
:10CDF000BFF35B8F53E8001F21F4005143E800129A
:10CE0000002AF7D1BFF35B8F104B1D6865B155F851
:10CE10000C7C1C3D37B1B4F89230B4F89020314608
:10CE20002046B847ED69F1E7094DDFF82880454510
:10CE300001D3BDE8F0812F6937B1B4F89230B4F86E
:10CE4000902031462046B8472035F0E7AC800020DE
:10CE500050EC030090EC03002DE9F0410746084632
:10CE60000D461CF074FA064618B900263046BDE897
:10CE7000F081144B1C6884B154F8103C1C3C0BB975
:10CE8000E469F8E72946384698470028EDD0284657
:10CE90001CF05DFA0028F3D1E7E70B4CDFF82C809B
:10CEA0004445E3D2E3680BB92034F9E72946384614
:10CEB00098470028D9D028461CF049FA0028F3D119
:10CEC000D3E700BFAC80002050EC030090EC0300DF
:10CED0002DE9F041C37804468BB900F17E06114B71
:10CEE0001D687DB11C3D04F170076B691BB13A46AA
:10CEF000314620469847ED6925B11C3DF5E700F124
:10CF00007706ECE7084D094F04F17008BD4201D3E4
:10CF1000BDE8F0816B691BB1424631462046984717
:10CF20002035F3E7AC80002050EC030090EC0300C8
:10CF3000F8B5437A8372044616461CF001FE144B82
:10CF40001D684DB155F8043C1C3D1BB1617A324659
:10CF500020469847ED69F4E70E4D0F4FBD420DD3C3
:10CF6000A6B9637A012B11D9A378012B0ED1207AAF
:10CF700004F17001BDE8F84005F038B8AB691BB1A9
:10CF8000617A3246204698472035E7E7F8BD00BF72
:10CF9000AC80002050EC030090EC030038B505464F
:10CFA0000C460F480121FFF71DFBC0B10572236835
:10CFB0000367A388A0F87430A37980F87630012342
:10CFC000437283728370074BC0F8A830064BC0F8D9
:10CFD000AC30064BC0F8B030054BC0F88C3038BDD3
:10CFE00068590020B9D30100E9970300DD970300D9
:10CFF0001800280070B505460A480E461CF03CFC97
:10D00000044620B18378012B04D0FFF799FB00245C
:10D01000204670BD324629461CF0BCFC0028F7D1E2
:10D020002046F2E768590020B0B500AF0D46FFF783
:10D03000E1FF044608B32846FCF720FB637B082B7E
:10D0400096BF0F4A0F4B52F823306D468AB06A469E
:10D050000D49CDE907030D4B09930D4BCDE905149F
:10D0600042F8103F0B4800234FF44251F9F794F86F
:10D070002046AD46FFF764FB0120BD46B0BD00BFB2
:10D0800048F30300B62D04008E2E040001030204B1
:10D0900005000002C0EC0300F8B505460E480E4638
:10D0A00017461CF0E9FB044620B18378012B03D01E
:10D0B000FFF746FB00240DE036B1324629461CF04E
:10D0C00069FC08B92046F3E7637BBB42FAD1237AB7
:10D0D000AB42F7D12046F8BD6859002038B5044668
:10D0E00008460D461CF033F948B3164B93F8D83078
:10D0F000990707D4E37883B129462046BDE8384034
:10D1000000F0C2BA94F899309A07F3D5BFF35B8F59
:10D110006368BFF35B8F5B04ECD4294620461CF0A8
:10D120005FFC58B92B88A4F88C306B88A4F88E303B
:10D13000AB88A4F89430EB88A4F8963038BD6FF033
:10D140001500FBE790050020F7B510F8333C0446C6
:10D15000A0F140060BBB30461CF095FC354B1D681A
:10D160004DB155F8183C1C3D1BB114F8341C304629
:10D170009847ED69F4E7304D304FBD4205D3304656
:10D1800003B0BDE8F040FFF7DBBA6B681BB114F8E1
:10D19000341C304698472035EFE710F83E3C012B11
:10D1A00046D1BFF35B8FA0F13C0555E8003F23F467
:10D1B000005245E800210029F7D1BFF35B8F9904A5
:10D1C00023D5E36C00936946636D01933046FFF706
:10D1D00085FF034698B9BFF35B8F55E8003F23F402
:10D1E000805345E80032002AF7D1BFF35B8F4FF43C
:10D1F0000061284603B0BDE8F0401CF001BB104AB6
:10D20000104802211CF0FAFAF1E70F4A4FF42813F4
:10D2100069463046CDE90023FFF760FF034628B991
:10D220004FF4805128461CF0EBFAE0E7074AE7E7A5
:10D2300003B0F0BDAC80002050EC030090EC030084
:10D24000C72E0400C0EC030018002800EC2E0400D8
:10D2500008B568B1094B1A6800F10C0122B90748FA
:10D260001CF0B2FA104605E0914204D01268F5E7CE
:10D270006FF0150008BD6FF07700FBE7B480002069
:10D2800010B50E481FF0E0FB0D490C481FF00BFCD9
:10D290000C490A481FF007FC0B4908481FF003FC23
:10D2A0001DF041F803F098F9044628B904F010FC89
:10D2B000044608B91CF0A8FC204610BD144F0020FD
:10D2C0008880002094800020A08000200346024A2D
:10D2D000024801211AF035BC9F2F040028ED0300FD
:10D2E00080B500AF88B06A46074BCDE9053003230F
:10D2F00042F8103F054800234FF4C251F8F74CFFA5
:10D300006FF00B00BD4680BDC72F040028ED030061
:10D3100008B5064A136823B9054850600A601846E4
:10D3200008BDFFF7DDFF6FF00B00F9E7C0800020BC
:10D3300094F3030070B5044652EA030008D0FAF7EC
:10D340006DF9074D074ED5F888503058854201D108
:10D350000022134620460431BDE87040FFF754BB5D
:10D36000F06200200800000038B5054618462B681A
:10D37000DBB15B7B072B18D10B7A012B07D00C4A52
:10D380000C4801211AF0DDFB6FF0150038BDCB7A97
:10D39000072BF9D9C8618A6105F130001FF083FBC2
:10D3A00028461CF047FB0020F0E76FF07F00EDE718
:10D3B000EE2F040028ED03002DE9F84FD0F8B4401B
:10D3C00000AF8846914644B1403C236B63B9206866
:10D3D000B4301CF04EFB246CF5E7FDF727FB00266C
:10D3E0003046BD46BDE8F88F04F1300A50461FF0C4
:10D3F0006FFB05460028F0D01BF013FF80B16C4690
:10D4000088B06A462A4BCDE90535032342F8103F20
:10D41000284800234FF4C251F8F7BEFEA546DEE7C8
:10D4200028461AF073FE656C06469DB9A38C058AE2
:10D43000403B9BB23F2B03D8238D9D4228BF1D4606
:10D44000042106F10C001AF0C6FE0580A38C43806F
:10D4500004356564454520D8B6F810B0AB4506D113
:10D4600000220023504615F0F9FDFAF7B5FBA38C16
:10D47000A3F140023F2A07D8AB4514BF00220E4A51
:10D48000B26118BF1346F3612068B4301CF0F1FAA2
:10D49000236B13B120461CF0CDFA636CC9F8003041
:10D4A000984534BFA3EB08010021616498E700BFF1
:10D4B0000630040028ED0300B99B0300F7B5284DA2
:10D4C000284F04460026BD4201D303B0F0BD298891
:10D4D00020461CF067FB6B68019001A92046984725
:10D4E000002838DB019B2A889A829A8403F1100273
:10D4F000BFF35B8F52E8001F42E800600028F9D1BB
:10D50000BFF35B8F1E645E649E60A16B03F1080233
:10D5100019BBC4E90D221C60DE6003F130001FF06E
:10D5200093FA019843681B6803B19847019BBFF3C6
:10D530005B8F103353E8001F41F0010143E80012F4
:10D54000002AF7D1BFF35B8F01984368DB6913B101
:10D5500000F1100198470835B5E70A60A263DAE7E1
:10D5600038EC030050EC030073B50D460646042169
:10D5700005F10C001AF048FE2B8A42889A420446B4
:10D5800007D000921C4A1D4801211AF0E4FA02B0AB
:10D5900070BD43783BB91A4A1848012102B0BDE872
:10D5A00070401AF0C5BA0378012BF0D0132B06D1C6
:10D5B000022AECD0022300931346124AE3E7124AF0
:10D5C0000E4802211AF0BDFA617835680222012066
:10D5D0001CF0CEFA04460028D9D002210C301AF0F3
:10D5E000D2FD0023037043702146284602B0BDE8F7
:10D5F00070401CF0EEBA00BF1E30040028ED03009E
:10D600003F300400603004008B30040008B50B8A02
:10D61000032B06D8044A054801211AF089FA002094
:10D6200008BDFFF7A1FFFAE7B330040028ED0300BF
:10D6300038B50B8A032B05460C4609D80F4A10480B
:10D6400001211AF075FA2046BDE83840FAF7C4BA4D
:10D65000042104F10C001AF0D7FD418828461CF083
:10D66000C9FA30B9074A06480B4602211AF069FA8E
:10D67000E9E7436821465B699847E4E7D130040055
:10D6800028ED0300EE30040070B5144A137801331E
:10D690000C4613F0FF010CBF01230B461370064626
:10D6A00008BF1946082212201CF062FA054688B10C
:10D6B00008210C301AF067FD2288028062884280BF
:10D6C000A2888280E288C28029463046BDE8704048
:10D6D0001CF07FBA6FF00B0070BD00BF65AF00207B
:10D6E00023281FD81A2804D8431E182B0ED9062029
:10D6F0007047A0F11B03082B1ED8DFE803F0051DBF
:10D700001B231D19251D0500032070470F4A012307
:10D7100083401A40C2B90E4A1A40002A0CBF0620A4
:10D720000120704700F07F03522B05D10020704785
:10D73000012070470520704710F0400F14BF0020F3
:10D74000062070470420704702207047AAAA8A0268
:10D75000545545012DE9F74F064608460C46FAF7A1
:10D760009BF92E4F18234343FA18054691680191FF
:10D77000E168BFF35B8FF06CBFF35B8FC0070AD427
:10D78000274A284801211CF062FA6FF01509484623
:10D7900003B0BDE8F08FE068007810710022FA5005
:10D7A0000B78D22B0FD13368214618681DF035FB5A
:10D7B000814640B11C4A1B4801211CF048FA204612
:10D7C000FAF70AFAE3E7182303FB0573D4F80C8091
:10D7D000D4F814B0B4F810A09E6000231A46214675
:10D7E000301DFFF7C1FD81460028D0D010F1690F30
:10D7F00004D10E4A0B4801211CF029FA6269019BF1
:10D80000A4F810A0A8EB0B0812FA88F2E260182224
:10D8100055437A1947F805909360B8E710810020C6
:10D820002A310400B0EC03004431040057310400F5
:10D8300008B5EFF31181202383F31288BFF36F8FB4
:10D84000002303600F4B5A68C2B9C3E9000081F39B
:10D850001188BFF36F8F0C4815F036FE031E0CDAEB
:10D860000A4A0B4801211AF06CF9002383F311884E
:10D87000BFF36F8F0323184602DF08BD10605860A6
:10D88000E5E700BF08810020CC4900207A31040080
:10D89000B0EC0300011F01481EF0B4BF7C4D002016
:10D8A000024A034801211CF0D2B900BFA331040091
:10D8B000B0EC030010B500F148030446BFF35B8FE2
:10D8C00053E8001F41F0010143E80012002AF7D19C
:10D8D000BFF35B8F201F1CF08EFA04F16400044933
:10D8E0001FF0CFF92068BDE8104002F08DBD00BFE9
:10D8F000BDE8010073B50E46438D418B8B4202F1AA
:10D90000010228BF0B469A42054609D91E480092DB
:10D9100002211E4A1AF01FF90024204602B070BDF1
:10D920003046FFF7DDFE6FF01403034113F00103EF
:10D9300010D0F9F773FE164B1958164BD3F88830F0
:10D9400099421ED0144B1B685A1A18BF4FF0FF3271
:10D95000134601E04FF4702210480021FFF7EAFC63
:10D9600004460028D9D0FAF797F80D4B182202FB8D
:10D970000033012104F10C009D601AF004FC0670D4
:10D98000CBE70022E4E700BFB0EC0300C0310400A5
:10D9900008000000F062002058810020504F002055
:10D9A00010810020F0B51D4603680E46003987B08F
:10D9B000044618BF0121186817461DF023F840B926
:10D9C00004F14C001CF07FFA002846D0002007B07C
:10D9D000F0BD002D43D018220021684620F0EFFD55
:10D9E0006FB1002213212046FFF784FF019030B968
:10D9F0001C481D4A01211CF02AF91120E7E7236881
:10DA00001A4A1B6800930023ADF812300C9B039355
:10DA1000BDF83430ADF8103001238DF814302946AC
:10DA20006B4628468DF808601CF029FA9DF81430E2
:10DA300063B1002FCAD00198FAF7CEF89DF81430E0
:10DA40002A46314620461CF04DFABFE701990029CD
:10DA5000BCD020461CF065F9B8E71220B7E70120DA
:10DA6000B5E700BFB0EC0300E5310400B19C030052
:10DA70002DE9F3410B8A04460D4643B9294A2A4849
:10DA800001211CF0E4F8002002B0BDE8F081076835
:10DA9000012105F10C001AF0B7FB7B7B072B064632
:10DAA000F1D154F8043C002BEDD003781F4F043C17
:10DAB000002217F8320098424FEAC20807EBC20171
:10DAC00014D12A8A4878904226D917480093012118
:10DAD0001346174A1AF03FF804234744BA78012A3C
:10DAE000D1D1002BCFD03178002211E001320C2AA5
:10DAF000DFD1104A0C4802211AF023F83178084689
:10DB0000FFF7EEFD2122C24012F00102BBD1062335
:10DB100020461CF0E7F9B6E74B68204629469847AF
:10DB20000346DAE7FE310400B0EC0300BCF3030067
:10DB30003332040019320400F8B54FF4702207465E
:10DB4000002311480D461AF0B2FA044638B90F4ABC
:10DB50000F482B46012119F0F4FF2046F8BD00F1D3
:10DB60000C06092130461AF003FB2046F9F794FF12
:10DB7000084B182202FB0033012130469F601AF047
:10DB800002FB0570E9E700BF504F00209F2F040003
:10DB9000B0EC0300108100202DE9F0410E8A043E14
:10DBA000F6B2022E04468CB0084601D0102E64D185
:10DBB00004210C301AF028FB0DF10808058847886D
:10DBC000011D324640461BF09CFA002857D0A5B3F1
:10DBD00000268FB3AF4230D34FF4205301A9404603
:10DBE0008DF80460ADF806301BF05EFA48BB1422D5
:10DBF000002107A820F0E3FC11212046FFF79CFF3D
:10DC00000990002837D001210C30CDE907481AF0DF
:10DC1000BAFA00230A90394603701A4A0B93284631
:10DC200007AB1CF02CF9DDE909131B78FBB908469A
:10DC3000F9F7D2FF0A2301E03D4601232A461021CD
:10DC40000EE042F6010307A940468DF81C60ADF8CE
:10DC50001E301BF029FA0028C9D010232A46194685
:10DC600020461CF03FF900200CB0BDE8F0812046B2
:10DC70001CF057F8F7E71120F6E70420F4E70E2030
:10DC8000F2E700BFDDE101002DE9FF410368044632
:10DC90000D46186801211CF0B5FE40B904F14C0096
:10DCA0001CF011F9A0BB122004B0BDE8F0811022D5
:10DCB0000021684620F083FC21212046FFF73CFF2D
:10DCC000029038B3009405F10C074FF001082B8A3D
:10DCD000012B04D8029920461CF023F818E038469E
:10DCE0001AF0A2FA6B460C4A8DF80C8001460646E3
:10DCF0001CF0C5F89DF80C30002BE8D00298F9F71D
:10DD00006BFF9DF80C303246202120461CF0EAF8CB
:10DD10000020C9E71120C7E737A103002DE9FF4123
:10DD2000036804460D46186801211CF06BFE40B9DB
:10DD300004F14C001CF0C7F8A0BB122004B0BDE8F1
:10DD4000F08110220021684620F039FC0F21204686
:10DD5000FFF7F2FE029038B3009405F10C074FF084
:10DD600001082B8A012B04D8029920461BF0D9FF09
:10DD700018E038461AF058FA6B460C4A8DF80C80B9
:10DD8000014606461CF07BF89DF80C30002BE8D0CD
:10DD90000298F9F721FF9DF80C3032460E212046FB
:10DDA0001CF0A0F80020C9E71120C7E7BBA10300C1
:10DDB000F0B51D46036885B004460E46186801217B
:10DDC00017461CF01FFE38B904F14C001CF07BF81C
:10DDD00050BB122005B0F0BD65B31022002168468B
:10DDE00020F0EDFB39462046FFF7A6FE029018B35F
:10DDF000BDF82830ADF8043001238DF80C302946E9
:10DE00006B460E4A009428461CF039F89DF80C30F9
:10DE100002995BB10846F9F7DFFE9DF80C302A46FF
:10DE2000314620461CF05EF80020D3E720461BF068
:10DE300078FFF9E70120CDE71120CBE7BBA1030074
:10DE40002DE9F0410E8A043EF6B2022E04468CB053
:10DE5000084601D0102E76D104210C301AF0D4F9E6
:10DE60000DF1040805884788011D324640461BF025
:10DE700048F9002869D085B377B3BD422DD86068D2
:10DE800001211CF0BFFD064678BB8DF8000042F66C
:10DE9000020369464046ADF802301BF005F920B395
:10DEA00042F6030306A940468DF81860ADF81A3013
:10DEB0001BF0FAF8C8B1012D03D14FF6FF739F4252
:10DEC00013D004F14C001BF0FEFF002814BF00200B
:10DED00012200CB0BDE8F0813D4601232A460821FE
:10DEE00020461BF0FFFF0020F3E7182200210DEB76
:10DEF000020020F064FB09212046FFF71DFE089078
:10DF0000F8B101210C30CDE906481AF03CF90023A4
:10DF1000099003700A238DF82C30394606AB0C4A61
:10DF200028461BF0ACFF9DF82C3008992BB1084611
:10DF3000F9F752FE9DF82C30D0E720461BF0F1FE99
:10DF4000D1E71120C5E70420C3E70E20C1E700BFD9
:10DF500095E201002DE9F0430F4687B00446062103
:10DF600007F10C001AF050F90588EDB1B0F8028005
:10DF7000B8F1000F17D0454516D8002382888DF8D8
:10DF800000308DF8043001A94FF420536846D7F8CB
:10DF90000C90ADF80220ADF806301BF085F806466F
:10DFA00060B10A2301E0454601232A4606212046A6
:10DFB0001BF098FF002007B0BDE8F0830146142253
:10DFC00001A83F7C20F0FBFA07212046FFF7B4FDB3
:10DFD0000290D8B10A238DF81530414601AB0C4AA6
:10DFE00001942846CDE903698DF814701BF047FFB2
:10DFF0009DF8153002992BB10846F9F7EDFD9DF813
:10E000001530D2E720461BF08CFED3E71120D2E773
:10E0100081E001007FB5CB681D8804468DB15E8824
:10E0200076B1B5420DD810220021684620F0C7FA1B
:10E0300005212046FFF780FD019058B9112007E027
:10E04000354601232A46042120461BF04BFF0020C1
:10E0500004B070BD6B463146084A009428461BF058
:10E060000EFFDDE9011323B90846F9F7B5FD0A23D0
:10E07000E8E720461BF055FEE9E700BF3F9D03009F
:10E080002DE9F04391B0D2F8008006460F460025F6
:10E0900042F601030068D8F804908DF82C500BA9C3
:10E0A0001446ADF82E301AF0FFFF00286DD04FF463
:10E0B000205330688DF82C500BA9ADF82E301AF093
:10E0C000F3FF38B1A3681BB15A88BA4200D25F800F
:10E0D000012010E0616808461BF0A1FDB8F82A2075
:10E0E000B8F81A309A4294BFC0EB0200C0EB0300AC
:10E0F000032803D8002011B0BDE8F08308461AF0C9
:10E1000009F86168054608461BF089FD6B8A2A8A72
:10E11000A3EB020C6B69EA68D21AACEB0203B8F805
:10E120002AC0B8F81A20944594BFC0EB0C00C0EB8D
:10E130000200834228BF03466BB9887AF9F7A4FC32
:10E140000022002319F0B3FF05460028D2D0014673
:10E15000606819F0F0FF00230093D6F80480314680
:10E16000102302AA4846C047061E0EDB227CE06848
:10E17000964227D001460BA81AF0C3FF40B9237C72
:10E18000134A1448022119F0DCFC0023A3609FE726
:10E19000F2B202A906A81AF0B4FF10B90E4A33462B
:10E1A000EFE706A90BA81AF07FFF0028EDD10023A6
:10E1B0006374042105F10C0019F0E5FFA0600780ED
:10E1C000A36884E7324602A920F001FAEDE700BF18
:10E1D00052320400B0EC0300713204002DE9FF411B
:10E1E00005460E464FF000084FF4205300681768AC
:10E1F0008DF8088002A91446ADF80A301AF054FFD1
:10E20000A0B142F6010328688DF80C8003A9ADF88F
:10E210000E301AF049FF48B123691BB15A88B24247
:10E2200000D25E80012004B0BDE8F08161682868FA
:10E230001AF03AFF10B100232361F3E7E368A06806
:10E240001A786AB1B7F81AC0798D038A8C4594BFE1
:10E25000C3EB0C03C3EB0103934201DA0020E2E7B6
:10E2600004210C3019F08FFF2061068023695E8045
:10E27000074B00930194A2680023294638461BF0FF
:10E28000D1FE0028EADB2069003818BF0120CAE768
:10E290005F9E03002DE9F34717680546894600682D
:10E2A0005168D7F804A014461AF0FEFE80460028F4
:10E2B0004BD19522294650461CF032FB064620756C
:10E2C00040B1E3681B780BB184F81480002002B0E1
:10E2D000BDE8F087294650461CF0CEFB10B9082354
:10E2E0002375F3E7A068267519F014FF02210C309E
:10E2F00019F049FF164B2061A0F80090009301949B
:10E30000A2683346294638461BF08CFE002807DAFF
:10E3100010F1FF0F26BF4042C0B20E202075D5E796
:10E320002369002BD2D0A0681BF079FC7B8D7A8BFF
:10E330009A4294BFC0EB0200C0EB0300E3681B7875
:10E34000984294BF00200120C1E70120BFE700BF31
:10E350002F9C03002DE9F04182B000AF04468846AF
:10E360003E4800220023394614F0BEFC0546B0B1F9
:10E370006D4688B06A463A4BCDE90534032342F82E
:10E38000103F384800234FF4C251F7F705FFAD4660
:10E390006FF00B0630460837BD46BDE8F081F9F74F
:10E3A0003DF9314B1A58314B38681A6029462422FE
:10E3B00020F005F93B682E481C603C687D60C4E98C
:10E3C0000155C4E9075500220023391D14F08CFCC7
:10E3D000064688B123686C4688B06A462549CDE96F
:10E3E0000513032342F8103F1E482B464FF4C45137
:10E3F000F7F7D2FEA546CBE70146A022786820F0C9
:10E40000DEF878681C4B836054301EF01DFB7B687F
:10E41000BFF35B8F4C3353E8002F43E800610029C2
:10E42000F9D1BFF35B8F7B681C60E3697D681BB922
:10E4300004F10C001EF008FBE269C5F89820226A7E
:10E4400005F19803E36102B923627B6817225A85BC
:10E450005A830433C8F800309CE700BF604D0020A9
:10E4600090320400B0EC0300080000005881002046
:10E470007C4D0020B5320400A449002008B5437B40
:10E48000072B06D00C4A02210C481BF0E0FB0020B1
:10E4900008BD04211BF0AEFB10B9094A0121F3E7C6
:10E4A000BFF35B8F836CBFF35B8FDB0701D4054A3F
:10E4B000F4E750F8040CEBE7DA320400B0EC0300A8
:10E4C000E83204002A3104002DE9F04F85B000AF96
:10E4D000B860EFF31188202383F31288BFF36F8FA6
:10E4E0005B4D28461BF091FB2E68044688F311888B
:10E4F000BFF36F8F00285FD0F9F7CEFA5549182285
:10E5000002FB00F3C81851F803A00369FB60002167
:10E51000D0E9025890F80490B0F806B020F04FF817
:10E52000A07AF9F7B1FA6169034659B1627AD00766
:10E5300006D4DA697B6012682046926890477B684F
:10E5400000226261214618461EF0B8FAB9F1000FA8
:10E550000DD065B12B6853B11B6843B1BAF1000F00
:10E560002ED03D4A3D485346012119F0EAFA1EB328
:10E57000B96800201EF054FB00281DDA6C468AB0F2
:10E580006A46374B0593374BCDE906304FF400739D
:10E59000ADF82030344B42F8103F304800234FF4A0
:10E5A0001151F7F7F9FD0023A54683F31188BFF356
:10E5B0006F8F0323184602DF1437BD46BDE8F08F86
:10E5C000281D1BF02AFE4846FFF78AF80528CED8FA
:10E5D00001A353F820F000BF21E60100F1E501009E
:10E5E0006FE5010021E601006FE50100F1E50100A2
:10E5F000BFF35B8FEB6CBFF35B8FDA0705D41B4A6D
:10E60000164801211BF023FBB1E72B6D002BAED088
:10E610004FF47022002305F1680014F0F9FFA6E71B
:10E620002B68D3F80090BFF35B8FEB6CBFF35B8F6D
:10E63000DB07E4D5B8F1000F99D0002403E0F968B6
:10E640004846C0470134A3B29B45F8D88FE700BFC6
:10E65000088100201081002003330400B0EC030087
:10E66000223304003A430400040000012A3104006C
:10E67000F8B50F461646FFF701FFB0B1C469204652
:10E680001CB150F8984904B1983C731C194638B134
:10E69000428B458DAA4228BF2A469A4207D264B9C6
:10E6A0000A4A0B48022119F04CFA0020F8BD324604
:10E6B0003946BDE8F840FFF71DB9D4F8985005B1C8
:10E6C000983D20460B462C46E2E700BF3D33040050
:10E6D000B0EC030007B50B4602460021F8F79EFF99
:10E6E00001910E4909580E480068884204D00D482F
:10E6F000D0F88800884201D10022134601A90A48B7
:10E7000014F0F2FA014638B901981C221FF057FFA5
:10E71000019803B05DF804FB0020FAE70800000050
:10E7200058810020F0620020984D002010B504466A
:10E73000806818B1F9F750FA0023A3602146024817
:10E74000BDE810401EF05EB8984D00202DE9F7435B
:10E75000044668300F4690461E461EF09EFA206D15
:10E7600050B9154A154802211BF071FA204603B032
:10E77000BDE8F04300F08AB8114B98424FF0000317
:10E7800017D045684360206DD0F81890FFF7CEFF92
:10E790000023206823651BF075FD3DB12068CDF88E
:10E7A0000090006843463A463146A84703B0BDE8AA
:10E7B000F0831D46ECE700BF58330400B0EC0300C3
:10E7C0005C810020F7B550F8044C0546002C59D068
:10E7D00000F1940104F11C001BF05CFB2E1F05F1FD
:10E7E000500700220023384614F038FC024678BB5C
:10E7F000EB6C2BB101466FF067033046FFF7A6FFC5
:10E80000002345F8043C05F14803BFF35B8F53E850
:10E81000001F21F0010143E80012002AF7D1BFF3E5
:10E820005B8FE36973BB04F10C06002200233046C2
:10E8300014F014FC78B9666886B91348266021463E
:10E840001DF0E0FF286803B0BDE8F04001F088BE8D
:10E85000F9F7C2F9C5E7F9F7BFF9E6E7A268336847
:10E860006360964208BFA36077683FB1B3690093C5
:10E87000002320681A466FF06701B8473046FFF75B
:10E8800055FFD8E703B0F0BD604D002010B5044639
:10E890000430FFF797FF606813211BF009F8034667
:10E8A00030B1044A0448BDE81040012119F049B9CB
:10E8B00010BD00BF6F330400B0EC0300B0B50446D8
:10E8C00000AF54F8683D18681BF084F8FAF7D6FEDC
:10E8D0006D4688B06A460B4BCDE905304FF40073A6
:10E8E000ADF81C30084B42F8103F00234FF4E251C2
:10E8F0000648F7F751FC2046AD46FFF7C7FFBD4677
:10E90000B0BD00BF8D33040003000001B0EC030074
:10E9100070B550F8043C0446061F002B3BD039B1BB
:10E92000C36C002B37D01B7CDA0734D505231CE0E1
:10E930000568284601F0D0FD6B7A012B2BD0E46CE2
:10E940004CB3237CDB0726D5E368002BEED062694D
:10E95000617C3046FEF7CEFF054668B9637C0E4AFF
:10E960000E48012119F0EDF80E2300223046114621
:10E97000BDE87040FFF7EABED4E90512E3689847A6
:10E9800018B12846F9F728F9EEE729463046FEF790
:10E99000E1FE0028F5D170BDB9330400B0EC0300EE
:10E9A000F8B51D460F461646F9F776F8044C1823BD
:10E9B00003FB0040C0E903760123C3800575F8BD61
:10E9C0001081002008B51EF073FF38B1044A0346D9
:10E9D000012104481BF060FD6FF0040008BD00BF7A
:10E9E000E033040008ED030010B50849144618464A
:10E9F0001022A047041E07DA054A064823460121D3
:10EA00001BF04AFD204610BD0024FBE7905A002071
:10EA1000F633040008ED030070B50D4C23788342F3
:10EA200006460D4604D1611C28461BF08BFD58B9E3
:10EA3000237CB3420AD1074928461BF083FD10B15D
:10EA4000012004EB001070BD0020FAE70020FAE777
:10EA500090810020A181002070B50D4C2378834265
:10EA600006460D4604D1611C28461BF06BFD58B9C3
:10EA7000237BB3420AD1074928461BF063FD0028D7
:10EA8000054808BF002070BD2046FCE70020FAE7DB
:10EA9000385A0020455A0020445A002070B50E4CC8
:10EAA0002378834205460E4603D1601C1BF04AFDC5
:10EAB00068B9237BAB420CD1084831461BF042FDBC
:10EAC00020B10120404200F00C00204470BD002025
:10EAD000F8E70020FAE700BFD2A20020DFA2002062
:10EAE00070B5204B144682689A420FD1A568C6685B
:10EAF00075B92279216830461BF02CFD024628B1F9
:10EB0000194901301BF053FD15701581012070BDAE
:10EB1000E0680028FBD02B888B420AD0F6D2E06850
:10EB2000A36801380433E0600038A36018BF0120F7
:10EB3000EDE725682279294630461BF00BFD024699
:10EB400060B9094930461BF005FD02460028E6D0B1
:10EB5000294601301BF02BFD23791370A3685B88D5
:10EB60001381DCE7EDF001007C42040010B507489A
:10EB70001021FAF71BFF034630B1054A0548BDE8EE
:10EB8000104001211BF088BC10BD00BF805A00203E
:10EB90001734040008ED030038B5054648B1154B9D
:10EBA00013F8011C1A465C1E1AF0F4FE58B12046F8
:10EBB00006E011490F481BF0C5FC78B10D4B581EFB
:10EBC00038BD0020FCE7217C04F1110228461AF030
:10EBD000E1FE0028F5D004F11000F1E7054B0649ED
:10EBE00003F110001BF0AEFC0028EAD0014B03F14A
:10EBF0000F00E5E7918100207C42040010B54A1C1B
:10EC00000C4628B109781AF0C5FE30B1204610BD77
:10EC1000034910461BF096FCF7E70020F7E700BF1A
:10EC20007C4204002DE9F0410646884617461AF05A
:10EC3000B0FB60B341463046FFF70EFF0546B0B962
:10EC400014481BF0BBFC0446F8B113481BF0B6FC9B
:10EC500068B9124D01246342114A03F00C030133D9
:10EC6000D01841461BF0A3FC0C235C431655012130
:10EC7000B94005F108001BF07CFCBDE8F0410948F3
:10EC80004FF40042002314F0C3BC054DE3E7BDE898
:10EC9000F08100BF405A00204C5A0020445A002006
:10ECA000385A0020505A002010B50146024604236D
:10ECB00011F8010B0832FAF737FE034630B1044A67
:10ECC0000448BDE8104001211BF0E6BB10BD00BFA9
:10ECD0003D34040008ED03002DE9F04180460F4665
:10ECE00016461D46FFF7DAFE044680B91749FFF7BE
:10ECF000D5FE044630B9164A1648BDE8F041012158
:10ED00001BF062BC00F8018B39461BF050FC2389D4
:10ED100073B9628972B926816581214611F8010BA8
:10ED20001AF037FB80B12046BDE8F041FFF7BCBFC9
:10ED30009E4204D36289AA4206D29E42ECD26389E3
:10ED40002681AB42E9D2E7E7BDE8F0817C420400CE
:10ED50005934040008ED0300022110B509481BF0E6
:10ED600008FC084007D10849084A0B88084CA24211
:10ED700002D300B10B8010BD506803449BB208322F
:10ED80000120F4E7B0810020EAA2002090EC03000B
:10ED9000A0EC030008B5034A034801211BF014FC52
:10EDA000002008BD7834040008ED030038B50F4B8F
:10EDB000144682689A420D4615D122792168C068AE
:10EDC0001BF0C8FB78B1D4F8C8302F2B03D9FFF75C
:10EDD000E1FF002038BD04EB830201331581018976
:10EDE0005181C4F8C8300120F4E700BFEDF0010004
:10EDF00008B5044A044801211BF0E6FB6FF015003A
:10EE000008BD00BFCC34040008ED030038B5094B41
:10EE1000154682689A420AD1C4682968013420469E
:10EE20001BF090FB18B1696820461BF0C0FB012065
:10EE300038BD00BFEDF0010008B513468168074AF0
:10EE4000914209D11A791968C0681BF083FB18B187
:10EE50000023036043600381012008BDEDF0010041
:10EE600002484FF4A472002314F0D2BB105B0020C0
:10EE700008B5042108481BF07CFB07486FF002012D
:10EE80001BF086FB04481BF099FBC30701D5FFF775
:10EE9000E7FF002008BD00BF405B0020024608B528
:10EEA000084901301BF083FB002313720C32BFF3BF
:10EEB0005B8F52E8001F42E800300028F9D1BFF311
:10EEC0005B8F08BD7C42040010B5FFF7E7FD0446E8
:10EED00078B1014611F8010BFAF734FD034620B171
:10EEE000044A054801211BF0D7FA00232360636020
:10EEF000A36010BDD834040008ED030037B5044604
:10EF00000D46FFF789FD0246D0B1037A8DF8043033
:10EF10000C301BF053FB10F0010318BF01238DF8D8
:10EF2000053001AA022329462046FAF713FD0346BD
:10EF300020B1044A044801211BF0AEFA03B030BDF1
:10EF40000346F0E7F534040008ED03002DE9F04333
:10EF500085B00E4600AF90469946044658B9354AEA
:10EF6000354801211BF030FB6FF01505284614379A
:10EF7000BD46BDE8F08307F108011AF06FF80546B9
:10EF8000A0B16D4688B06A462C4BCDE905344FF4EC
:10EF90000073ADF81C302A4B42F8103F264800237E
:10EFA0004FF4E251F7F7F8F8AD46DDE7391D20469A
:10EFB00018F040FF786858B10A22294616F060FE22
:10EFC000034628B11F4A1C4801211BF065FACBE714
:10EFD00007F108010020FFF761FD044620BB002E69
:10EFE000C4D01949FFF75AFD044638B9174A1248E8
:10EFF00001211BF0E9FA6FF00B05B7E7002300F8D9
:10F00000013B07F108011BF0D2FA04F108010422C8
:10F010004846C047041EA9DA0D4A07482346012185
:10F020001BF03AFA2546A1E7002EEED106604660B5
:10F0300086609BE7F41D040008ED03001E35040004
:10F04000030000013A3504007C42040055350400F9
:10F05000F63304002DE9F041214B154682689A42AF
:10F06000074602D1C4686389E3B90120BDE8F08195
:10F0700005F17008287A41461AF08BF968B9194BE6
:10F080009C4202D128461BF020FB174930461BF05A
:10F090008EFA00232370238119E0414630461BF08D
:10F0A00086FA14E0238993B12646284616F8011BF8
:10F0B00032461AF06FFC0028DAD120783146FDF78D
:10F0C00099FF20B1457BFDF73BFB072DCDD0E368D1
:10F0D00000216181002BC8D038469847C5E700BFA2
:10F0E000EDF00100044A00207C4204002DE9F047C5
:10F0F0001F46BDF82030D1F80C9006468846002BFC
:10F100004ED17B1E012B4ED8012F49460CBF1578DE
:10F110001588FFF773FD0446B8B915B93846BDE840
:10F12000F0874946FFF76AFD044638B91F48204A70
:10F1300002211BF049FA6FF01000F0E706F17001B0
:10F1400001301BF034FA337A2370D9F81030DBB970
:10F15000B4F808A02581B9F80A30AB4203D049467B
:10F1600040461BF033FAAA4505D0307A002206F15A
:10F170007001FFF757FD002DD0D10E49601C1BF028
:10F1800016FA25702581C9E72A4641463046984738
:10F190000028C4DB01380128DAD96FF00D00BEE782
:10F1A0006FF00600BBE76FF00C00B8E708ED030056
:10F1B000773504007C42040038B505460C460F48FC
:10F1C00001211BF0D6F910F0010F0D4B0AD11D8360
:10F1D0005C830A481BF0F2F9830709D4BDE8384084
:10F1E000FFF73EBE198B5A8BA94202D89442EFD842
:10F1F00038BD94421D83ECD9EAE700BF405B002094
:10F20000F05A00201049114808B51BF09BF901463F
:10F2100040B90E4B581E1BF07EFA0C4911F8010C38
:10F22000FFF76CFE08490A481BF08CF9014650B9FB
:10F2300008481BF070FA084B187C03F11101BDE877
:10F240000840FFF75BBE08BD7C42040091810020AE
:10F25000A1810020A0810020908100202DE9F041B3
:10F260009846BDF81830012B0646174636D8434459
:10F27000012B454635DCFFF78FFC044668B9FFF7E4
:10F280008BFC044648B91A4A1A4802211BF09CF923
:10F290006FF010052846BDE8F081B8F1000F11D0DD
:10F2A000217A002321FA03F2D00703D53A78DA4015
:10F2B000D20719D50133032BF4D13B7803F00703B0
:10F2C0001943217206F17001601C1BF070F9337A4A
:10F2D0002370012120461BF02EFADBE76FF00605B4
:10F2E000D8E76FF00C05D5E76FF01205D2E700BF45
:10F2F0009135040008ED030010B56FF002010446DB
:10F300000E481BF045F90D481BF058F9C20704D50B
:10F310000B480022002314F07BF920461BF059F81B
:10F3200058B12046FFF738FC38B1037ADB0704D523
:10F33000BDE8104001211BF0FEB910BD405B00206C
:10F34000105B002070B56FF008011848184C1BF0D6
:10F350001FF918484FF4A4720023FAF7B9FB0026EE
:10F36000651C154928461BF0EDF8B0B9237ADB0778
:10F3700013D52946FDF73EFE054620B11BF02BF8BC
:10F380002846FDF7DDF96FF0020104F10C001BF0D7
:10F39000FFF8002120461BF0CEF9731C022B04F16C
:10F3A00010044FF00106DBD170BD00BF405B0020B0
:10F3B00090810020A05A00207C4204002DE9F043F7
:10F3C00085B0894600AF16469846044658B9424A69
:10F3D000424801211BF0F8F86FF015052846143754
:10F3E000BD46BDE8F08307F1080119F037FE054678
:10F3F000A0B16D4688B06A46394BCDE905344FF46B
:10F400000073ADF81C30374B42F8103F33480023EF
:10F410004FF4E251F6F7C0FEAD46DDE7391D204658
:10F4200018F008FD786858B10A22294616F028FC21
:10F43000034628B12C4A294801211BF02DF8CBE7BF
:10F4400007F108010020FFF7E7FA044690B9FFF73B
:10F45000A3FB044638B9254A204801211BF0B4F823
:10F460006FF00B05BAE7002300F8013B07F1080134
:10F470001BF09DF8B9F1000F2AD002223946404610
:10F48000B047061E07DA1A4A1448334601211BF01A
:10F4900003F83546A2E73B782372022E09D0154ABD
:10F4A0000E4802211BF090F8002120461BF043F982
:10F4B00094E77B78012B05D90F4A084831461AF0AA
:10F4C000EBFFF1E703F0010120461BF024F985E78B
:10F4D0002046FFF7E3FC81E7F41D040008ED03007C
:10F4E0001E350400030000013A350400BD35040058
:10F4F000F6330400DF3504003336040008B5124843
:10F5000001211BF036F8C3071CD4FFF725FC0F4977
:10F510000F481DF0B6FB00234FF4A4720C48FAF715
:10F52000D1FA0C490C481DF0ACFB02210B481BF032
:10F5300020F80B480B491DF0A4FBBDE808400A4821
:10F54000FDF786BE08BD00BFB081002069A803009A
:10F55000A05A0020A5000200105B0020405B0020A4
:10F56000505A002001A90300DC4900202DE9F04198
:10F57000034648B1008A38B91249DFF84CE001244B
:10F580004FF0140C714501D3BDE8F081D1E900764C
:10F59000BB4204D30CFB0672143A93420ED9344496
:10F5A000A2B208311446EDE70CFB0578434507D0BD
:10F5B00001356219AE4292B2F6D1F2E70025F8E7C2
:10F5C0001046E1E790EC0300A0EC03002DE9F74FB3
:10F5D000BDF83040009199464FF6FF73002C08BFEC
:10F5E0001C46444B1B8883420746904652D2424BEE
:10F5F0001D68002D43D0083D4FF0140BAE682EB1AE
:10F6000056F8083C1B8ABB4203D900266B689E4211
:10F6100043D3AD68002D32D0083DEFE773682B442B
:10F62000BB4234D29DB20836344B9E42F6D3DEE75D
:10F63000D158404619F038FDA0B101350AF1010A50
:10F64000ADB273685345EED9009B9D4217D8BD42B9
:10F65000F3D33268142303FB0AF302EB030BB8F174
:10F66000000FE5D1B9F1000F0CD1013CA4B20E9A04
:10F670000D9B2946584698470CB10028DDD103B0B0
:10F68000BDE8F08FDBF80C309945D6D1EDE74FF0AF
:10F69000000AD6E71A4E0125C6E7296800980BFB39
:10F6A00006F201EB020ABAF810309842E7D39F4203
:10F6B00018D8B8F1000F0DD1B9F1000F14D1013CE9
:10F6C000A4B219460E9A0D9B50469847002CD6D0EE
:10F6D00040B9D4E789580193404619F0E5FC019BF5
:10F6E0000028E9D0013691E7DAF80C209145F9D1EC
:10F6F000E5E700BFEAA20020B4810020A0EC0300EF
:10F7000090EC030010B59EB01022002168461EF058
:10F7100056FF142200210DEB02001EF050FF4FF4A3
:10F720001053ADF81030264C8023ADF81230102263
:10F730004FF48063CDE9063469461CAB0DEB020043
:10F740001DF0C4FF034630B11E4A1F4801211AF0C4
:10F75000A3FE1EB010BD014648220AA81EF02FFFCE
:10F760001C9922460AA81EF0A0F8034608B1174AC1
:10F77000EBE7174A0AAB4FF6FF7101201BF069F85F
:10F78000144904AB10220AA81EF0ADF804461C98D8
:10F790001DF0D2FE14B1104A2346D6E70D4B214688
:10F7A00003F110020131187812F8014D03F8014BF2
:10F7B00008291070F6D109481AF0DBFEC9E700BF2E
:10F7C0000002C0038436040008ED0300AD360400D7
:10F7D0009DA40300805A0020CB360400405B00202B
:10F7E0002DE9F0411849BDF818700446A1F1300028
:10F7F00015461E461DF064FA14481AF0DFFE010794
:10F8000005D4FFF77FFFFFF7FDFCFFF7AFF92046B8
:10F81000FFF7C2F968B1037ADA070AD500F10C04E0
:10F8200020461AF0CBFEC30703D4022120461AF06B
:10F83000A0FE102306933A4631462846044BBDE805
:10F84000F0411AF0DBBE00BFD05A0020405B002020
:10F85000805A002010B51B481AF0B0FEC0F3C0005B
:10F8600080F0010408B9FFF74DFF16481AF0A6FE14
:10F87000034614481AF0A2FEDA0622D5830606D5FE
:10F88000FCB1FFF7BFFCBDE81040FFF76FB92021C6
:10F890000C481AF06EFE0C49102288181EF097FED4
:10F8A00048B90A481DF0F9F9BDE8104005486FF065
:10F8B00001011AF06DBE4FF6FF710120FFF77CFCCD
:10F8C000DFE710BD405B0020805A0020105B002065
:10F8D00008B5102103481AF04CFEFFF7BBFF0020CB
:10F8E00008BD00BF405B00202DE9F3470446624895
:10F8F0001AF064FEC10713D4FFF72EFA236800251F
:10F9000018688DF800504FF4C0536946ADF80230C6
:10F9100019F0CAFB60B96FF0770002B0BDE8F0875C
:10F9200056481AF04BFE4207E6D46FF01500F4E794
:10F93000236801A918688DF8045041F60103ADF859
:10F94000063019F0B1FB0028E5D04D4D14F0D6F883
:10F950002B6826689BB9002E65D1002204F10803AC
:10F96000A2606A68002A68D1C5E9003342481AF0EB
:10F9700025FEC30771D414F0D5F80020CDE76B68DD
:10F98000002B77D053E90232142101FB023333F804
:10F99000047C002E4FD1002FDFD023681E8ABE4288
:10F9A000DBD829680029E1D0A1F1080300221868FA
:10F9B000008AB0424AD904F10803002A40D0916875
:10F9C000A1600029CDD09360D0E7F37C318A23F089
:10F9D0008003F37489B9791CDBB289B243F08003E8
:10F9E0003182F37409F1FF3914361FFA89F90F4691
:10F9F000B9F1000FE9D14746CDE78F42F2D301AB11
:10FA0000204ACDF804A008461AF023FF019B43B119
:10FA1000338A1D4A1D4801211AF03EFD14F082F878
:10FA200083E73946DEE71A4A17889846B4F8049007
:10FA30004FF0000ADCE7B846F8E713606B6095E723
:10FA40006A68A1602B60002A90D1F7E798680028C7
:10FA50008CD01A46A0F10803A9E7D4E900231421A9
:10FA600001FB0323108A33F8041CFFF7A5FBFFF703
:10FA700069FC80E71B68FFDEB0810020405B00204E
:10FA8000B481002059A40300E136040008ED03000E
:10FA9000EAA200202DE9F04FB9B000AF0C46904625
:10FAA0003849D7F808013A46994618F09FF940B905
:10FAB000FFF79EF96FF015052846E437BD46BDE80F
:10FAC000F08F3E68391D304618F0B4F93EB92E4A21
:10FAD0002E4801211AF078FD6FF015043FE0786898
:10FAE00000BB07F1080A4FF0000B5146304687F87B
:10FAF00014B019F0B3FA054608B36C4688B06A46EC
:10FB0000234BCDE905364FF40073ADF81C30214B83
:10FB100042F8103F1D485B464FF4E251F6F73CFBBC
:10FB2000A546D9E70A22002116F0AAF803460028C4
:10FB3000D7D0194A154801211AF0AEFCCCE7C7F816
:10FB400010A0E4B1C02207F120014846C047041EBE
:10FB500007DA124A0D48234601211AF09DFC25467A
:10FB6000AAE7A40807F12003C7E906340C4A07F105
:10FB700010034FF6FF7101201AF06BFE9CE723463D
:10FB8000F2E700BF02370400F41D040008ED030093
:10FB90001E350400030000013A350400F63304006A
:10FBA000E1EA010030B5B5B0002301918DF80800FD
:10FBB00033930E4A01AB04460D4601204FF6FF7108
:10FBC0001AF047FE339B73B19B0003AA29462046D7
:10FBD000F9F7D6FE034620B1054A064801211AF07E
:10FBE0005BFC35B030BD1A46F0E700BFADED01005B
:10FBF0000937040008ED03002DE9F34100F1700816
:10FC0000CDE9001204460F46007A4146164619F027
:10FC1000C0FB0F4A05466B464FF6FF7101201AF0F4
:10FC200018FE1DB1207A4146FFF7BCFF207A394605
:10FC3000FEF7F2FE40B1314601301AF0B8FC1DB1BA
:10FC4000207A4146FFF75AF902B0BDE8F08100BFC3
:10FC50000DEE01002DE9F74F03681A8A0092426801
:10FC6000142101FB0233054633F804BC13F046FFB0
:10FC7000384805F108011AF0D4FB814600285ED10E
:10FC800013F050FF6FF0010003B0BDE8F08F2B6858
:10FC9000142202FB0434304AA368934219D094F929
:10FCA0001330002B05DA236923F000431B0C1B04DF
:10FCB00023610AF1010A6B681FFA8AF4A342E6D8AD
:10FCC00026481AF07BFCC3073CD413F02BFF00201E
:10FCD000DAE7E6682249002306F10108738140460D
:10FCE0001AF030FC07460028D9D130784146FDF79C
:10FCF00081F9034648B93078414619F04AFBA0B172
:10FD000030784146FFF74EFF0FE0427B072A14D1BF
:10FD100000F170013A46007A0193FEF783FF019BE0
:10FD20001846FCF70DFD002FE5D10D4940461AF0AD
:10FD30003EFC002333703381B1E74F46F0E74FF0CC
:10FD4000000AB8E700985946FFF736FAFFF7FAFAC3
:10FD5000BBE700BFB4810020EDF00100B0810020BE
:10FD60007C42040007B500230193FFF7FFFB411C11
:10FD700089B20846034A01AB1AF06BFD019803B043
:10FD80005DF804FBC5A603002DE9F04387B0437B73
:10FD9000072B02AF80460C46154640F0A680002394
:10FDA0003B73206842F6030307F10C01FB8119F055
:10FDB0007BF90646002834D1D4F80490B9F1000F3D
:10FDC00005D14C4A4C4801211AF0FEFB8DE001237D
:10FDD000009007F108022146C847031E11DA6D465C
:10FDE00088B002AA4549D3610423C2E9051442F848
:10FDF000103F414833464FF40151F6F7CDF9AD4677
:10FE000073E0012B05D03E4A3B4801211AF044FB28
:10FE10006BE03B7A13F0300F67D02046FFF7A2FF6C
:10FE20000446002320683B7307F10C0142F60213DD
:10FE3000FB8119F039F918B12046FFF793FF04460A
:10FE4000002642F6021920683E703946A7F8029053
:10FE500019F02AF918BB002320683B7307F10C0145
:10FE600042F60213FB8119F01FF9064600283CD127
:10FE7000D4F80490B9F1000FA3D00090022307F149
:10FE80000C0221464046C847031EA8DB022BBAD10C
:10FE9000BB8905EA0300003818BF012026E020686E
:10FEA0003E7142F60303391DFB8019F0FDF800286E
:10FEB000D1D020683E724FF4205307F108017B81B6
:10FEC00019F0F2F80028C6D020683E7342F601030C
:10FED00007F10C01FB8119F0E7F80028BBD02046A0
:10FEE000FFF740FF04460028ADD100201437BD467F
:10FEF000BDE8F0832737040008ED03003B3704001A
:10FF0000613704002DE9F843154689469422696853
:10FF100006461AF005FD8046002842D16968022293
:10FF20003046FFF731FF00283ED04FF4702000210B
:10FF3000AF8AFEF7CFFB0237044680B11C4B476106
:10FF40001D214174C0F80C80436085613A463046FB
:10FF5000FEF78EFB074638B92046FEF7E7FB6FF049
:10FF60000B052846BDE8F883012342464146FEF7CB
:10FF700017FDA98A07F10C00023118F004F920F8E6
:10FF8000029BAA8A29691EF0F3FAA760214630462F
:10FF90001AF002FA05460028E3D02046FEF7C6FB19
:10FFA000DFE74FF0FF35DCE76FF01505D9E700BF5D
:10FFB0005FA4030070B504468AB037481AF0FEFA11
:10FFC00042070D4661D514B1637B072B60D16E6883
:10FFD00005963046FFF7CAFA2A68ADF8180032B322
:10FFE00005A902912D4901910121002300914FF6AD
:10FFF000FF710593FFF7EAFA059E1EB96FF0010045
:020000040002F8
:100000000AB070BD6E60002330688DF8103004A90E
:1000100042F60303ADF8123019F046F870B90598AE
:10002000C3689B799B0605D46FF01500E8E70028AC
:10003000E9D1E3E71AF0C6FBADF81800BDF81800E7
:100040003CB101230146AB752A462046FFF75AFF13
:10005000D6E76FF07F0307930223ADF8203042F616
:100060000213ADF8123005ABAC7502930C4B019343
:100070000123009304AA23464FF6FF7109958DF8DA
:100080001040FFF7A3FA0798BAE76FF00A00B7E746
:100090006FF07F00B4E700BF640600208DA403006A
:1000A000FD02020073B500F13005044650F8083C2B
:1000B0000193A0F120066FF0010128461AF068FABA
:1000C0000D4B44F81C3C0D4B44F8183C01AB002090
:1000D00044F8103C042324F8080C24F8060C24F8F7
:1000E0000C3C3146FFF766FF18B9022128461AF08A
:1000F00040FA02B070BD00BF58F40300F9F20100ED
:100100002DE9F8433A4B164682689A4200AF0546FD
:1001100024D1D0F80C803468B8F80830F3B14246E6
:10012000204612F8011B19F035FCB8B14FF4957256
:10013000294620461AF0F4FB28B3032812D16C4656
:1001400088B06A462B4BCDE9053542F8100F2A4896
:1001500000234FF4C451F6F71FF8A5460120BD4611
:10016000BDE8F883052820460CBF4FF003094FF087
:10017000020919F009FC814505D933794B45EDD2C7
:1001800086F80490EAE7414628461AF01FFA1B4B0E
:100190009845E3D1207A04F17001FEF77FFC054613
:1001A0000028DBD0038913B94389002BD6D0204621
:1001B000FCF71EFC124B2A8923F8202003EB800356
:1001C0006A8910495A80182202FB00110E4A4A60BF
:1001D0000B610E4A8A60042320468B82FFF7EAFEF9
:1001E0000028BBD00A4A044801211AF0EDF9B5E70E
:1001F000EDF001007A37040008ED0300044A002006
:10020000CEA200207881002058F4030053A70300F9
:100210008E37040070B504468AB035481AF0CEF91E
:1002200042070D465DD514B1637B072B5CD16E6828
:1002300005963046FFF79AF92A68ADF8180032B3F0
:1002400005A902912B4901910121002300914FF64C
:10025000FF710593FFF7BAF9059E1EB96FF0010013
:100260000AB070BD6E60002330688DF8103004A9AC
:1002700042F60303ADF8123018F016FF70B9059876
:10028000C3689B79DB0605D46FF01500E8E700280A
:10029000E9D1E3E71AF096FAADF81800BDF81800B6
:1002A0002CB101462A4620461AF075FBD8E742F6E3
:1002B0000212ADF8122005AA6FF07F0302920E4AD7
:1002C00007930123CDE90032ADF8203004AA23467C
:1002D0004FF6FF7109958DF81040FFF777F90798F1
:1002E000BEE76FF00A00BBE76FF07F00B8E700BF22
:1002F000640600208DA40300FD0202002DE9F041F8
:100300003D4B154682689A42074603D0012738467E
:10031000BDE8F081D0F80C80384B984512D0B8F881
:100320000820AB899A42F1D1414611F8010BFCF744
:1003300061FE06460028E9D0437B072B24D0FCF75A
:10034000FFF9E3E72E4C00262E4920461AF0FAF872
:1003500078B914F8010C07222146FCF79DFE80B9FC
:100360002B6914F8010C1A69214653881288FEF78C
:10037000B3FC731C022B04F10C044FF00106E3D113
:10038000CDE7FCF7DDF9F4E7D8F8143023B13946AE
:10039000984708B93046D2E73946942230461AF0D9
:1003A000BFFA07460028F5D1AB89022B15D1B8F862
:1003B00008309A071ED52A69A9883046FFF7A2FDA2
:1003C000044618B92A69937D013393753046FCF7CA
:1003D000B7F9002CAC609ADB98E7012B0AD1B8F88A
:1003E0000830DB0706D52A69A98830461AF0D3FA07
:1003F0000446EBE73C46E9E7EDF00100044A002043
:10040000D3A200207C42040070B58EB000F17005CC
:10041000044603900123007A8DF81030294618F025
:10042000B8FF90B1227A52B302AE0421304616F0E2
:1004300099FD0096134A24212B4605A8F9F7B6F931
:1004400005AA11491046F6F763FA4FF6FF710F4AF5
:1004500003AB01201AF0FDF9204619F095FA9DF83A
:100460001010884209D2204619F059FA034620B1EB
:10047000074A084802211AF00FF80EB070BD00922A
:10048000D8E700BF0537040095FA0100010102001A
:10049000AB37040008ED03002DE9F0410D4B1B685C
:1004A00006460F46904623B153F8044904B1043C74
:1004B0000BB9BDE8F0811B681BB142463946304696
:1004C00098472CB1656805B1043D23462C46EFE7FB
:1004D0002546FAE7BC81002037B501250446009087
:1004E0004FF6FF712846094A8DF804506B461AF002
:1004F000B0F9002120461AF085FA20B94FF6FF71B5
:100500002846FEF759FE03B030BD00BF01010200CE
:1005100037B5124A009104460D468DF804006B462B
:100520004FF6FF7101201AF094F929462046F9F799
:1005300035FA002810DB29462046FEF7C5FC29467F
:100540002046FEF769FA08B1FEF7A8FC29462046C6
:10055000F9F70EFA00EAE07003B030BD39EE0100A1
:1005600073B5044603461A4A4FF6FF71012004F1A1
:1005700070061AF06EF9207A31461AF087F9207A5F
:10058000314618F006FF50B1237A8DF80430114A35
:1005900000966B464FF6FF7101201AF05AF920467B
:1005A000FEF7FAFA054688B1207A314618F0F1FED6
:1005B00028B9284602B0BDE87040FEF76FBC31464E
:1005C000681C02B0BDE8704019F0F1BF02B070BD08
:1005D00055F0010039EE01007FB54FF42052ADF81F
:1005E000162004AA02920B4A00230120CDE9003212
:1005F0004FF6FF7105AA04938DF81430FEF7E6FF5D
:10060000049B012B14BF6FF01500002007B05DF8AC
:1006100004FB00BF81AA030008B501460448044B4F
:100620001AF047FA043B002814BF1846002008BD02
:100630004C5B002010B50C4A11680C4ABFF35B8F6D
:1006400000F5B47353E8004F944204D143E8001C12
:10065000BCF1000FF6D1BFF35B8FBFF35B8FD0F817
:100660006801BFF35B8F10BDBC800020485B002099
:1006700008B5FFF7DFFFB8B1036843B1426832B194
:10068000826812B90B4A12783AB904200BE0094A81
:10069000127812B10BB1826842B9426842B9002B9C
:1006A00014BF0020032008BD0320FCE70120FAE767
:1006B0000220F8E766AF002008B5034A034801218D
:1006C0001AF0F5F9002008BDF337040040ED0300EF
:1006D000024A034802211AF0EAB900BF0E380400AA
:1006E00040ED030038B5002304461A46EC300D46B1
:1006F000FCF73AFE58B1693004D1074A0748012196
:100700001AF0D5F92846BDE83840F7F765BA204613
:10071000BDE838401AF029BA5731040040ED030013
:1007200038B5051D0446082128461AF027FA08495D
:1007300004F15700FBF7EEFD48B1082128461AF0F6
:10074000F6F90448044A01211AF0B1F9082038BD2D
:1007500021AE030040ED03002738040038B5EC2239
:10076000054600211DF02BFF102105F127000BF09D
:100770004FFE044648B9052128461AF0FFF9FBF759
:10078000B9FD034B1860204638BD0824FBE700BFC5
:10079000C481002070B50E4686B00446FFF74AFFBC
:1007A000F36804F137020546114603F1100053F8CF
:1007B000046B41F8046B8342F9D1237A052B00F2D4
:1007C0009580DFE803F017232303936A02AB4B49BC
:1007D0000093096804F1270304F1570001F082FC3B
:1007E00058BB0A21201D1AF0C9F9AB680299D4F848
:1007F000EC00984720460D211AF0C0F9201D102169
:100800001AF0BCF920461AF0ECF917E094F8DC1065
:10081000D4F8D83002ADCB403849009503F001033D
:10082000096843F0800304F157001AF0BDFB38B1AA
:10083000334A344801211AF03AF9082006B070BD55
:100840001022294604F117001DF0C1FE08B1042052
:10085000F4E7032120461AF091F91AF0C2F90028B2
:10086000EBD194F8DC300133DBB2142B84F8DC30AC
:1008700009D10D2120461AF081F91021201D1AF00E
:100880007DF90020DAE7102104F127000BF0C0FD0C
:10089000003818BF0120C000D0E7102104F1270064
:1008A0000BF0B6FD0028C8D135B3EB6823B3164B67
:1008B000E27A1B88ADF80830A37C12F0010F08BF64
:1008C0000320DB0703D5002814BF012002200023EA
:1008D000C4E938338DF809000C21201D1AF04EF9B7
:1008E000EB68D4F8EC0002A99847CAE7074A054824
:1008F00001211AF02BF9A0E702209FE7C481002014
:100900004038040040ED030098EF0300593804001C
:100910002DE9F04790B004460CAD10220021284686
:100920001DF04DFE237A052B34D8DFE803F00603D3
:1009300003063323D4F8D8300C93D4F8EC3004F108
:10094000470204F1C707CDE9017204F1370803F14A
:100950007E0204F12709009277334A46414604F1AA
:10096000970001F057FBF0B1454A464801211AF0C3
:100970009EF814E0D4F8E430002BDED02E4603F1CC
:10098000100718685968324603C20833BB4216463E
:10099000F7D1D2E73C4A3B4801211AF0D7F80820AA
:1009A00010B0BDE8F087D4F8EC3003F177027E3365
:1009B00008AE019304F111030292009303962B46B3
:1009C0004246494638461AF014FB08B12F4ACCE794
:1009D000237A052B0ED1D4F8E01011B30B46AC46A8
:1009E00001F1100E18685968624603C20833734556
:1009F0009446F7D1D4F8EC3003F17E0277330DF151
:100A0000100A019304F10A0302920093CDF80CA09E
:100A10002B464A46414638461AF0EBFA30B11C4A9A
:100A2000A3E7102228461DF0CAFDE3E71022514635
:100A300004F1B7001DF0CBFDF8B90D2120461AF0E6
:100A4000B1F807460028AAD010210C3017F09BFB04
:100A500032460346164603CEAE421860596032460F
:100A600003F10803F6D139462046FFF73BFE201D6F
:100A700001211AF083F8002092E70B2090E700BFD5
:100A80007538040040ED0300593804008A3804002A
:100A9000AD38040073B5047A022C054623D844B15E
:100AA00090F8DC30D0F8D840DC4004F0010444F089
:100AB0008004032128461AF075F80646D8B11021A3
:100AC0000C3017F060FB009012482346006805F1D7
:100AD000270205F157011AF067FA044680B1304643
:100AE000F7F77AF807E0032C08D00B4A0B482346A7
:100AF00001211AF02BF8082002B070BD0024D8E7BD
:100B000031462846FFF7EEFD281D21461AF00FF862
:100B10002046F1E7C48100205938040040ED03006D
:100B200070B5061DCD6804460B21304619F0FFFF55
:100B30002B4604F1170205F1100153F8040B42F89B
:100B4000040B8B42F9D1237A012B09D0022B13D14C
:100B5000204604211AF012F8BDE87040FFF79ABF52
:100B60000A21304619F0A5FF0028F1D030460021B7
:100B70001AF004F8002070BD0348044A012119F05E
:100B8000E5FF0820F7E700BF40ED030059380400F7
:100B9000F7B50446FFF74EFD261D05460E213046EB
:100BA00019F087FF78B94E4B2022196804F15700DD
:100BB0001DF00DFD38B94B4A4B48022119F077FF63
:100BC000082003B0F0BD0C21204619F0EBFF0746CA
:100BD0000028F5D040210C3017F0D5FA404B1B68A7
:100BE0000246014603F1200053F804CB41F804CB40
:100BF0008342F9D1203203F1200153F8040B42F86B
:100C0000040B8B42F9D139462046FFF76BFD237A5E
:100C1000052B5DD8DFE803F003491A035C59042172
:100C2000204619F0ABFFFFF735FF0028C8D130464A
:100C3000072119F0A3FF0820FFF7EEFC00284DD193
:100C4000204603B0BDE8F040FFF76ABD2046D4F867
:100C5000EC70FFF7EFFC042105464FF0FF330DEB7E
:100C6000010001930BF0D4FB0028A9D1019B1F4A7E
:100C7000B3FBF2F102FB11330193C4F8D83084F8CE
:100C8000DC0055B12B6843B10B21304619F076FFDB
:100C90002B68D4F8D810384698470321204619F01D
:100CA0006DFF0E2119F06AFFC1E72046032119F0FC
:100CB00065FF0E2119F062FF30460A2119F05EFF30
:100CC0006B68D4F8EC009847B1E704212046E9E7C7
:100CD000074A0548012119F039FF71E7002070E744
:100CE000C4810020D138040040ED030040420F00D1
:100CF0005938040070B50E460546FFF79BFCF368B3
:100D000005F15704224603F1200153F8040B42F881
:100D1000040B8B42F9D105F1770203F1200153F85E
:100D2000040B42F8040B8B42F9D12046FBF73EFA44
:100D3000F0B11D4A1D48032119F0B9FE281D0E21EE
:100D400019F01CFFD5F8EC40D4F8A40038B9207A8B
:100D500004F1700100F0CAFEC4F8A40098B1438AFF
:100D600003F024037BB1437C9B070CD4032070BDAC
:100D70002046FBF727FA30B90C480D4A022119F03A
:100D800096FE0B20F3E70B4B1C682CB9281D06219F
:100D900019F0F4FE2046EAE72846FFF7F9FE00388E
:100DA00018BF0120C000E2E7EC38040040ED03006A
:100DB0000D390400C481002038B512490446A0F161
:100DC000EC054C301BF05DFF284619F072FFBFF3B5
:100DD0005B8F0D4A04F17C0353E8001F43E80020B9
:100DE0000028F9D1BFF35B8FBFF35B8F80344FF0E6
:100DF000FF3354E8002F44E800310029F9D1BFF354
:100E00005B8F38BD35190200485B002080B500AF0C
:100E100088B06A46074BCDE90530032342F8103FFE
:100E2000054800234FF4C251F5F7B6F96FF00B00F7
:100E3000BD4680BD2939040040ED030008B5084ACD
:100E4000D2F8EC3033B90748C2F8F000EC320A604F
:100E5000184608BDFFF7DAFF6FF00B00F9E700BF97
:100E6000485B0020D0F403002DE9F0410B4600AFB1
:100E700006460D21043019F01CFE80B3DD68D6F85B
:100E8000EC3003F17008197A424602201AF04DF84E
:100E90000446D0B94046F8F7F1FB6D4688B06A4683
:100EA000124BCDE905304FF40073ADF81C30104BF8
:100EB00042F8103F0F4823464FF4E251F5F76CF922
:100EC0000820AD46BD46BDE8F0812B462E3405F125
:100ED000100253F8041B44F8041B9342F9D1304626
:100EE000092119F04BFE0020ECE700BF4E39040049
:100EF0000300000140ED030038B5174B1B78054691
:100F000023B301F00F042846FFF7B2FB134A03286E
:100F10000CBF04F00B0444F0040405F5B67312781A
:100F2000BFF35B8F53E8001F013103D143E800207A
:100F30000028F7D1BFF35B8FBFF35B8FD5F86C311F
:100F4000BFF35B8F2BB144F0010038BD01F0070403
:100F5000D9E704F0FE00F8E766AF00200D4D002051
:100F6000F8B50D46D0F8EC700446FFF763FBED686A
:100F7000EB78102B01D00620F8BDD7F8A430002B59
:100F800073D0261D0F21304619F093FD20B920465D
:100F9000FFF7E4FB002871D1012363722B68C4F8CA
:100FA0000A30AB88E38102232374A9782046FFF737
:100FB000A3FFE0742046FFF75BFB102360742375EA
:100FC0002B7903F0030363756B7903F00103A375B9
:100FD000E37C1A0754D40521304619F06AFD002835
:100FE0005CD0574B1B78A374E37C980606D5AB788E
:100FF000990603D51421304619F0C0FDE37CDA07C9
:101000004ED5AB78DB074BD50D21304619F0B6FD38
:10101000A37D84F8E830637D84F8E930032130460D
:1010200019F0ACFD237BE17C2D7803EA0102100767
:1010300004D5E27AA07C0243D20735D4042D35D8FA
:101040000B4313F0040307D02046FFF711FB3D4B81
:1010500005EB85052B441B5C2372D7F8A4102046B2
:1010600019F030FD20BB032086E7387A07F17001C4
:1010700000F03CFDC7F8A400002882D108207BE7DF
:10108000AB781B07A7D50521304619F077FD637DA6
:1010900003F0020363750023A3759CE72A4BA1E7C5
:1010A00000236375A375B3E70523D5E70023D3E7D2
:1010B000D4F8EC309B7A032B33D022D8013B012BA0
:1010C000DCD80521304619F0F4FC0028CBD00C21E7
:1010D000204619F053FD022119F064FD0546002851
:1010E000CCD006210C3017F04EF8D4F81130036044
:1010F000B4F81530838029462046FFF7F3FA002024
:101100003AE7042BBAD1237D627B934228BF134672
:10111000102B7FF430AF0521304619F0CAFC0028AF
:10112000A1D0237A002B9ED00521304619F0C1FCB6
:101130000028C6D1237A013B012BC2D893E700BF18
:1011400068AF00207643040067AF00202DE9F0412E
:10115000C778012F044604D06FF015042046BDE87F
:10116000F08119F0F5FC0546002800F0A980061D65
:101170000421304619F09DFC002840F0A480032192
:10118000304619F096FC10B16FF00F04E6E73946CF
:10119000304619F08EFC0028F6D12846FFF74AFAAF
:1011A000D5F8EC309B7A032B074640D030D8013B72
:1011B000012B46D90F21201D19F07BFC0028CBD133
:1011C000D4F8A40090B904F17007217A3A4620209F
:1011D00000F026FDC4F8A40040B9217A3A46042064
:1011E00000F01EFDC4F8A4000028B5D0438A13F017
:1011F000240FB1D0A27A022A23D9417CC907ABD5EA
:10120000032A1ED09B06A7D5037C102BA4D118E07F
:10121000042BCFD12846FFF72BFA032804D1002F47
:10122000C8D0FB68002BC5D0284B1B7807E02846A8
:10123000FFF71EFA032804D1002FBBD0FB68002B58
:10124000B8D0D4F8A4303BB12846FFF787FA04465B
:1012500070B16FF0680481E7207A04F1700100F04A
:1012600045FCC4F8A4000028EED16FF00B0475E72C
:101270000B21284619F096FC07460028E9D00121E9
:101280000C3016F080FF092180462846FFF734FE17
:10129000234688F800002246394605F1EC00FCF7A9
:1012A00063F8044618B13846F6F796FC56E7304620
:1012B0000F2119F063FC0121284619F05FFC4DE76E
:1012C0006FF07F044AE76FF0040447E766AF002041
:1012D000F8B5D0F8EC40D4F8A4300546061D002B34
:1012E0003CD102213E4A3F4819F0E1FB07213E4B29
:1012F0005F5CD4F8A4304BB11B7C002B65D1D4F8D3
:10130000A40019F026FE0023C4F8A43002213046C0
:1013100019F0CFFB40B9072F96BF344B1F21D95D81
:101320003A462046FBF704FE0321304619F0C1FB84
:1013300040B32F4B1B682BB353F80C6906B10C3E1E
:1013400003B35B6813B1394620469847002E43D05B
:10135000F26802B10C3A33461646F1E779BB0D212B
:10136000304619F0A6FB074620B1D4F8A40008B116
:1013700000F024FE1E4B1B6823B153F80C6906B124
:101380000C3E73B9284619F094FC637B072B25D1DA
:10139000627AA37A9A4221D02046BDE8F840FFF74E
:1013A000D5BE1B6813B13946204698472EB1F26866
:1013B00002B10C3A33461646E3E73246FAE7013902
:1013C000C9B20E2993D9092793E70221304619F0B3
:1013D00070FB002893D199E73246BCE7F8BD00BF07
:1013E0006839040040ED03006743040056430400DD
:1013F000B4800020F8B5031D06460F4618460221AA
:1014000019F057FB044620B1B6F8E840B4FA84F46A
:1014100064090321184619F04CFB80B13946304667
:10142000FFF756FFC4B11A481A4A022119F03FFBD0
:10143000D6F8EC00052118F03BFA0020F8BD012198
:10144000184619F036FB0028E8D10F21184619F08C
:1014500030FB0028E2D1E5E70521304619F0A2FB78
:10146000054688B101210C3016F08DFE2346077029
:101470002246294606F1EC00FBF776FF0028DCD077
:101480002846F6F7A9FBD8E76FF06800D6E700BF5B
:1014900040ED030092390400134B10B50446186068
:1014A0004FF0FF324FF0FF33104811F015FD104898
:1014B00012F0B4F80D4811F081FD1CB9BDE81040E0
:1014C000FFF706B90B4CBFF35B8F2368BFF35B8F4D
:1014D0005B0607D5201FFFF75BFB18B10821201F13
:1014E000FFF788FF10BD00BFC48100201C4A002008
:1014F000304A00204C5B00202DE9F3410B8A044662
:101500000E4643B92D4A2E48012119F0D0FA002089
:1015100002B0BDE8F081012106F10C0016F074FE66
:10152000A4F1EC05E83C07460421204619F0C1FA75
:101530003B7828B1234A2248022119F007FBE6E74D
:101540000E2B01D9204AF6E7DFF8808058F83320C7
:101550004AB902211E4A1A4819F0F8FA072128460A
:10156000FFF748FFD3E71946284619F08BFB3B7875
:1015700060B91348174A022119F0E8FA03212046FE
:1015800019F097FA0028C2D00821E8E708EBC30158
:10159000328A0979914208D0012100930848134604
:1015A0000D4A16F0D8FA0A21D9E7314658F83330F7
:1015B0002846984701460028A9D0D0E7EA39040018
:1015C00040ED0300053A0400363A0400F8F4030045
:1015D000583A0400723A0400333204002DE9F0470F
:1015E00084B090F8E930D1F80C80D0F8EC6023F0AA
:1015F000020380F8E93098F8003000AF054606F1A4
:101600007009BBB398F8063003F0C003C02B31D08B
:101610004046F8F733F86E4688B06C465D4BDFF80D
:1016200078816D464FF4007ACDE90530ADF81CA005
:1016300045F8108F00232A464FF4E2515748F4F73B
:10164000ABFD4846B546F8F719F8A546544BA4F843
:101650001CA0C4E90530C4F81080504800232A4675
:101660004FF4E251F4F798FD0A20B5461037BD4615
:10167000BDE8F0870722414648461CF0A8FF68B144
:10168000307A414600F020FB044638B10146284636
:1016900019F018FA30B3204619F05BFC0D21281D13
:1016A00019F007FA002863D0317A4A46022019F06F
:1016B0003CFC0446C0B94846F7F7E0FF6D4688B0E9
:1016C0006A46384BCDE905304FF40073ADF81C3055
:1016D000314B42F8103F314823464FF4E251F4F7C2
:1016E0005BFDAD460820C1E7F378002B3AD106F147
:1016F0007E03187801282AD19A7902F0C002402A84
:1017000025D1D3F80120C4F83E20B3F80530A4F861
:10171000423096F87030D3B196F8763003F0C003BB
:10172000C02B14D02049FC603A1DC7E90198FBF793
:1017300019F9D8F80030C4F80130B8F80430A4F82A
:10174000053098F80630E3713046FBF7C1FB2046C0
:10175000F9F7B8FF48B11148144A022119F0A7F966
:10176000032083E706F17703C3E72046F9F7BAFFC2
:1017700095F8E9305B0703D50A21284619F0FEF9F0
:10178000B5F8E81009B1002070E72846FFF7A0FD82
:10179000F9E700BF8D3A04000300000140ED0300AB
:1017A0000B3B04004E390400F9AC0300A13A0400DD
:1017B0002DE9F0410E46D0F8EC800446FEF73AFFE2
:1017C000F668054633781048104A0121271D19F0A4
:1017D000BDF90A21384619F055FA38B16DB92046DD
:1017E0003178FFF775FD0020BDE8F0810B21384608
:1017F00019F048FA0028F1D1F1E72B69002BEED05F
:1018000040469847EBE700BF40ED0300DC3A040098
:101810002DE9F8430546A0F1E80600AF04468846E6
:101820003046012155F8EC9919F02CFA28B3B8F19B
:10183000000F17D00321304619F03BF9E8B14046BC
:10184000F8F760FF0138C0B208289ABF354B1C5C1E
:1018500000240221304619F091F921462846FFF76D
:1018600037FD0AE099F80B303BB10321304619F0FF
:1018700020F928B9284619F01CFABD46BDE8F883BE
:101880000521304619F015F9B8B114F8043C1B07CE
:1018900007D514F8033C180703D51121304619F079
:1018A0006DF914F8043C23F0080304F8043C14F820
:1018B000033C23F0080304F8033C14F8033CD90765
:1018C00010D50621284619F059F93046022119F0A1
:1018D00055F92068D0F8A46066B134F8041C0029DA
:1018E000CBD1BBE79A0701D50821EBE75B07ECD525
:1018F0000A21E7E77030F7F7C1FE6C4688B06A4608
:10190000094BCDE905304FF40073ADF81C30074B9F
:1019100042F8103F064833464FF4E251F4F73CFCDE
:10192000A546AAE75E430400FE3A04000300000156
:1019300040ED030037B5A0F59C75A0F59A74BFF390
:101940005B8F2368BFF35B8FBFF35B8F2A68BFF3A6
:101950005B8F084800920121074A16F0FCF82846E0
:101960000821FFF7B5FC0421204603B0BDE8304054
:1019700019F004B940ED0300133B04002DE9F843CE
:1019800000AF044619F0E4F8054678B3061D0321BC
:10199000304619F08EF848B3D4F8A40008B119F015
:1019A000D8FA04F17009207A494600F09FF8804681
:1019B000C4F8A400E8B94846F7F760FE6C4688B062
:1019C0006A46404BCDE905304FF40073ADF81C304A
:1019D0003D4B42F8103F3D484FF4E2514346F4F787
:1019E000DBFB0821A5462846FFF704FDBD46BDE800
:1019F000F8830E21304619F05CF828B1D4F8A42001
:101A0000537C43F0020353742B7A032B0DD8002B25
:101A10004DD1D4F8A420537C23F020035374D4F880
:101A2000A420537C23F001030DE0053B012BF0D8EB
:101A3000D4F8A420537C43F020035374D4F8A4209A
:101A4000537C43F0010353742B7D697BD4F8A420AD
:101A50008B4228BF0B4613740521304619F029F834
:101A6000D4F8A420537C48B343F0100353740D21E1
:101A7000304619F01EF80028B8D0D4F8A400202170
:101A800019F063FAD4F8A43005F147021E33573534
:101A900052F8041B43F8041BAA42F9D1D4F8A4203D
:101AA000002353619361D4F8A42093839EE705211A
:101AB000304618F0FEFF0028ABD0BFE723F010033C
:101AC000537493E74E3904000300000140ED030016
:101AD00008B5044B044801221A70FAF7B5FB002040
:101AE00008BD00BF66AF0020384A0020F7B50546A4
:101AF00025480378AB420C464FF0010603D1304431
:101B000019F008FAD0B926B12049214819F002FA93
:101B1000B0B11D4B1A4602F8015B2168C3F80110F1
:101B2000A1889180A17991711A4940F21162DA601D
:101B30000A6801320A605A64174A1360124820E0AA
:101B400000231649ADF800306A460120FAF70AFF73
:101B50009DF800306E469BB90B4BD3F80100B3F8EB
:101B60000510DA7900905F1CB1801878B2713146A7
:101B7000F8F7A4FD0549384619F0CCF90028C8D17A
:101B8000002003B0F0BD00BFD08100207C420400E3
:101B9000D1810020CC810020C8810020ED1C0200F2
:101BA000F7B50E4F04460D4616460023798A3A785B
:101BB0000BB103B0F0BD0029FBD0A242F9D1084B14
:101BC0001868998800909B79ADF8041068463146F2
:101BD0008DF80630A8470123E8E700BFD081002038
:101BE000D1810020F8B5084F164604460D46002264
:101BF0007B8A234002B1F8BD002BFCD03146384629
:101C0000A8470122F4E700BFD081002008B50349AE
:101C100000220220FFF7E6FF002008BD25AF0300E9
:101C200038B5094C638A03400D461146227806D028
:101C3000954204D1601C19F06DF910B938BD00202F
:101C4000FCE72046FAE700BFD0810020F8B50B780A
:101C5000012B06460C4601D00020F8BD8B7903F01D
:101C6000C003402BF8D1154D6F8A2946BF0711F8E4
:101C70003E2B4FF0000304F1010006D5B24204D11F
:101C800006221CF0A4FCB8B10023002BE4D16B8A1F
:101C90009B07E1D52B78B342DED1661C084831465C
:101CA00017F0B2F90028D7D0D4F80130C5F83E308B
:101CB000044BB4F805209A800048CEE7D08100207C
:101CC000FE8100200E82002010B5074C237883424D
:101CD00007D1601C19F01EF9002814BF204600200F
:101CE00010BD0020FCE700BFD081002038B5427B4A
:101CF000072A0C4610D1057A17F06CFE01462846DB
:101D0000FFF7E2FF40B16278044B482101FB023348
:101D1000984204BF0123237038BD00BFD08100204A
:101D20002DE9F04194B0154602AF044658B9964AE1
:101D30009648012115F0FCFE6FF015063046483735
:101D4000BD46BDE8F0813C2207F10C011846A847CA
:101D5000051E06DA8E4A2B468C48012115F0F1FE4D
:101D6000EAE7391D204617F079F9064698B16D4625
:101D700088B002AA874BC2E905344FF400739383FD
:101D8000854B42F8103F814800234FF4E251F4F7AD
:101D900003FAAD46D0E73946204616F04BF83868CE
:101DA00038B10A22314613F06BFF034608B17B4A73
:101DB000D2E70DBB3A1D29463F20FFF731FF20B186
:101DC000482229461CF0FBFBB8E7381DF7F756FC04
:101DD0006C4688B002AA724BC2E905304FF400731A
:101DE00093836D4B42F8103F68482B464FF4E45103
:101DF000F4F7D2F9A546A1E7391D0020FFF776FEDA
:101E00000446C0B9381DF7F739FC6D4688B002AA00
:101E1000644BC2E905304FF4007393835E4B42F884
:101E2000103F5A4823464FF4E251F4F7B5F96FF0EA
:101E30000B06AD4682E73C2D00F093803B7B112BD7
:101E400042D0382D40F0818040F21163C36007F129
:101E50000C0500F1100207F1440C2B4603CB63453F
:101E6000106051601D4602F10802F6D1E27BB4F821
:101E70000D3043EA0243062B50D1637CDA071CD5B0
:101E800013F0300519D1381DF7F7F8FBE84688B094
:101E900002AA454BC2E905304FF4007393833E4BD1
:101EA00042F8103F39482B464FF4E451F4F774F9E7
:101EB000637C23F00103C54663743C4B626C196874
:101EC0008A4288BF1A6039E7382D3ED1381DF7F7AE
:101ED000D5FB6D4688B002AA354BC2E905304FF4F8
:101EE000007393832C4B42F8103F284800234FF493
:101EF000E451F4F751F904F10C02AD4607F1440C3A
:101F000007F10C052B4603CB6345106051601D465D
:101F100002F10802F6D1237B112BA7D0381DF7F769
:101F2000ADFB6D4688B002AA224BC2E905304FF4E2
:101F300000739383184B42F8103F144800234FF46A
:101F4000E251F4F729F9AD4607E03C2300931A4A21
:101F50000E482B46012115F0FEFD204618F0F9FF32
:101F6000EAE607F10C0300F10C0207F1440C1D46F0
:101F700003CD6545106051602B4602F10802F6D191
:101F800028681060C7E700BFF41D040020ED0300BF
:101F9000493B04001E350400030000013A350400EB
:101FA000683B04008B3B04002A3C0400CC810020E9
:101FB000AA3B0400EA3B0400CC3B040010B50146F8
:101FC00002463C2311F8010B0C32F7F749FD044699
:101FD00028B1044A03460121034815F0B2FD20460A
:101FE00010BD00BF8F3C040020ED030008B5FFF7D3
:101FF0006BFE48B1054A1368834205D0044910605E
:102000000B6801330B60436408BD00BFC88100202A
:10201000CC8100202DE9F0439BB0304CDDE92387D3
:102020001D468446894616460CAB04F1300E2068E6
:1020300061681A4603C2083474451346F7D1206814
:10204000106022791A716146202204A818F094FFCA
:1020500023486B46202204A900F072F80446C0BB56
:10206000102249460DF1350018F086FF1022314646
:102070000DF1450018F080FF2946062211F8013BBA
:102080008DF855300DF1560018F076FF2299062292
:1020900011F8013B8DF85C300DF15D0018F06CFF1C
:1020A000434635220CA9684600F04AF8044680B938
:1020B000404618F06BFF01238DF8303035223B4647
:1020C0000CA9684600F03CF8044610B9384618F0F0
:1020D0005DFF20461BB0BDE8F08300BF9AEF030010
:1020E0008F43040070B598B00E4614460146202276
:1020F00004A81D4618F040FF202231460CA818F015
:102100003BFF1022294614A818F036FF1022214662
:10211000684618F031FF6B46502204A9684600F06B
:102120000FF840B9039B054A1BBAB3FBF2F102FB5F
:1021300011331C9A136018B070BD00BF40420F00ED
:102140002DE9F0418CB007460C46154600211422BB
:1021500007A81E461CF033FA4FF41053ADF81830A0
:10216000DFF85C808023ADF81A304FF44063CDE98E
:102170000838102204AB394606A81BF0A7FA03461C
:1021800048B1104A1048012115F0DBFC6FF0040043
:102190000CB0BDE8F08105AB029310232246CDE9D7
:1021A000006341462B4604981BF0D1FB044604987B
:1021B0001BF0C2F92043EBD0044A2346E2E700BFFC
:1021C0000002C003C63C0400C8EC0300E23C04006B
:1021D00000F1070C2CF0030C10B4541E1860A4B2CC
:1021E000ACF80020023A93B201FB04F24FF0000C6D
:1021F00040F802C074B103FB011403FB01F2204458
:10220000121B4FF6FF7C013B9BB263458050A0EB55
:102210000100F8D110BC70470346006810B1026895
:102220000AB91A60704700F1070C2CF0030CD11D9D
:10223000BCF800C021F003010CF1FF3CA1F800C084
:10224000EFE700BF0B687BB1073323F003031A8865
:10225000013292B20346D1F800C043F807CB23F015
:1022600003031A80086070470122F3E702FB0100B4
:10227000704700BF401A90FBF2F080B2704700BF79
:10228000531E11449BB242B1DB430138CA1811F806
:10229000013D00F8013F9142F9D17047014402E04D
:1022A00010F8013B1BB98842FAD100207047012089
:1022B000704700BF10600860704700BF0A6803469F
:1022C0000068904205BF00220A6000201A60704733
:1022D000D2F800C0CCF80000D2F800C0CCF804104E
:1022E00010607047884203D01AB14368136070478A
:1022F000002070470B68834209D02AB158681060EB
:102300001A680A6018467047002BF9D1FAE70023D3
:10231000F8E700BF2DE9F8430E4EDFF83C904FF090
:1023200090080C2706F1200409EB08052A1D294610
:102330002046083CFFF7BEFFB442A5F10C05F5D1DD
:10234000043F3B1DA8F13008A4F12006EAD1BDE806
:10235000F88300BF74820020C082002010B40346BE
:102360008C469AB101EB4101144803EB4304090187
:1023700001EB84010144487A0C7AA04204BF013089
:10238000087210BC614618460CF08ABB01EB410292
:102390000A4C120100EB400302EB830323449C7AB6
:1023A000DA7AA24201D010BC704701329A72044B13
:1023B00001225A5410BC0CF0A3BB00BF9C82002029
:1023C00018820020F8B506461C460D4602B3227856
:1023D0006378D21A12F0030229D1294F71004FEA13
:1023E000450C3144AC44890001EB0C11013304313C
:1023F000DBB27A18606823702146FFF769FF214B32
:102400000122294630465A550CF07AFB0020F8BDCF
:102410000CF060FB0028DAD0294630460CF04CFB6B
:10242000637860B92278D21A12F00302D5D0012A5B
:1024300003D00133DBB22370E1E71046F8BD05EBB2
:10244000450206EB46010E4F120102EB81023A44AF
:102450007100907AD27A90424FEA450C05D02078EC
:10246000C01A10F00302E2D1BBE72278D21A920719
:1024700002D00233DBB22370D4E902039847C5E7E8
:102480009C820020188200202DE9F04FDFF8609137
:1024900019F8003089B0002B59D0DFF858A1C0EBF3
:1024A00000134FF0000B00EB40079B000324CDE925
:1024B00004BB09F800B00AEB0717039302948346A4
:1024C000B8460023B96A58F8240F079307AAFFF704
:1024D00009FF044607AAB4B1079D2E786978761AD9
:1024E00006F00306012E35D02B78591A01F00301AE
:1024F0000129DBB23DD1D7E90901FFF7F3FE04461C
:1025000007AA002CE8D197F82E3097F82F209A428E
:1025100003D087F82F300123049397F82C3097F8D5
:102520002D209A4203D087F82D3001230593029B7A
:102530005D1EEBB2FF2B0293A7F10C07C0D10499EB
:10254000D846DDF814B011B1BBF1000F45D009B089
:10255000BDE8F08F01396970079BD3E9020290470B
:10256000079D2A786978D3B2521A02F00302012A31
:1025700021D0B86A019300224146FFF7BBFE6C6090
:10258000019B6A786B702B789B1A03F00303012B75
:1025900008D0D7E9090107AAFFF7A4FE012E0446D7
:1025A00098D10EE0039B6A701A1D294620465244BA
:1025B000FFF78EFEEDE7D7E9090107AAFFF792FEC4
:1025C0000446029B8BB101235946584609F80B304B
:1025D0000CF096FA09B0BDE8F08F5A4641464046E5
:1025E00009B0BDE8F04F0CF05BBA002C8BD0EAE7E5
:1025F000188200209C8200204B1EDBB271B1411E6C
:1026000000EB030C002011F8013F23B15A1E0130EA
:102610001340C0B2FAD16145F5D170470846704702
:1026200070B5057E0468FF2D2AD02A464FF0000CB5
:1026300007E09E6814F80E30FF2B1546B4441FD0F7
:102640001A4602EB420391424FEA031E04EB0313C6
:10265000EFD18D4202D114F80E20027614F80E202C
:10266000986805EB45052D01FF2A625506D002EB5F
:10267000420204EB0212936803449360604470BD0D
:10268000002070BDA2EB010C1CF4000F10B4836895
:1026900044690AD12CF07F4C6344A3420DD8E41A5C
:1026A00000234461836010BC7047891A21F07F4188
:1026B0008B4208D95B1AA342F1D91B1B0024446149
:1026C000836010BC70470C44E41AE9E72DE9F0413F
:1026D000244DBDF824708E462C2101FB00556968FD
:1026E00001EBCE0011F83E60C478417804F1010C92
:1026F0005FFA8CFC664598BF4FF0000C61452DD009
:10270000466804EB4404210106EB04144FF004086E
:1027100006F801806360069BA360079BE360089B4B
:1027200023610A9BA3610F9B63620B9BE3610C9B7C
:1027300023620D9BA3620E9BE36202236270A78259
:10274000A37080F803C0D5E90836704698472B4639
:1027500041460022B047A078BDE8F0810120BDE8E5
:10276000F08100BF5C8300202DE9F04F87B0034665
:10277000427A019000685F680290002A00F0EF80C2
:10278000531EDBB207EBC3038A4603930597039BF3
:102790005A6893F801B00492BAF1FF0F57D00AEBD0
:1027A0004A04029BCDF800A04FEA0419002513F853
:1027B00009A003EB0414019BFF2727701E681B7EF2
:1027C00006EB0908BB42D8F808100DD1C1E0091A80
:1027D00005D1B8F81E90BEF81EE0F1457AD8B25C7B
:1027E000FF2A1F4665D0134603EB430206EB021E89
:1027F0004FEA430CDEF8080088424FEA0212E6D99D
:10280000FF2FC8F8081088F800305DD1DDE90020FE
:102810000276634406EB03139A68521A9A60A3780F
:1028200001336370002DB7D0AB6A4FF000022A70FD
:10283000AA7013B1E96A002098476368002BABD1F6
:10284000AB6A2362EB6A6362BAF1FF0FA7D1039B05
:10285000049E99780BEB4B030BF1010059454FEAAD
:1028600003125FFA80FB06EB031569D0039B18780F
:10287000B35C584508BF4FF0000B042BEAD16978D0
:10288000029801EB410300EB03144FEA031960784F
:10289000A378984220D04FF00003B354AB6A4FF0B6
:1028A00001020120AA700BB1E96A9847039B99784D
:1028B000D0E79C444FEA0C1C009BC8F8081088F82D
:1028C000002006F80C30AAE707EB47073F01009A03
:1028D000F2559EE7014693E7019AAB8A0091516950
:1028E0004FF6FE72934207D04FF6FF729B1AB3FA6F
:1028F00083F35B0984F82C306B6AA362EB68636036
:102900002B69236200226262AB8A4FF6FD7083421C
:1029100088BF1346A383AB69A361EB69E3602B6AAD
:102920002361AB68A36062616A682046FFF7AAFE74
:102930004FF00003E383E37843F00103E3703AE7E9
:10294000039A517005999142A2F1080307D00393AD
:102950001DE706F80930DDE9003213765FE707B0BE
:10296000BDE8F08F2DE9F04F447E01238FB08376D0
:10297000002C40F0BA80037EFF2B814600F0B4802B
:102980000BF096FBD9F81420D9F81C3099F8188070
:10299000D9F80060801A20F07F4B5B4594BF00237C
:1029A0000123B8F1FF0F0393A2467CD0049408EBF7
:1029B000480806EB08144FEA0818A3685B4571D86D
:1029C000A27816F80880ABEB030B9A4463789B1A45
:1029D000DDB2012D63D1A06AA3690293002800F043
:1029E00019810168002900F08380002B00F02A8102
:1029F000039B002B00F04A81037A5A0700F03B81C9
:102A0000037A23F007030372E78BE27822F00102D6
:102A10007B1CE27094F82C209BB2E383002A00F028
:102A2000E080A28B9A4280F0DC80A06A002800F04F
:102A30006581037A03F00703012B00F0D2800027A1
:102A400041684760A36A1A7A67F302021A72A27891
:102A5000E768013AA27017B36369D9F8142094F8B3
:102A600003C0AAEB0303134423F07F40626A236987
:102A70000CF0010C002D40F0DF80B4F81EE0CDE931
:102A800000C37346B847DDE90223002A18BF43F0AC
:102A900001030393E378E58365F30003E370B8F182
:102AA000FF0F84D1049C99F80B3099F80A209A42C0
:102AB00008D10132D2B2022A1ABF1446234600239B
:102AC00089F80B4009EB83030022C3F80CA0D9F866
:102AD000244089F81A204B46012204210320A446F1
:102AE0000FB0BDE8F04F604784760FB0BDE8F08FBF
:102AF000029B002B00F08C80039B002B80D1D9F827
:102B00001C309A45FFF47CAFB8F1FF0F7DD0029BDB
:102B1000E78B09939C46A38B6168CDF818B0BB4244
:102B20009ABFFB1A9BB23B4603FB0113CDE907A8F2
:102B300005934FF0000E43460B92DDF824800C9570
:102B4000CDF824C0A3468A4684460D97CDF8289038
:102B500003EB430306EB03121B0191688E44F0451F
:102B600048D3906A946900283FD0006800283CD080
:102B7000D58B978B5068AF4240F29380002840F08D
:102B80009780BCF1000F32D08146DCF8000028B1FC
:102B9000029919B97444A04280F0BD80AF4226D892
:102BA000D0789BF8032000F0010402F00105A54253
:102BB00005D34240D1071AD4B9F1000F17D06046AF
:102BC0005C46DDF820800C9DDDF824C00D9FDDF80B
:102BD0002890DDE906BA002840F09680CDF808C0BC
:102BE00013E7A378013BA37059E7002CC0D1F35C35
:102BF000FF2BADD16046DDE9088C5C46DDE906BA05
:102C00000B9ADDF82890CDF808C0002800F09080DD
:102C1000002514E7029B5BB3039B002B7FF4F4AE0B
:102C2000D9F81C309A45FFF4EFAEB8F1FF0F7FF4EE
:102C30006EAF03990D460BE7CDE900C34FF6FF7366
:102C4000B8472CE7039B63B9D9F81C309A4508D3E1
:102C5000B8F1FF0F54D04FF0040CE78BCDF824C02F
:102C600059E704230293037A5A077FF4C9AE02E0BE
:102C7000029D0021ECE6A18BE28B91423FF6C0AEB3
:102C8000012262F302030372E78BBEE6D9F81C301F
:102C90009A45FFF4B1AEB8F1FF0F7FF438AF039D52
:102CA000CDE668B9BCF1000F7FF46EAFE14677E77F
:102CB000BAF1000F20D1BCF1000F98D0D14664E7E3
:102CC000BAF1000F12D0A5EB07091FFA89F9411AD2
:102CD00000FB0911059888422CBF4FF000094FF006
:102CE0000109BCF1000F7FF450AF57E7D146BCF1AA
:102CF000000F7FF44AAF51E7A946E8E7A278B8E7AA
:102D00000423039D02939AE60168CDF808C00029C8
:102D10003FF476AE70E65C460146DDE906BA6046F1
:102D2000DDF820800C9DDDF82890DDF824C0ECE76C
:102D3000054601468CE600BF837E002B40F03483BD
:102D40002DE9F04F477E8DB08346002F76D1837AF0
:102D5000C27A012141769A424169079100F02583A8
:102D60000133DBB2022B12BF1A463A463B4600EB58
:102D700082028372D268079B0592134423F07F433B
:102D8000436101259BF8183008930BF091F99BF8EB
:102D90000920DBF800300193531EDBF80460049037
:102DA000DBB2002A00F01F84CDE90A7506EBC30AE6
:102DB000FF2303930696D946DAF804704FF0000B10
:102DC0009AF803109AF8025005EB45046B1CA942CF
:102DD0004FEA0418DBB207EB041460D09AF8002025
:102DE0009A4208BF00238AF8023017F80820042A04
:102DF0003AD9082A2CD86178019801EB410300EBFD
:102E000003161B01B078029373781B1A13F0FF03AB
:102E10002CD1062A1CD199F81B308B4250D007F8D0
:102E200008B0A36A84F802B0002BC9D0E16A002080
:102E300098479AF803109AF80250C5E7446A0421AB
:102E4000034601220420A4460DB0BDE8F04F6047C0
:102E500007F808B04FF00103A370A36A002BAFD0AE
:102E6000E16A01209847ABE71D46ADE7052A1ED170
:102E700062684AB9A2683AB9E2682AB922691AB9FD
:102E8000626932F07F42E3D0012B29D00421D9F8C6
:102E900024404B4601220846A0478AF80250069A71
:102EA0005245AAF1080300F0E0809A4684E7012B1E
:102EB00000F0A480062AE9D199F81B308B42AED1EC
:102EC0006168D9F814208B1A1D0240F1BD80059B62
:102ED000521A22F07F4293428CBF9B1A0023B7E024
:102EE0004846FFF79DFBB060D9F814E0049B059AB3
:102EF000A3EB0E0323F07F431344984240F2AF80CC
:102F0000C01A7368002B46D0A38A002B43D0013B24
:102F10009AB2A2827568F38BA84218D81BE0726A35
:102F2000DFF8A4C28BB2A94951186145A0EB050096
:102F300006D902F1E87202F5D43202F5A572013821
:102F4000316AF383521A72628542A28A03D2934293
:102F500003F1FF31E3D89A421CD9316A099706E0A0
:102F6000726201339BB2F383A28A9A4211D9726AC8
:102F7000DFF858C2944F0A449444BC452844EFD823
:102F8000A2F1E872A2F5D432A2F5A5727262013004
:102F9000E7E7099FB2836368B16A0344B360A2683C
:102FA00073691344736129B10B681BB1D4E9013211
:102FB0009B1A4B60049A71463046FFF763FBE26848
:102FC000B3691344B361226993428CBF9B1A0023F7
:102FD000B361A37D1BB1F27863F30002F270E37D6D
:102FE00013B1013B86F82C30DDE90121039B5354DA
:102FF0007378627803920133737010E7062A3FF406
:103000000AAF4846FFF70CFBB378B060737099F8CD
:103010001B2063789A427FF402AF17F80830062B22
:103020003FF44EAFFF2389F81B3017F80830062B0A
:103030003FF446AF082B3FF443AF0499D9F814206E
:103040008B1A1D023FF543AF059A23F07F431344CB
:10305000D9F81C209A4288BFC9F81C30DFE6726993
:1030600013441B1A736100204BE7DDE90A75CB4658
:103070009BF81860002D00F01781049B079ADBF87D
:1030800000809B1A23F07F4A089BF51A18BF012580
:10309000FF2E08BF2C465FD04FF00009CDF80490FA
:1030A0000497DDF81490059506EB460508EB05142A
:1030B0002D01A2684A4500F26882019BA178E08B4D
:1030C0001344019363785B1ADBF81C108A4234BF07
:1030D000891A0021A9EB0209AAEB020A24BF4FF0CA
:1030E000FF328BF81B20CBF81C10A16AA769DBB25A
:1030F000002900F0CC800A68002A00F0B480002F7C
:1031000040F0B480022B00F03B820022A26018F84D
:1031100005208BF818206168A26A002974D122B1B9
:10312000127A02F00702012A52D03BB1012B00D0E3
:1031300020B1236A13B1616A01209847A3786370B4
:103140009BF81860FF2EAFD1DDE90475089BFF2BBB
:103150000CBF2C4645F0010403995846FFF704FBC9
:10316000CDE90247DBF800A0CDF804B04FF0000C29
:10317000019B187EFF2800F0398204464FF0FF08BB
:1031800000E01C4604EB44030AEB03151B01A96A8B
:103190008E4629B10A7A02F00702012A00F00B815B
:1031A0001AF80330FF2BA046EBD1DDE90247DDF82A
:1031B00004B0BCF1000F40F09280089B834240F0C5
:1031C0008E80002C7BD08EE0592B177F5A2B17FF57
:1031D000A378C4F808906370079B019ADBF8141079
:1031E0009A1822F07F422046FFF74CFA039B08F81A
:1031F0000530637803960133DBB263709BF8186087
:10320000FF2E7FF451AF9FE722B1137A03F007033B
:10321000012BDDD0B4F81EE0BEF1000F40D1B4F8B0
:103220001CE07046D4E908C300220294BC4FBD4C98
:103230006344DF19A74200F1FF300A4406D8A3F126
:10324000E873A3F5D433A3F5A5730132441CEDD183
:10325000029C94F82C706362002F00F08480A260BE
:10326000A4F81EE0B8E7002F3FF44FAF022B7FF425
:103270004CAF00287FF449AF0A7A02F00702012A16
:103280003FF443AFCBF81C708BF81B603DE7002F79
:103290003FF43BAF022B7FF438AF0028F2D034E785
:1032A000A37863700020BDE758460399FFF75CFAE6
:1032B0009BF81800089B83420ED19E420CD100233C
:1032C0008BF819309BF81A30002B49D0DBF82440DA
:1032D0005B4601220321B5E5FF2800F09281089B9F
:1032E000FF2B00F06B81DBF8003000EB400003EBBC
:1032F0000013D3F80880B8F1000F59D00AF0D8FEB7
:103300000A260446DBF81430E21A22F07F42904588
:1033100006F1FF3602F103011AD941452CBF5B18B3
:10332000434423F07F452846DBF8283098470AF0CD
:10333000BFFE031B2D1B23F07F43023325F07F4587
:10334000AB4206D90EB10446DCE700DE0446D9E7FD
:10335000012700238BF819309BF81A303B43B5D175
:103360000DB0BDE8F08F92457FF679AF6C48CDF88F
:10337000088006946B4C634403EB00080137A045BA
:103380000A44BFB206D8A3F1E873A3F5D4330132DF
:10339000A3F5A5739245EDD8069CDDF8088063621D
:1033A00077441FFA87FE5AE770473D460597E9E4E0
:1033B0008BF819808AE7AA68002A40F03A81D5F88C
:1033C00018B0BBF1000F06D10A68002A00F03D8159
:1033D0008E464FF0040BDEE90029914580F0E38032
:1033E000A2EB090C1AF80320FF2A00F0DC800199F7
:1033F000CDF81C80C969ACEB0B000E1D0021CDE996
:103400000594049099460F460846344613460BEB44
:103410000708C4453FD303EB43030AEB03121B0128
:103420009668304404287FD9061F3E44664528BF6D
:1034300066460BEB04018C450ED3B0450CD8A96948
:10344000002900F08C809EF80810090700F18780A1
:10345000B6EB0B0140F0BD80916A21B1097A01F011
:103460000701012971D0916900296ED05268002AA4
:103470006BD0AA6907440431CC19002A63D09EF8A6
:1034800008201207ACEB0B0100F1AA801AF80330F8
:103490000020FF2BBBD14B46DDE90648DDF8149038
:1034A0008944CEF804901AF803B0BBF1FF0F5A46D6
:1034B00018BF4FF0FF0C01D1CDE0024602EB4200F5
:1034C0000AEB00174FEA4209BE688E424FEA00102D
:1034D00080F0C3801AF80000FF289446A1EB060193
:1034E000EBD1A960B8F1FF0F00F09F8008EB480115
:1034F00009010AF801B04A4412011AF802100AF848
:1035000003100AF80240EB8B013BEB839EF8083076
:10351000022262F302038EF808304FF0010C27E616
:103520005A2B17FF592B177FAE6996B19EF808608A
:1035300016F008063FF47DAF9469049A07440434FA
:103540003C44A242A2D32146A0E71AF8033000214E
:103550009FE791690744043139440C4696E7002CF3
:103560003FF47AAFA6EB0B06A642FFF475AF4B46CD
:10357000DDF8149022469144DDE90648114690E7B3
:1035800000287FF4C2AD042776E64B46D21AA2602B
:10359000059D9BF81830089A049F93420CBF2C4657
:1035A00045F00104D8E5CEF804901AF80330FF2B5B
:1035B00008BF00214FD00023AB60A4E70AF078FDDC
:1035C00004460AF051FD40B99BF81800CBF81440AE
:1035D00089E6A142FFF440AF5DE79BF8180082E660
:1035E0000A460021ADE7FF23039341E5029C9B4679
:1035F000BCF1000F05D1089BFF2B02D1002C3FF43A
:103600005EAE0AF041FD044600287FF458AECBF8C8
:103610001C000AF04DFD8BF81940CBF814009BF804
:103620001A30002B3FF49CAE50E6019981F818B097
:1036300061E700DEA96AD5F818B08E46BBF1000F2D
:103640007FF4C9AE00297FF4BFAE00DE4FF0040B5B
:10365000D5F828E0BFE6A96055E7761ABCF1FF0F60
:10366000BE60A9603FF44FAF1AF803B062464FEA5C
:103670004C0937E7F8B5069E9DF81C50089CB8B970
:10368000144F3A605A1E39727B727E60D2B273B1A7
:1036900006EBC2025460114612F808398E4203EB61
:1036A0004300A5EB030304EB0014DDB2F2D10DB12E
:1036B0000120F8BD099B3B620A9B7B62FF240B9BA8
:1036C000BB623C760AF0F4FC7D817861FC76FD619A
:1036D0002846F8BD5C83002040B9064B1A7EFF2ABD
:1036E00001D1187270476FF00F0070476FF015002E
:1036F000704700BF5C830020044B2C2202FB003388
:10370000187A003818BF0120704700BF5C83002082
:1037100010B4074B2C2202FB00335C6A2CB1A44688
:10372000012210BC03210220604710BC704700BF7B
:103730005C83002010B58AB00C9C00940D9C019411
:103740000E9C0294BDF83C400394109C0494119C80
:103750000594129C0694139C0794149C08940024CE
:103760000994FEF7B3FF0AB010BD00BF10B4BDF856
:103770001040049410BCFEF7A9BF00BF2DE9F0472C
:10378000244DBDF82C809DF830709DF83CE02C2431
:1037900004FB00556C6804EBC10014F83190C47848
:1037A000467804F1010C5FFA8CFCE14598BF4FF0BC
:1037B000000C66452AD0466804EB44044FEA04191D
:1037C00006EB04144FF0050A06F809A06360089B95
:1037D000A360099BE3600A9B23610D9BA3620E9B80
:1037E000E36202236270A4F81480A77584F817E0DE
:1037F000A37080F803C02B6A6E6A084698472B4670
:1038000000220421B047A078BDE8F0870120BDE880
:10381000F08700BF5C83002010B588B00A9C00943C
:103820000B9C01940C9C0294BDF8344003949DF8C9
:10383000384004940F9C0594109C0694002407942F
:10384000FFF79CFF08B010BDF8B5194E2C2404FBFF
:103850000066746804EBC10014F831E0C478457860
:1038600004F1010C5FFA8CFCE64598BF4FF0000CA8
:1038700065451BD0456804EB44044FEA041E05EB84
:103880000414072705F80E70A362069BE362022367
:103890006270A37080F803C0336A756A084698475F
:1038A000334600220421A847A078F8BD0120F8BDC6
:1038B0005C830020F8B51A4E2C2404FB0066746863
:1038C00004EBC10014F831E0C478457804F1010C30
:1038D0005FFA8CFCE64598BF4FF0000C65451DD0A3
:1038E000456804EB44044FEA041E05EB0414082762
:1038F00005F80E706360069BA362079BE3620223D8
:103900006270A37080F803C0336A756A08469847EE
:10391000334600220421A847A078F8BD0120F8BD55
:103920005C8300200AF0C4BB401A20F07F4070473F
:1039300001480021704700BF7F410100022801D0EB
:103940000120704738B5044608461D4603F09EF82E
:1039500010B10020287038BD204638BD0023037008
:103960000B70704738B5054600200C4602F030FE5B
:1039700070B93DB9074B44B120681860A2889A809D
:10398000002038BD044B002CF6D11C609C80F7E76A
:103990000C2038BD9083002088830020012804D8A3
:1039A00008B903487047034870470020704700BFBC
:1039B0009083002088830020012809D830B9064B65
:1039C000186808609A888A8018467047034BF7E7A2
:1039D00000231846704700BF908300208883002092
:1039E00010B5044609F04CF850B909F097FB60B9DE
:1039F00009F00EFF70B92046BDE810400FF060BB23
:103A000000DE09F08BFB0028F2D000DE09F000FF99
:103A10000028F0D000DE2046BDE810400FF050BB7B
:103A2000086001480FF04CBBE88900200FF048BB4C
:103A30002DE9F84F0B78072B84BF2C4B93F84030BF
:103A40009A428946834692464DD0284D5C1CE4B28A
:103A500035F833200280082C08BF0024002605EB2F
:103A6000C30301274FF0120819E0012838D0C3F82A
:103A70000480072C89F8004088BF95F84040A24593
:103A800023D023B2013435F83310BBF80020E4B260
:103A9000082C08BF0024914205EBC30315D15868D8
:103AA000B0B1FF28E1D9027902F00302013A012AFC
:103AB00012D912225A6003F001F8072C89F800404D
:103AC00088BF95F84040A245DBD13046BDE8F88F6D
:103AD00001365F60F6B2CCE70136F6B20122E9E7C3
:103AE0000136F6B2C5E70026EFE700BFC483002029
:103AF0002DE9F041324F3B88984253D913F0FF052E
:103B000024D0DFF8C08098F8154098F814302E487B
:103B10000134E4B2052C08BF0024A34218D0FEF7FC
:103B20007BFB064629488EB1FEF776FB00283BD08A
:103B3000066098F8153048F823003B8888F815404F
:103B4000013D013B15F0FF053B80DED1BDE8F08172
:103B50003B88002BFAD0DFF8788098F80D400026DB
:103B60000134E4B2032C98F80C30174808BF002445
:103B7000A342EBD0FEF750FB05461448002DE5D0DC
:103B8000FEF74AFBB0B16E60056098F80D3048F85A
:103B900023003B8888F80D40013B9BB23B80002B03
:103BA000DED1D3E70546ACE730460749BDE8F04132
:103BB000FEF748BB28460449BDE8F041FEF742BB8A
:103BC0002C840020A88700203084002084840020DA
:103BD0000C8400202DE9F8432F4B304F181D05228F
:103BE00024214FF00008A7F81880FEF7F1FA2C4BBB
:103BF00005220821181DFEF7EBFA97F818907C7E35
:103C000005260134E4B2062C08BF0024A14524484F
:103C100013D0FEF701FB05461F4875B1FEF7FCFA0D
:103C2000002834D0C5F8048005607B7E47F8230067
:103C3000013E16F0FF067C76E3D11A4B0822181DD0
:103C40006421FEF7C5FA184B0A22181D0821FEF759
:103C5000BFFA1548FEF7E0FAA8B1144A111FFEF7A3
:103C600029FB1148FEF7D8FA78B1114A111FFEF767
:103C700021FB104B0622FF201A80FFF739FFBDE819
:103C8000F84307F0A7BB00DEE7E700DEEDE70449F5
:103C90002846FEF7D7FAD0E7EC870020A48800205A
:103CA000C0870020848400203084002028840020E5
:103CB000208400202C8400202DE9F0417B4D7C4E97
:103CC00086B004AA02A90DF1070003F00BFB04461D
:103CD000D5E9000103AAFEF705FB074650B3039B95
:103CE000002B6AD0187804AA02A903F013FB039BE7
:103CF0000446002840D0049ABDF808101F78ADF89B
:103D00000A10059203F018FB2146059ABDF80A0037
:103D100003F046FB204603F0D9FA05AA0DF10A018B
:103D2000384603F0F7FA04460028EBD130680FF06C
:103D3000C7F9C6E7002C3DD0049B05939DF807709A
:103D4000BDF80830ADF80A3003F0F6FA2146059ABE
:103D5000BDF80A0003F024FB204603F0B7FA05AAD9
:103D60000DF10A01384603F0D5FA04460028EBD1DC
:103D700030680FF0A5F9A4E705931B79013B2C2BC4
:103D80001ED8DFE803F01F32741D1D1D1D1D1D1DF3
:103D90001D1D1D1D1D1D1D1D1D1D1D1D6A1F1D1D04
:103DA0001D1D1D1D1D1D1D1D1D1D1D1D1D1D1D1D43
:103DB0001D1D1F0006B0BDE8F08100DE039B91E7EA
:103DC00000DE7EE7394968680022FEF793FA394B36
:103DD000059993F8413038460B70374AFEF778FA68
:103DE000334B18680FF06CF96BE7304968680022B4
:103DF000FEF780FADDF81480D8F8084034B1237853
:103E0000002B50D02378013BDBB2237098F80C30A4
:103E100013B1012B41D000DE284A002388F80C3072
:103E2000537E117E0133DBB2062B08BF002399427B
:103E300037D0C8F80070517E42F821805376002CAC
:103E40003FF43FAF2378002B7FF43BAFA368002BF8
:103E50003FF437AFE068984733E7144968680022B9
:103E6000FEF748FA0599384603F0C4F829E705A992
:103E7000384603F0DBF80D4968680022FEF73AFA8D
:103E8000059900293FF41DAF0B792E2B3FF419AF94
:103E9000084B384693F841309EE74046EDF748F925
:103EA000BAE700DECBE700DEACE700BF24840020E9
:103EB000E4890020C483002020840020A4880020FE
:103EC00030B5284B284C87B018600AF0BFF823782B
:103ED000002B40D02549264A264D05954FF0050C6C
:103EE00081F808C0244C0492244A0220CDE902241F
:103EF00004230D24CDE90014214A087408760B70C0
:103F000000200621FFF7B6FB50BB012200211D480F
:103F100018F0E2FD08F040FD044610B1204607B05D
:103F200030BDFFF757FE09F0E1F804460028F5D14F
:103F300002F00CFB04460028F0D109F05DFC0446B9
:103F40000028EBD102F0FEFF04460028E6D1012054
:103F500007F0C4FEE2E7FEF7DDF901232370B9E7BD
:103F600000DED2E7E489002069AF0020688C0020E1
:103F700055EB0200F5EB020035EB0200F88900205A
:103F8000888C0020E889002030B585B002F0E4FA82
:103F900098BB02F0DDFF002834D100241C4B2046E2
:103FA000A3F8404007F09AFE1A491B4A1B4BA1F8A0
:103FB000204194829C8101222146684618F08CFDA4
:103FC000174B2246214603206D46C3F808D0FEF762
:103FD000F9F9C8B94FF0FF324FF0FF3328460FF020
:103FE000A3F802F0BFFA88B9FFF7F4FD0021012021
:103FF00005B0BDE83040FFF7B5BC00DE02F0A8FF19
:104000000028CAD000DEC8E700DEE3E700DEEBE709
:10401000C4830020C0880020A88700200C840020D2
:10402000804A002008B5FFF7AFFF08F0EBFC00B1B5
:1040300008BDBDE80840FFF74FBB00BF2DE9F043C6
:104040002A4D2B4F83B0804689460023C8F80030A4
:1040500095F84140D7E9000101AAFEF743F9064669
:1040600090B3019B23491A784846FFF7E1FC80BBD7
:1040700095F840308DF8013095F8412004460DF157
:1040800001010DF10200FFF7D3FC44EA000212F037
:10409000FF02F1D1019B1979012920D139467868B5
:1040A000FEF728F914493046FEF7CCF8134A138876
:1040B000052B11D80198124901331380FEF7C2F87D
:1040C0000120FFF715FDC0E70A4922464846FFF7E1
:1040D000AFFC03B0BDE8F08300DE1388EAE71046CA
:1040E000C8F8003003B0BDE8F08300BFC4830020EF
:1040F0001C84002004840020308400202C840020B4
:104100008484002030B5354983B00023486801938A
:1041100001AAFEF7EFF8002858D03149FEF792F8CF
:10412000019A13792D2B19D8DFE803F01718181707
:1041300018181818181818181818181818181818FF
:104140001818181B171717171717181818181818F2
:104150001818181818181818181703B900DE03B023
:1041600030BD137F3C2B1CD0537FC3B193681C68B8
:10417000A06D20B100231B49A365FEF763F894F8F6
:104180005E3023F0010384F85E30002002F020FA54
:1041900010F0FF00E3D107F021FE03B030BD00DED8
:1041A000F3E79368D3E9004595B100225A60AB6FFD
:1041B00093B905F16C0105F16800FEF77FF803463D
:1041C00040B12868AB6702F047FCD8E700DEA4E7FF
:1041D00000DEEAE700DEF4E700DEEAE71C84002008
:1041E0003084002084840020F8B5046806460CB3AF
:1041F000324D2046246803792D2B18D8DFE803F0D0
:10420000271717271717171717171717171717171E
:1042100017171717171717213327272727271717B8
:10422000171717171717171717171717172700DE5E
:10423000002CDED100233360BDE8F840FF20FFF7FB
:1042400057BC037F3C2B27D013B100DE037963B347
:104250002B88052B26D8013319492B80FDF7F2FF57
:10426000002CC6D1E6E7C0880028E1D102F002FCAC
:104270000746E0B1D7F88830DBB907F17C0107F1D8
:104280007800FEF71BF8B0B1C7F88800384602F096
:10429000E3FB002CADD1CDE70949FDF7D3FF002C9E
:1042A000A7D1C7E700DE2B88D5E700DED0E700DE28
:1042B000E0E700DEE1E700DEE6E700BF2C84002057
:1042C000848400200148FDF7A7BF00BF3084002090
:1042D0000149FDF7B7BF00BF308400200148FDF75A
:1042E0009BBF00BF848400200149FDF7ABBF00BF26
:1042F00084840020034B044A93F841300B70FDF78F
:10430000E7BF00BFC48300202084002008B5064B0F
:10431000064A93F841300B70FDF7DAFF044B18683A
:10432000BDE808400EF0CCBEC483002020840020ED
:10433000E48900200B490A7B4B7B9A420AD8A3EB05
:10434000020C5FFA8CFC604509D89A4207D051F8FC
:104350002200704703339B1ADBB29842F7D9002042
:10436000704700BF0C840020074A117B537B8B42AF
:1043700008D04B1CDBB2032B08BF002352F82100EE
:1043800013737047002070470C84002000B50D4A5D
:1043900092F841C092F840E00CF10103DBB2082B27
:1043A00008BF00239E4509D022F83C0002EBCC0C4C
:1043B000CCF8041082F841305DF804FB00DE0023E5
:1043C0001B80FFDEC48300200022042302700B70D8
:1043D000704700BF002208B51146044B0120FDF7CD
:1043E000F1FF00B908BD00DE08BD00BF704A002023
:1043F000022810B50C4602D00B68022B07D00448E7
:104400004FF0FF324FF0FF330EF08EFE206810BDEC
:10441000E889002004490A680AB11046704702463C
:1044200008601046704700BFC0830020044A13682C
:1044300023B1984206BF002111600023184670473F
:10444000C0830020014B1868704700BFC083002064
:1044500004490A680AB110467047024608601046CF
:10446000704700BF08840020044A136823B19842B3
:1044700006BF002111600023184670470884002001
:10448000014B1868704700BF0884002070B50568AC
:104490002B7884B0EBB1044601220021684618F065
:1044A0001BFB0D4B6E46C5E902362B788BB10B4BCF
:1044B0000022114603209C60FDF784FF38B94FF4B9
:1044C0000042002330460EF02FFE04B070BD00DE27
:1044D000F5E76FF07700F8E72D3A0200604A002018
:1044E000F0B5244E336885B00C461746002B36D005
:1044F000994215D10223039303AB02460093032193
:104500001D4B0020FFF7A0F9022805460CD0039BA5
:10451000022B09D195B133680BB19C4221D014B361
:104520006FF02D0005B0F0BD14484FF0FF324FF092
:10453000FF330EF0F9FD039D002DECD13846FFF757
:10454000A5FF33680BB19C4210D0002CE8D10028A5
:10455000E8D010F1780F08BF002005B0F0BD316041
:10456000C8E7002333606FF07700DBE73560002891
:10457000D8D0EEE7C0830020213A0200E88900206D
:104580000B490A7D4B7D9A420AD8A3EB020C5FFAD5
:104590008CFC604509D89A4207D051F82200704738
:1045A00005339B1ADBB29842F7D90020704700BF51
:1045B000A8870020074A117D537D8B4208D04B1CF1
:1045C000DBB2052B08BF002352F82100137570479A
:1045D00000207047A887002038B50C46054602F039
:1045E0007BFE207021462846024ABDE83840FDF790
:1045F0006FBE00BF288400200122024B114600201C
:10460000FDF7E0BE504A002070B50C46054602F0AA
:1046100063FE21462070064A2846FDF759FE012216
:10462000BDE87040034B11460020FDF7CBBE00BF34
:1046300028840020504A00202DE9F0431A4D9DF8AF
:104640001C8095F821C10CF1010E5FFA8EFEBEF1BF
:10465000090F994695F8203108BF4FF0000E7345B9
:104660001DD0144605EB4C1CE36807460E46106847
:104670005168926864460FC49CF81C30CCF81860EE
:1046800008F0010823F0030343EA0803CCE9049788
:104690008CF81C3085F821E16046BDE8F0834FF0CE
:1046A000000C6046BDE8F083C0880020054890F803
:1046B000203190F821219A4214BF00EB43100020D2
:1046C000704700BFC088002001460B480A7890F868
:1046D0002131082A84BF90F820210A70934208D023
:1046E000531CDBB2092B08BF002300EB42100B70F8
:1046F00070470020704700BFC08800202DE9F04FB0
:104700003D4E96F8203196F8212187B09A420290CA
:104710003ED04FF00008CDE9048806EB43130B248C
:10472000CDF80C80C346C2461D7FD3F80090DF68E9
:10473000C5F3400205F00105002C4DD0013CE4B268
:104740004AB396F8211196F82031994220D00133CE
:10475000DBB2092B08BF0023994286F8203117D01D
:10476000590106EB4313002ADED1D86805BBBAF124
:10477000000F33D0BBF1000F36D01A7F9707D3D18B
:104780005045725834D05845CED105998A42CBD184
:1047900007B0BDE8F08F194902988B600B461146AF
:1047A0000192FDF70FFE019A0028CAD000DEC8E78B
:1047B000039ABAB1B8F1000F08BFB8461A7F95073F
:1047C000B2D4D207DCD5BBF1000FADD1039A82423F
:1047D000DED08045A8D1DBE700DEAFE7BA46CDF8F2
:1047E0001090EBE70397E9E7BB46CDF81490E5E7B7
:1047F00004998A42C7D1CBE7C0880020404A0020F4
:10480000054B1A7E597E914204D053F8220010B114
:104810000C30704700207047A488002070B5134A00
:10482000117E537E8B421ED04B1CDBB252F82140CE
:10483000062B08BF002313769CB1022300252668AF
:1048400023712560A06002F047FD094A20702146CF
:104850003046FDF73DFD0122064B11462846FDF787
:10486000B1FD204670BD0024FBE700BFA4880020F6
:1048700028840020504A002010B582B00024049BF8
:1048800093F80AC02CF0020C83F80AC0CDE900446A
:1048900008F02AFA02B010BD10B50346007F1A696D
:1048A0009969012482B02040CDE90004586908F0DC
:1048B0001BFA08B902B010BD7730FBD000DEF9E773
:1048C00010B4CB6804691A78042A02D0236810BC9B
:1048D00018475B78052BF9D1002010BC704700BF4A
:1048E00030B50B8A83B0002B3CD0054601F10C009B
:1048F0000C4613F091FC0128034615D0022807D07E
:104900001B4A1C48012113F01CF96FF0150009E047
:1049100001A9204600F030FF019911B12846FFF7A8
:10492000CFFFC8B103B030BD002301A920460193D9
:1049300000F092FA014678B12846FFF7C1FF00283F
:10494000F0D1019D45B1284601F0EEFA03466B71A6
:104950000948019918F0A7F82046F3F73DF900201F
:1049600003B030BD054A0348012113F0E1F8CCE75C
:1049700084F50300E0EC0300AC8D002070F503002B
:1049800010B50469FFF74EFB40B90548F2F7E2FDA8
:104990000448F2F7DFFD0020206010BD00DEF4E7E0
:1049A000B85C0020405D00202DE9F041076982B02D
:1049B00006464FF0000836484FF0FF324FF0FF3305
:1049C0000EF04CFB0028F6D043790190042B30D830
:1049D000002B45D0022B4BD04FF0FF324FF0FF336E
:1049E0000220F5F7CFF804460198002C4AD0214662
:1049F00000F09AFF019B01A8C3F80080FFF7F4FBC9
:104A0000204613F083FB05462146002013F0A4FB4B
:104A10002B8A012B04462946304606D93B68984725
:104A20000FF0B2F8002CEBD1C5E72846F3F7D4F825
:104A3000F6E7052B14D14FF0FF334FF0FF3208207B
:104A4000F5F7A0F804462146019800F045FF019BC8
:104A500001A8C3F80080FFF7C7FB002CD0D1AAE75C
:104A600000DE019B01A8C3F80080FFF7BDFBA2E7B1
:104A70000022002301210020F5F79CF8044601984C
:104A8000002CB4D1046001A8FFF7AEFB93E700BF90
:104A9000AC8D0020F0B5064683B014E04FF0FF3235
:104AA0004FF0FF3300211320F5F784F8BDF8021012
:104AB0000546224601F020FA29463046FFF700FF5E
:104AC00040BB0FF061F80DF1020101A8FFF7B6FA43
:104AD00004460028E2D1019BA3B1FFF713FB019F1D
:104AE000384601F021FA019D78716B79032B02D1D0
:104AF0002B79182B10D01848294617F0D4FF019BAA
:104B0000002BE0D14FF0FF324FF0FF3313480EF08F
:104B10000BFBD8E700DED4E721464FF0FF324FF021
:104B2000FF330520EF88F5F745F83946044602467D
:104B300005F11C0000F0A8FE384600F0C5FE3CB1AF
:104B400021463046FFF7BCFE20B92046F3F744F873
:104B5000019DD0E700DEF8E7AC8D0020BC8D002081
:104B6000F0B50546076989B00E46244817F06CFF7A
:104B70004FF0FF320021224817F0AEFF2048FFF728
:104B80009FF9044600282FD13E6001F0E3F900268A
:104B900000276FF00903CDE90334CDE90667CDE9BD
:104BA0000144184B184900954FF4E07217480EF075
:104BB000EBFD1749154818F0C1F86FF00702CDE971
:104BC0000324CDE90667CDE90144124B1249009553
:104BD0004FF4607211480EF0D7FD11490F4818F0DC
:104BE000ADF8204609B0F0BD0E4A0F48234601211A
:104BF00012F0A7FF204609B0F0BD00BFAC8D002029
:104C0000BC8D0020954A0200C0DA0020B85C00206C
:104C1000B8F50300A9490200C0DC0020405D002077
:104C2000C8F5030098F50300E0EC030008B50EF0AA
:104C300065FF054817F010FF034817F005FFBDE8B2
:104C400008400EF06FBF00BFAC8D00202DE9F04191
:104C50001A4C6468A40004D51646194A1268120753
:104C600001D4BDE8F08103F10C0405460F4620464F
:104C7000022113F088FA40F63E43038001212046CA
:104C800013F081FA0346042220461A700B2113F018
:104C90007AFA0570A0F801603DB97B68BA68C0F87F
:104CA0000720C0F80330BDE8F0814FF00008C0F8DD
:104CB0000380C0F80780BDE8F08100BFE80600204F
:104CC000E0060020F0B5013887B0144611280AD854
:104CD000DFE800F0233F55090967097998AB090916
:104CE00009090909090D6FF0150007B0F0BDCB687F
:104CF000DA789978188806F059FB554B0646012159
:104D0000188814F0C9FB012105460C3013F03BFA5A
:104D100006702560002007B0F0BD4D4B0D211888AE
:104D200014F0BAFB0D2120600C3013F02CFA4FF078
:104D3000021400234FF4806104220370C0F8014084
:104D4000A0F80510C271037243728372C3720373B9
:104D5000E0E73F4B4121188814F09EFB4121206081
:104D60000C3013F010FA002104463E2200F8031B19
:104D700019F025FC40F2A733A4F80130CAE7344B00
:104D80000921188814F088FB092120600C3013F0E9
:104D9000FAF90346002203F8012BC0F801205A60FB
:104DA000B8E7C9680020FEF7DDFD294B012118880E
:104DB00014F072FB012105460C3013F0E4F90023D6
:104DC00003702560A6E7234E214F0FCE01AD0FC51E
:104DD000336838882B70122114F05EFB122120609A
:104DE0000C3013F0D0F90446002301AE04F8013B67
:104DF00084460FCE2D78CCF801006160A260E3609C
:104E0000257487E7124B1821188814F045FB1821E8
:104E100020600C3013F0B7F900230446012100F89C
:104E2000023B09F099F8607074E7094B212118885A
:104E300014F032FB212120600C3013F0A4F901465C
:104E4000002301F8113B013009F0D6F862E700BFFA
:104E5000ECA20020FCF503002DE9F041038A8CB0A0
:104E60000022022B079240F22581054603210C30D7
:104E700013F0CAF92A8A83789A42C0F02581028801
:104E8000D54EC2F38523082B32801FFA82FCC2F371
:104E900009040DD8D3B1013B072B17D8DFE813F075
:104EA000FD001600DA00C0001600160016001D00F6
:104EB0003F2B0BD1294607AA2046FFF703FF1630E8
:104EC00018BF079D40F0E580B6F800C0012160469C
:104ED0000CB0BDE8F04114F0F1BA621E4D2AF5D8CD
:104EE00001A353F822F000BFF353020073540200F1
:104EF00029540200CD4E02001F5402000354020048
:104F0000ED540200E1540200D5540200CB540200DB
:104F1000CD4E0200CD4E0200CD4E0200CD4E02001D
:104F2000AB540200A55402009D54020095540200A7
:104F300093560200CD4E0200695602005B560200F5
:104F40002156020001560200CD4E0200F755020024
:104F5000E7550200C7550200CD4E0200CD4E0200BB
:104F6000CD4E0200A75502008D5502006355020088
:104F70002F55020023550200CD4E0200CD4E0200F7
:104F8000155502000D55020007550200715302002D
:104F90003D53020009530200FF520200F152020089
:104FA000A7520200915302007352020027520200DE
:104FB000CD4E0200CD4E0200CD4E0200CD4E02007D
:104FC000CD4E0200CD4E0200CD4E0200CD4E02006D
:104FD000CD4E0200CD4E0200CD4E0200CD4E02005D
:104FE000CD4E0200CD4E0200CD4E0200CD4E02004D
:104FF000CD4E0200CD4E0200CD4E0200CD4E02003D
:10500000CD4E0200CD4E0200CD4E0200CD4E02002C
:1050100005520200CD4E0200CD4E0200E9530200BF
:10502000621E082A3FF652AF01A353F822F000BFD8
:10503000675102001B510200F5500200CD4E0200E4
:10504000CD4E0200CD4E0200CD4E0200CD4E0200EC
:10505000D5500200632C00F07A8300F22B83032CDE
:1050600000F096802D2C00F05983012C7FF42EAF98
:10507000EA685A4B116852681960604621465A60C6
:1050800014F00AFA012105460C3013F07CF80023D5
:10509000037028460CB0BDE8F081062C00F01683A2
:1050A0001D2C7FF413AFEB68188801F017FE014642
:1050B00030880DE74A4A4B48012112F039FD00259E
:1050C00028460CB0BDE8F081474A4648012112F05D
:1050D0002FFDF4E76046072114F0DEF907210546AD
:1050E0000C3013F050F80146002001F8010BFEF7D8
:1050F00063FCCEE70921604614F0CEF9092105468C
:105100000C3013F040F80346002203F8012B602115
:10511000C0F801205A604171BBE76046412114F09C
:10512000BBF9412105460C3013F02DF8002104464F
:105130003F2200F8021B19F042FA04232B4AE372C3
:10514000E37520232A49C4F81A20C0204FF4906246
:1051500063704FF40A73A071C4F82110A4F82720DB
:10516000A4F80F3095E70921604614F095F909215C
:1051700005460C3013F007F84FF4506100231D4A28
:1051800001800D218370C3700171C0F8052080E794
:10519000124B194A4FF0FF3041F6FF71C3E900018D
:1051A000164B00200021C2E900011F200021C3E9A5
:1051B0000001FEF7E9FE3088012114F06DF90121AC
:1051C00005460C3012F0DFFF00230D4A0370136018
:1051D000FFF72CFD5DE700BFECA20020E8060020F1
:1051E00010F60300D8EC030028F60300F7C3F70E0F
:1051F00030F0F97FF105FFFFC85D0020E0060020D8
:10520000CC8D00206046032114F046F903210546A9
:105210000C3012F0B8FF0146002301F8023B0130C8
:10522000FEF79CFB35E7EA689478D1781088B2F8ED
:1052300005501379E70744BF41F00301D170A4077B
:1052400040F1888243F00303137143EA0102032A09
:1052500040F08C824F0700F0868215F003021CBFDD
:1052600005F1FF3505F0010201F0D6FD0146308859
:105270002EE6EB681A78D1074ABF07205878587095
:1052800092074ABF07219978997001F0BBFD044647
:105290000121308814F000F9012105460C3012F08C
:1052A00072FF0470F5E66046092114F0F5F8092153
:1052B00005460C3012F067FF08AB04460DF11A02E8
:1052C00006A90DF1160001F06DFDBDF81620A4F839
:1052D0000120BDF81820A4F80320BDF81A20A4F876
:1052E0000520BDF82020A4F8072000232370D0E675
:1052F000EB68188806F0A4FC30880121C0E6EB6852
:10530000187806F089FCC2E7EB68186808909A885C
:105310009B798DF8263060460721ADF8242014F0E3
:10532000BBF8072105460C3012F02DFF08AE0446ED
:10533000411C304606F03EFC2070AAE6EB68186877
:1053400008909A889B798DF8263060460721ADF841
:10535000242014F0A1F8072105460C3012F013FFA9
:1053600008AE0446411C304606F0EAFB207090E689
:105370006046022114F090F8022105460C3012F02C
:1053800002FF044606F0ACFA00236070237080E64A
:10539000EB68604605211E8814F07EF8052105465D
:1053A0000C3012F0F0FEB7B20446021DE11C384684
:1053B00001F008FDE37822792070002B93FAA3F323
:1053C000B3FA83F308BF4FF0FF330133E370002AD1
:1053D00092FAA2F3B3FA83F308BF4FF0FF3301331D
:1053E000A4F80160237154E6E868C17906F032FC44
:1053F0004DE7EA68C64B11685268196060460121A2
:105400003DE6EC68A57BA379627921792088029535
:10541000657B01950734009400F0CCFF37E7E9681D
:105420000120FEF79FFA32E76046092114F034F8B4
:10543000092105460C3012F0A6FE0346002403F8AD
:10544000014BC0F801405C600646FEF771FA234646
:1054500061F30703C1F3072262F30F23090C61F321
:105460001743090A61F31F63C6F80100C6F8053047
:105470000FE60421604614F00FF8042105460C30B5
:1054800012F081FE00231B21032203704170837000
:10549000C270FEE5E86806F0B7F9F8E6E86806F0DD
:1054A000FFF8F4E606F0D6F8F1E66046022113F0C4
:1054B000F3FF022105460C3012F065FE0023037055
:1054C000044606F0C5F86070E3E5EB681878EBF782
:1054D000A3FBDCE6E96811F8010B01F097F9D6E6C9
:1054E000E96811F8010B01F023F9D0E602216046CA
:1054F00013F0D2FF022105460C3012F044FE0023C7
:1055000003704370C5E506F0EDF9C0E6E86806F003
:1055100027FABCE6E86800F11702C11D06F00AFE92
:10552000B5E6EB685988188801F032FCAFE66046B2
:10553000052113F0B1FF052105460C3012F023FEC2
:1055400008A904460DF11A0001F016FCBDF81A2056
:10555000A4F80120BDF82020A4F803200023237024
:1055600097E5EB681F889A885988B8B201F0D8FB94
:1055700004460321308813F08FFF032105460C30C9
:1055800012F001FE0470A0F8017082E5EA68178845
:1055900092780023CDE90233CDE900330221B8B27D
:1055A00001F0DCFAE4E7E96800220F884B880392F7
:1055B00008890290C888019089880091B8B20221B8
:1055C00001F0CCFAD4E70921604613F065FF092108
:1055D00005460C3012F0D7FD4E494F4A01600023BA
:1055E0004260037255E5EB681F8800220621B8B2BD
:1055F00005F0CAFEBCE7EA68002132F8027BF6E754
:105600006046092113F048FF092105460C3012F0CD
:10561000BAFD002300F8013B082107F003FA38E542
:10562000E868002308AA00F1100109F035FB308872
:10563000112113F031FF112105460C3012F0A3FDAA
:105640000646002306F8013B08AC07460FCCC7F816
:1056500001007160B260F3601BE5EB68188801F02F
:105660001BFB0146308833E4EB68604608211E8846
:1056700013F012FF082105460C3012F084FDB7B27A
:105680000446C11C384601F0ADFAA4F80160207050
:10569000FFE4E96800224B88088803920C89029491
:1056A000CC88019489880091114601F057FA01468F
:1056B00030880DE47B2C12D07C2C7FF407ACEB6897
:1056C0001F885988B8B201F00DFC51E7EB68997852
:1056D000188801F0ABFA01463088FFF7F9BBEB6898
:1056E0001F8808A9B8B201F0CBFB05210446308819
:1056F00013F0D2FE052105460C3012F044FD047073
:10570000A0F80170BDF82030A0F80330C1E400BF5C
:10571000E0060020008FCC30ECC00100EB68604652
:1057200004211E8893F8028013F0B6FE042105467A
:105730000C3012F028FDB7B20446C31C424639466D
:105740000220FEF7FBF8A4F801602070A1E4EA68EB
:10575000084B50E641EA0302032A07D84C0702D05F
:105760005A077FF47AAD1221FFF7B1BB1121FFF781
:10577000AEBB00BFC85D00202DE9F04700230B60E1
:10578000038A032B2DD9054688460C30042112F0DC
:105790003BFD2B8A4688B0F80090B34232D31B2ED3
:1057A0002AD801F085F94FEA1937BA46044600288D
:1057B00037D05FEA9A0A19D1E7B1012F16D12379C0
:1057C000667167F301032371E9683246E01D18F042
:1057D000CFFE2146C9F30B0001F076F9C0B9BDE850
:1057E000F087224A2248012112F0A2F96FF0150039
:1057F000BDE8F0870227E2E71E4A1D48012112F0AA
:1058000097F9F3E71C4A1A48012112F091F9EDE7E4
:105810001A4A1748012112F08BF9204601F04EF97F
:10582000E4E7174A1248012112F082F9154B1B6870
:105830009B0117D54FF0FF324FF0FF330220F4F7F2
:10584000A1F90221C8F800000C3012F09CFC4FF4C2
:105850008D730380D8F8000001210C3012F093FC06
:10586000012303706FF06800B9E700BF48F603003A
:10587000D8EC03007CF603005CF60300ACF60300F2
:1058800098F60300E8060020F8B50E4B1B68DB060F
:1058900000D4F8BD02F10C0406460D462046022154
:1058A00012F071FC034640F205421A8020460421A2
:1058B00012F069FC00270770A0F801503278C2701E
:1058C000F8BD00BFE8060020024A1368013B1360E0
:1058D000704700BFCC8D0020037F03F00303013B22
:1058E000012B01D900DE704770B5044601F10C05AB
:1058F00028460421E68812F046FC237F03F00303C8
:10590000022B0CBF46F4005646F480560680637F97
:105910004380617F284612F036FC627F04F11F014C
:10592000BDE8704018F024BE2DE9F04385B090F832
:1059300004C0C688BCF1030F04AF04460D4600F155
:105940001C080ED0ACF1170CBCF1060F00F231812F
:10595000DFE81CF021008100B2008A00A000DE0018
:10596000FC00C37F033B122B00F22381DFE813F01E
:10597000320221012101BF01D8012101E3012101EE
:1059800021012101EA012101060221012A0221014E
:1059900021012301230118F0010F40F09A8294F8AD
:1059A0001C80B8F1000F00F03C82AC4B5B689800A3
:1059B00056D5AB4B1B6803F4007913F0010340F09C
:1059C000598159EA03034BD0B8F1000F40F06682C9
:1059D000A44A136801330C3502211360284612F0E3
:1059E000D2FB41F63E7303800121284612F0CBFB27
:1059F0000A2303701E21284612F0C5FB0023037002
:105A0000A0F80160637FC370A37F0371D4F81F30D7
:105A1000C0F80530B4F82330A0F80930D4F82B30A2
:105A2000C0F80B30B4F82F30A0F80F30D4F8253080
:105A3000C0F81130B4F82930A0F81530638EA0F802
:105A40001730A38EA0F81930E38EA0F81B3094F81D
:105A50003830437704E00A4640463146FFF714FFEA
:105A60000437BD46BDE8F0837C4B5B681B044FF0F8
:105A70000004F5D50C350221284612F084FB4FF4C2
:105A80004C7303800321284612F07DFB0470A0F8BC
:105A90000160E5E7744B1B681C02E1D50C3502215F
:105AA000284612F070FB40F257230380022128465B
:105AB00012F069FB0680D3E7684B5B689900CFD58D
:105AC000674B1B685A07CBD50C350221284612F0CC
:105AD0005AFB40F63E2303800121284612F053FB77
:105AE000032303700921284612F04DFB18F0010F23
:105AF00040F0F181237F0370A0F80160E38BA0F8F0
:105B00000330238CA0F80530638CA0F80730A7E79A
:105B1000524B5B689800A3D5514B1B6819039FD566
:105B20000C350221284612F02EFB40F23E43038042
:105B30000121284612F027FB142303700321284675
:105B400012F021FB0680237F837089E7434B5B685B
:105B50009A0003D5424B1B681B0552D4627FA37F7A
:105B600094F81CC0002A92FAA2F2B2FA82F208BF9C
:105B70004FF0FF32002B93FAA3F3B3FA83F36D4691
:105B800008BF4FF0FF338AB0511C013304A802460E
:105B900043620624354B8661C0E907C1436142F880
:105BA000104F334800234FF44251F0F7F5FAAD4659
:105BB00056E700DE54E7294B5B689A007FF550AF4B
:105BC000274B1B685B067FF54BAF0C35022128463F
:105BD00012F0D9FA40F63E3303800121284612F034
:105BE000D2FA072303700A21284612F0CCFA068065
:105BF000A38C4380E38C8380238CC380638C0381DC
:105C00002EE70C350221284612F0BDFA40F23E6321
:105C100003800121284612F0B6FA0C2303700521F7
:105C2000284612F0B0FA237F0370A0F80160627F6B
:105C3000002A92FAA2F3B3FA83F308BF4FF0FF33BE
:105C40000133C370A27F92FAA2F3002AB3FA83F35E
:105C500008BF4FF0FF330133037101E7E80600206E
:105C6000E0060020CC8D0020C85D0020C0F60300B7
:105C7000D8EC0300B8F1000F40F0E780984A1368B1
:105C800001331360B9F1000F40F027810C35022178
:105C9000284612F078FA41F23E330380012128466B
:105CA00012F071FA012303701221284612F06BFAE8
:105CB00080F80080A0F80160637FC370A37F03F0C9
:105CC00001030371D4F81F30C0F80530B4F8233055
:105CD000A0F80930638EA0F80B30A38EA0F80D3029
:105CE000E38EA0F80F3094F838304374B8E67D4B5B
:105CF0001B681A064FF000047FF5B2AE0C35022186
:105D0000284612F040FA4FF48163038004212846AC
:105D100012F039FA01230470A0F80160C3709FE605
:105D200090F820300E2B00F0B2806F4A6F480221AD
:105D300011F007FF94E60B46324641460020FEF77D
:105D400085FF8DE6674B1B681B067FF589AE0C351A
:105D50000221284694F8204012F015FA4FF481638E
:105D600003800421284612F00EFA002C08BF1F24DD
:105D700000230470A0F80160C37071E6594B5B68A2
:105D8000980057D55A4B1B68990653D50C350221FC
:105D9000284612F0F8F940F63E33038001212846E8
:105DA00012F0F1F9062303700A21284612F0EBF9EC
:105DB0000680238C4380638C8380A38CC380E38C18
:105DC00003814DE690F820304A4A4848022111F0FC
:105DD000B8FE45E6434B5B6898007FF541AE444B07
:105DE0001B68D9067FF53CAE0C350221284612F01F
:105DF000CAF940F63E5303800121284612F0C3F948
:105E0000052303700C21284612F0BDF9034623F840
:105E1000026B216A626AC0F802105A60238D4381C6
:105E20001EE6A07F04F12503FF2204F11F0105F007
:105E300043FEBAE50023CDE90233CDE900331A224F
:105E40000221304600F08AFE0AE6B9F1000F25D1A2
:105E50000C350221284612F096F941F23E330380B8
:105E60000121284612F08FF90123037012212846E0
:105E700012F089F9C0F80190C0F80590C0F80990B7
:105E8000C0F80D9080F8119080F80080E8E50B468E
:105E9000324600211A20FEF7D9FEE1E50C35022139
:105EA000284612F070F941F63E730380012128461E
:105EB00012F069F90A2303701E21284612F063F9D3
:105EC00004461D220021601C18F079FB84F8008034
:105ED000C6E500DE63E500DE0CE60C3502217DE55B
:105EE000CC8D0020E8060020ECF60300D8EC03007F
:105EF000E0060020FCF6030070B500F10C040E462D
:105F000020460221154612F03EF940F21353038059
:105F10000521204612F037F901230370A0F8016033
:105F2000A0F8035070BD00BF0379032B09D0172BD5
:105F300005D0183B052B8CBF0020032070470120A3
:105F40007047037F03F00303032B14BF05200420D5
:105F5000704700BF0B4B0C4A0C4930B44FF0FF3474
:105F600041F6FF75C3E9004500240025C2E900455C
:105F70001F240025C1E90045054B00221A6030BCF2
:105F8000FEF754BEE8060020C85D0020E0060020B1
:105F9000CC8D002000B583B00D4A05990D4B8A1AAF
:105FA000A3FB0232C2F347126AB9023200910A4BD4
:105FB000D2B201210020FDF747FC10F0FD0F04D103
:105FC00003B05DF804FB00DEEFE700DEF8E700BF9A
:105FD000F48D00204FECC44E7160020070B5036870
:105FE0005E6D0546C6B19C6D00225A65DCB100218C
:105FF0009965172323714FF6FF73E38004F11C00AA
:106000001E2218F0DCFA3C232377A5602146304697
:10601000BDE87040FEF77AB900DE9C6D5E6D00222F
:106020005A65002CE3D100DE9C6DE0E70E4A0F4B71
:1060300012781A7000B9704710B54B7F01EB8303DB
:1060400082B01B6A01911C78FEF7FCF9019981422C
:1060500001D102B010BD14F00E0F02D14B69002B1C
:10606000F7D000DEF5E700BF6BAF00206AAF00207D
:1060700000B17047064B10B502460C4602200121C4
:106080009C60FCF79FF900B910BD00DE10BD00BF99
:10609000B04A002003788BB110B50C4B00F1100111
:1060A000996082687AB90A4C084B0022C0E9024123
:1060B00011460120FCF786F918B910BD1030FFF722
:1060C0008DBF00DE10BD00DE9968ECE7A04A00201D
:1060D000DD5F020038B5134C6569AB6FB3B905F1EC
:1060E0006C0105F16800FCF7E9F80346C0B1AB6745
:1060F000286800F0B1FC0025A06D6561FEF7F4F89A
:10610000606DA565FEF7E4F8656538BD00DE05F154
:106110006C0105F16800FCF7D1F803460028E6D1D0
:1061200000DEE4E7F48D002030B5304C94F85E30AA
:10613000D90785B037D5636953B193F82C2042F065
:10614000020283F82C20636993F82C30DA0740D4DC
:106150002648FEF75FF984423ED1237EDB0703AD7C
:1061600024D402220321224B009500200392FDF744
:106170006BFB2946FEF73CF930BB1E48FEF786F95B
:1061800060BB1A48FEF752F984422BD163690BB108
:10619000FFF7A0FF94F85E30002023F0010384F89D
:1061A0005E3005F01BFE002005B030BD02210391DA
:1061B0000F4B0095032101220020FDF745FB2946E6
:1061C000FEF716F90028CCD00848FEF72FF98442D4
:1061D0000AD10C2005B030BD00DEBEE77830D0D04B
:1061E00000DECEE700DED1E700DEF2E7F48D00202E
:1061F000213A0200048E002000B50378497802F1AC
:10620000FF3C103103F00F03C9001FFA8CFC062B72
:1062100013D8DFE803F004271712121204004378A2
:106220001033DB0003F21B32881803F5B37313FB42
:106230000CF3184480B25DF804FB40F253204FF495
:10624000F373F4E741780CEB8C03C3EB03104000CD
:1062500001F11003DB0000F23B1003FB020290B2DD
:106260005DF804FB40F2E33040F21623DFE700BFA5
:1062700030B54FF6FF718BB08B429DF838500F9CB4
:1062800019D021780131C9B2217000294CD0284998
:10629000C1E900028A7A0B8165F30002254B8A72FC
:1062A00004F110000022C860996001201146FCF73B
:1062B00089F800283AD1207E10F0010505D11E4A48
:1062C0001E4B11781B788B4201D00BB030BD0133CF
:1062D000042109A8137006F0C1FB099B184A069413
:1062E000A2FB0321174A0095A21A174CA4FB0242F5
:1062F0005C1A01EB540140F2471C090A52090CFBDD
:1063000011330232114905910133CDE90355CDE92D
:1063100001552846D2B201210993FDF77DFA10F00C
:10632000FD0FD2D000DED0E700DEB0E700DEC2E72E
:10633000D05D0020904A00206BAF00206AAF0020A3
:1063400021F1D490F48D00204FECC44E2D6002005A
:1063500010B5174C204606F0F9FE04F10C0006F0CB
:10636000F5FE34F8043C627823F4437304EB8202B4
:10637000204623F0020394F8424052684FF0020C8A
:1063800043F00E0320F8043C06216CF34204002382
:106390004FF4006CA0F840C080F842401370517078
:1063A000437B00EB8300042203691A70597010BD0F
:1063B000108E00202DE9F04F604C9846604B94F809
:1063C0005E7084460E4693E8030083B017F0010721
:1063D0001546DDF830909DF834309DF83820009057
:1063E0008DF804107AD1218B03F0070302F0030229
:1063F0005B0021F4437143EA022321F002010B43C5
:106400002383637F012E04EB83036E4408BF4FF0A8
:10641000000C32781E6AA4F85CC096F800A002F066
:106420000E032AF01F0102F00F02B3FA83F35B0997
:106430000A4363F34512327002F00F02012A0AF098
:106440000F0A43D094F85E3065F3420384F85E305F
:10645000DAB25B070CD5134668F3C30384F85E30E9
:10646000D9F80030C4F85F30364BB9F804209A8070
:10647000337803F00F02012A05F0010B33D0727854
:10648000E2B1BAF1010F4AD033786BF3861323F0EF
:106490008003337094F82930246104EB8304AD0148
:1064A000E36A05F040055A7845F004051D700AB905
:1064B00006225A70384603B0BDE8F08F6BF386139E
:1064C00062F3C713337006237370E3E7BAF1010F69
:1064D000B8D07278BAB984F83470B3E70C2738466C
:1064E00003B0BDE8F08F32466BF3861368F3C71331
:1064F00002F8083BD9F80010B160B9F80410918097
:106500000C237370C6E7052A15D9063AD2B206F1F4
:1065100008010D4884F8342018F02AF892E794F81E
:106520003420094906F1080018F022F894F83430B4
:1065300006337370A8E700DE7278E6E7F48D00207A
:1065400088EF0300538E0020298E002008B5FFF746
:10655000FFFE002008BD00BF08B5FFF7E5FD0020E5
:1065600008BD00BF08B5064806F000FE044B03F165
:106570000C0006F0FBFDFFF7EBFE002008BD00BF9E
:10658000108E0020034A044B801AA3FB0030C0F396
:106590004F107047F48D00204FECC44E044A006841
:1065A000044B801AA3FB0030C0F34F10704700BFAC
:1065B000F48D00204FECC44E30B9044890F85E30A2
:1065C00013F0010300D0704700207047F48D0020C5
:1065D00028B9044B93F85E0000F0010070470020DA
:1065E000704700BFF48D002048B9064B93F85E0059
:1065F00010F0010004D0587E00F003007047002026
:10660000704700BFF48D002070B50546807E0C46B3
:1066100005F00EFD10B3237843F040032370237878
:106620000268C4F8022003F00F038288E280012B85
:1066300004F1020601D0304670BDA87E05F010FDC1
:106640000028F8D02278234642F0800203F8082B75
:106650000268A26082889A80304670BD2078C0F3BC
:106660008010FDF79BF9DAE71F2956D82DE9F04194
:10667000437F00EB830382B01F6A3B7803F00F0374
:10668000012B0E460546904649D00DF107011C30FE
:1066900006F0B6FD3A78037802F00F0223F01F03EC
:1066A000134303703B780278C3F3401363F345123E
:1066B00002703B78D2B2C3F38013394663F386127B
:1066C000027011F8023BD2B2DB0963F3C712044631
:1066D00000F8022B062217F059FF3246414604F11A
:1066E0000800063617F044FF667095F85E30DB0749
:1066F00006D49DF807306B77002002B0BDE8F0812A
:1067000095F8293005EB83032146DA6A2846EAF733
:1067100037FC0028EDD00C20EFE71220704780F8FE
:1067200034100A463530414617F022FFE4E700BF37
:1067300003460A4601481946FFF796BFF48D00202C
:106740001F295FD82DE9F04190F8293000EB830331
:1067500082B0DE6A0F460446904600F12805002EFE
:1067600041D028460DF1070106F04AFD037823F0D9
:106770003F03314643F00403037011F8022BDBB2F0
:10678000C2F3801203F03F0343EA82130370BB1D80
:10679000437005460622023017F0F8FE3A4641469D
:1067A00005F1080017F0E4FE94F85E30DA0707D42C
:1067B0009DF8073084F82930002002B0BDE8F08150
:1067C000627F04EB82024123116A0A7802F00F0211
:1067D000D340DB07ECD52A462046EAF7D1FB002858
:1067E000E6D00C20E9E7284606F0B0FCC0B258B964
:1067F00094F8293004EB8303DE6A04233370062304
:106800007370AEE7122070470720D6E703460A46AA
:1068100001481946FFF794BFF48D002008B5054BD9
:106820000022986011460120FBF7CCFD00B908BD9D
:1068300000DE08BDC04A002083685A6892F82730FD
:10684000DB09014601D100DE70470831EAF768BF75
:106850002DE9F0410768244982B005464FF4D4720F
:106860003846FBF707FD05F16806294606F0D2FF1A
:10687000E86E01AA3146FBF73DFD00B31B4C4FF615
:10688000FF7894F8412094F84010531CDBB2082B99
:1068900008BF0023994223D004EBC20124F83280C0
:1068A000019A4A6012680260019A1060E86E84F8EA
:1068B000413001AA3146FBF71DFD0028E1D1D7F890
:1068C000680107F5B47138B10023C7F86831FDF7E6
:1068D0009BFE02B0BDE8F08100DED7F86801F3E767
:1068E00000DE00231B80FFDEE05D00202C8F0020F7
:1068F00010B50C4630B92046FDF7B6FD844200D0F5
:1069000000DE10BD00DEF6E710B50C4630B92046BB
:10691000FDF79EFD844200D000DE10BD00DEF6E7EC
:1069200010B50C4640B9074B0246012102209C607D
:10693000FBF748FD20B910BDFDF784FD8442FAD075
:1069400000DE10BDE04A002000B9704700B583B0FA
:106950000191FDF795FD0199814202D103B05DF8E7
:1069600004FBFDF76FFD01998142F7D000DEF5E7EA
:1069700038B51848184B194D194C01224FF4D471F1
:10698000FBF726FC00224FF4D4711248FBF76EFC93
:106990004FF6FF738384134B0322181D2421FBF74A
:1069A00017FC114B0722181D0821FBF711FC01F001
:1069B000C7FF0E480E490F4A03234FF01B0C2B70E4
:1069C000A0F800C000254FF4A47025600880137063
:1069D00038BD00BFE05D00207C8E00206DAF002040
:1069E000948F0020BC8E0020808E0020F0A200201A
:1069F000EEA200206CAF002010B5037883B1104BDD
:106A000000F1100199608268BAB90E4C0C4B00225B
:106A1000C0E9024111460120FBF7D4FC58B910BD72
:106A200003F0FF02084B1030986011460120FBF77D
:106A3000C9FC0028F3D000DE10BD00DE9968E4E751
:106A4000D04A00201D680200C04A00200148FBF720
:106A5000E3BB00BF7C8E00200149FBF7F3BB00BF06
:106A60007C8E002002494FF4D472FBF703BC00BFB8
:106A7000E05D0020024620B903484FF4D471FBF7D3
:106A8000F5BB0020704700BFE05D002060B908B58D
:106A900002464FF4D4710548FBF7E8FB10B1838C34
:106AA00003B908BD002008BD00207047E05D00204C
:106AB0000148FBF7B1BB00BFBC8E00200149FBF7CA
:106AC000C1BB00BFBC8E002000283DD138B50246B6
:106AD0000D461F484FF4D471FBF7C8FB0446F0B1D4
:106AE000828CE2B91B4890F821C090F820100CF17C
:106AF0000103DBB2042B08BF0023994221D020F808
:106B00003C2000EBCC0CCCF8045080F821302378EA
:106B100043B994F93730002B0EDB002038BD6FF0FD
:106B2000150038BD0C4B012103209C60FBF74AFC8B
:106B300094F93730002BF0DA0021204604F0FEFBF8
:106B4000EBE76FF0680038BD6FF01500704700BFCD
:106B5000E05D0020708F0020F04A00202DE9F04712
:106B600082B0BDF82870BDF82C80BDF8309098B97F
:106B70000C4615464FF4D471024619481E46FBF7E1
:106B800075FB824640B1838C33B96CB1022C07D0BF
:106B9000012002B0BDE8F087022002B0BDE8F08716
:106BA000ADB902F019F90EE00D9B0193CDF80090FC
:106BB00043463A46314602F099F80028EDD19AF959
:106BC0003730002B07DB002002B0BDE8F0872946F4
:106BD00002F012F9F7E70146504604F0AFFBF2E786
:106BE000E05D0020E8B938B502460C460E484FF487
:106BF000D471FBF73BFB054650B1838C43B902F0DF
:106C000007F838B10368236003792371002038BD89
:106C1000022038BDD5F83230236095F83630237124
:106C2000F4E70220704700BFE05D002038B510B1E6
:106C30000224204638BD02460C4615484FF4D47154
:106C4000FBF714FB054600B3838CF3B91A2C15D857
:106C5000042C17D90F4BE340DB0713D521462846F8
:106C600001F0BCFF04460028E3D195F93730002B32
:106C7000DFDA0146284604F061FBDAE7292CEDD083
:106C80003B2CEBD01224204638BD0C24204638BDC6
:106C9000E05D00202000380438B5A0B902464FF46A
:106CA000D4710D48FBF7E2FA054660B1838C53B905
:106CB000012101F041FF044618B995F93730002B46
:106CC00004DB204638BD0224204638BD0146284654
:106CD00004F034FB204638BDE05D002038B598B99B
:106CE00002464FF4D4710D48FBF7C0FA054658B17F
:106CF000838C4BB901F038FF044618B995F9373049
:106D0000002B04DB204638BD0224204638BD014656
:106D1000284604F013FB204638BD00BFE05D00208C
:106D200070B5D8B90D4616464FF4D47102461148D5
:106D3000FBF79CFA044688B1838C7BB9D0F84031CC
:106D40009B060ED52946324601F074FF054618B958
:106D500094F93730002B07DB284670BD0225284602
:106D600070BD1A25284670BD0146204604F0E6FA9B
:106D7000F2E700BFE05D0020034A044B12881B8845
:106D800002800B80704700BFF0A20020EEA200201E
:106D9000024A034B1080198000207047F0A20020A7
:106DA000EEA200204FF01B0CA0F800C04FF0450CE5
:106DB000A2F800C04FF4A4704FF4267208801A8025
:106DC000704700BFC8B938B50D4614464FF4D471AA
:106DD00002460B48FBF74AFA034660B1808C50B973
:106DE00093F87620C2F302022A7093F87730C3F347
:106DF0000203237038BD022038BD0220704700BF57
:106E0000E05D0020024A034B1070197000207047AB
:106E10006DAF00206CAF0020F0B583B000BB0F4613
:106E200016464FF4D471024614481D46FBF71EFA6D
:106E30000446A8B1838C9BB9D0F84031DB0513D54B
:106E40002B46012500953246394601F09FFE054646
:106E500018B994F93730002B0ADB284603B0F0BD8F
:106E60000225284603B0F0BD1A25284603B0F0BD20
:106E70000146204604F062FAEFE700BFE05D002023
:106E800048BB10B502460C4614484FF4D471FBF7CA
:106E9000EDF9F0B1838CE3B9C28CB0F88C311049B4
:106EA000052A0BD802FB03334FF4FA7202FB03F3FB
:106EB000A1FB03135B0B2380002010BD02FB03F337
:106EC00040F2E24202FB03F3A1FB03135B0B2380BE
:106ED000F2E7022010BD0220704700BFE05D0020F5
:106EE0005917B7D150BB10B502460C4614484FF4A1
:106EF000D471FBF7BBF9F8B1838CEBB9C38C42F2C8
:106F0000107202FB04F1052B01F1FF310AD84FF496
:106F1000FA7203FB02231944B1FBF3F1A0F88C11C0
:106F2000002010BD40F2E24202FB03F31944B1FB22
:106F3000F3F1A0F88C11F3E7022010BD0220704796
:106F4000E05D002008B5FFF713FD002008BD00BF7D
:106F500038B51B4800224FF4D471FBF787F904467B
:106F600058B304F1100221460320FDF7B9FA054693
:106F700010B110F1780F0BD10025124A124BC4F852
:106F800088501584A3F84050FFF7F2FC284638BD1E
:106F900040F24D730D4A0E490E480FF06BFD0E483E
:106FA0002A4600210FF066FD002383F31188BFF30A
:106FB0006F8F0323184602DFDEE700DED1E700BF54
:106FC000E05D0020708F00202C8F002020F7030050
:106FD00060F7030078F7030098F70300014B187877
:106FE000704700BF6DAF0020014B1878704700BF9D
:106FF0006CAF00200B46896818600A68107828B1C9
:10700000916851B90849C2E9021370474A6892F879
:107010002710C90903D100DE704700DEF2E703F153
:1070200008011846EAF77CBB396802000B68DA8869
:107030009ABB70B50C4606464FF4D4711848FBF75E
:1070400015F90546D0B1838CC3B901F011FF226850
:10705000137F03F00303032B08D10123137122686C
:1070600031462846BDE8704001F016BF53B195F88F
:1070700062319A0705D53D2385F8643123680122E2
:107080001A7170BD95F862319B0703D53D2385F8D1
:10709000643122680123137170BD01221A71704797
:1070A000E05D002010B5B0F824C004464FF6FF7034
:1070B00084450CD0A4F824312046C4E9471201F0DD
:1070C000CDFC94F8623113F0010002D110BD00DE56
:1070D000F0E723F0010384F862316FF08B0010BDFC
:1070E00070B51C4C064694F821201BE0FBF7BEF857
:1070F00003466968E0301BB39B8C0BBB01F080FA40
:1071000094F8201094F821204B1C8A4206F1FF309D
:10711000DBB204D0042B08BF002384F8203010F029
:10712000FF0616D094F820300B4893424FF4D471E8
:107130000FD034F8332004EBC305002AD6D0696899
:107140000B7923F003034FF6FF700B71FDF71EF967
:10715000D6E770BD708F0020E05D0020F0B5314BA8
:107160001A68904208BF002283B008BF1A60828C60
:10717000A0F86E21182380F86C31054680F8841140
:10718000012101F075FC05F1E006284601F084FCC0
:10719000304601F01DFA304601F052FA044628B399
:1071A000037903F00303032B0CBF034600230360A2
:1071B0001D4805F17C07FBF72FF8A8B121463A4698
:1071C000FBF786F8304601F03BFA044670B10379CC
:1071D00003F00303032B0CBF034600230360124894
:1071E000FBF71AF80028E9D100DEE7E7AA8C0F4B7D
:1071F00000950332D2B201210020FCF725FB10F0EC
:10720000FD0F08D14FF6FF73FF20AB8403B0BDE83C
:10721000F040FFF765BFFDF715F98542F2D000DEBB
:10722000F0E700BF948F0020808E002021690200CB
:1072300038B505460120FFF753FF05F1E00001F0E6
:10724000FFF9A8B1037903F003030446032B0CBF35
:107250002346002307482360FAF7DEFF30B105F12B
:107260007C022146BDE83840FBF732B800DEF6E785
:1072700038BD00BF808E002021B3F8B54D1EEDB2A1
:1072800000F1E00700F17C0612E0237903F003032C
:10729000032B0CBF234600232360FAF7BDFF78B110
:1072A000013D32462146EDB2FBF712F8FF2D06D024
:1072B000384601F0C5F904460348002CE5D1F8BD75
:1072C00000DEEDE7704700BF808E00200149FAF72D
:1072D000B9BF00BF808E0020014B93F8410070477A
:1072E0002C8F002000B50A4B93F840C093F841E082
:1072F000F4450BD080F800E033F83C00088003EB45
:10730000CC035B68136018685DF804FB0020FBE7A2
:107310002C8F0020074B93F840C0844508D003EB26
:10732000CC0033F83C300B8043681360186870471A
:10733000002070472C8F0020094A92F8401092F8E4
:1073400041308B4209D04B1CDBB2082B08BF002315
:1073500052F8310082F8403070470020704700BF7B
:107360002C8F002000B50D4A92F841C092F840E001
:107370000CF10103DBB2082B08BF00239E4509D0A6
:1073800022F83C0002EBCC0CCCF8041082F841301F
:107390005DF804FB00DE00231B80FFDE2C8F002045
:1073A00070B55379144605460E46002B39D0237923
:1073B00003F00302032A0CD04FF6FF72954204BF7C
:1073C00023F00303237121462846BDE87040FCF7F3
:1073D000DDBF4FF6FF739D4206D13368A3421AD03A
:1073E000002BF0D000DEEEE7EDB913482A464FF44B
:1073F000D471FAF73BFFE0B1214601F01BFD336881
:10740000A342EDD10C4800224FF4D471FAF72EFFBD
:1074100008B1838C03B100202146BDE8704001F023
:10742000E1BA00DEC3E700DE0020214601F002FDE4
:10743000D3E700DEE0E700BFE05D002090F86620C3
:10744000B0F85C30C2F30212022A14BFDB089B08BA
:1074500090F87E20B0F8580014BF0A3B0B3B9BB25B
:10746000D20644BF043B9BB2984228BF18467047DF
:10747000704700BF90F8623143F0020380F8623138
:10748000704700BF90F8623123F0020380F8623148
:10749000704700BFB0F86031B0F82421981880B26E
:1074A000704700BF0278038E12B1581E80B2704739
:1074B000418DB0F824215818104480B2704700BFA5
:1074C00010B504460B68C4F8323032300B790371C2
:1074D0000521FBF791F894F8373060F3050384F841
:1074E000373010BD4FF426704FF4A473088013801A
:1074F000704700BF00B5B0F86020B0F85A100346DE
:107500008A4290F87700B3F85EC028BF0A4600F0C0
:107510000700B3F864101B2A38BF1B22042814BFCD
:107520004FF4A4704FF42960614528BF6146814241
:10753000B3F86EC038BF01468C45B3F86A0044D03A
:107540008242A3F86E1001D0A3F86A2093F8D120EC
:1075500042F00202012083F8D120B3F858C0B3F8FA
:10756000622093F87610B3F85CE0624528BF62466B
:1075700001F007011B2A38BF1B220429B3F866104B
:1075800014BF4FF4A47C4FF4296C714528BF714699
:107590006145B3F86CE038BF61468E45B3F868C00A
:1075A00017D06245A3F86C1001D0A3F8682093F8B7
:1075B000D12022F0020283F8D12093F8D1200120BB
:1075C000024383F8D1205DF804FB8242BCD1002045
:1075D000C3E76245E9D193F8D11041EA510202F0C4
:1075E000010221F003010A4383F8D1200028E4D1ED
:1075F0005DF804FBB0F86020B0F85A1003468A42E8
:1076000090F87700B3F85EC028BF0A4600F0070084
:10761000B3F864101B2A38BF1B22042814BF4FF490
:10762000A4704FF42960614528BF61468142B3F8D8
:107630006EC038BF01468C45B3F86A000DD0904249
:10764000A3F86E1001D0A3F86A2093F8D12042F07D
:107650000202012083F8D12070479042F3D100202C
:10766000704700BFB0F86220B0F8581003468A4255
:1076700090F87600B3F85CC028BF0A4600F0070017
:10768000B3F866101B2A38BF1B22042814BF4FF41E
:10769000A4704FF42960614528BF61468142B3F868
:1076A0006CC038BF01468C45B3F8680014D08242E4
:1076B000A3F86C1001D0A3F868204FF0010C93F8E8
:1076C000D1106046C1F3400242EA0C0221F00301EE
:1076D0000A4383F8D12070478242ECD193F8D1104D
:1076E000002001F0010CEDE71B2928BF1B21B2F59A
:1076F000A47F064BA0F8721028BF4FF4A472A0F824
:107700007020C365A0F85810704700BF4801980268
:10771000F8B500228266C266A0F87420314A324D64
:1077200012882D881B2A28BF1B22A0F87220B5F5CD
:10773000A47FA0F858204FF0450201F0030328BFB2
:107740004FF4A475A0F85A204FF01B120266A0F85F
:10775000705090F8772003F1280703F15205C1F328
:107760004001FF00ED0002F0070290F8D130CF4059
:10777000CD40BEB2042AADB214BF4FF4A4724FF490
:10778000296243F00203AE4280F8D130334628BF6D
:107790002B46934238BF1346A0F86E304FF4A473C3
:1077A0000446A0F85C301B23A0F86A30A0F85E50B5
:1077B000A0F86460A0F86660FFF754FF94F8D13039
:1077C000AE4243F0010384F8D13003D0012384F8A2
:1077D0007430F8BDB7F5A47FF8D1A36DB3F11B1FCA
:1077E000F4D1F8BDF0A20020EEA2002008B50022DE
:1077F000D0E91E01FAF776FDB0FA80F0400908BD25
:10780000F8B506460C4600F0F9FF054688B32F1D73
:10781000384602F0FDFAEB7963732946304601F0F1
:1078200003F8304603F000FBAB68EA68C4F8472071
:10783000C4F843302B69C6F8AC30A5690023A361B6
:10784000ADB103232F792B71B38CEB8005F11C01B3
:10785000204602F0C5FA2E2F02D00423A372F8BDF1
:1078600028682946FCF752FD0423A372F8BD00DE08
:10787000E7E700DECBE700BF70B504460D4600F039
:10788000B5FF10B90623AB7270BD04F18F06334605
:10789000002205F13B0105F12B0007F0FDF9D4F8BA
:1078A0009710C4F8B810D4F8A810D4F88F00C4F812
:1078B000C910D4F8AC10D4F89B20C4F8B000C4F8B8
:1078C000CD1000200021C4E93001D4F8933094F8A1
:1078D000C810C4F8BC2094F8A720C4F8B430002322
:1078E00063F3000184F89F3084F8A03084F8A1305D
:1078F00084F8A23084F8A33084F8A43084F8A5304A
:1079000084F8A63042F0010384F8C81084F8A73048
:107910002946204600F072FF0646A8B1301D02F04D
:107920008FFAF3796B733146204600F07DFF2046D5
:1079300003F07AFA4FF4C1636B8194F88E3043F010
:10794000080384F88E3070BD00DEE7E770B50C46A2
:10795000897A82B005460D2900F22E81DFE801F018
:107960005F676A9B9F07070C1836393E5053002A01
:1079700000F0A78002B070BD002AFBD12146284646
:1079800000F034FF002840F0F1800723A372F1E7F4
:10799000022AEFD1A0690023A361002800F0298109
:1079A00003230371AB8CC380237A052B00F009817C
:1079B000062B00F0038100DE2146284600F016FF6A
:1079C000002840F0AA800923A372D3E7002AD1D16E
:1079D000F2E7002ACED10B23A372CBE7072AC9D145
:1079E0002846012100F024FF2846FFF743FD2146E9
:1079F000284600F0FBFE002871D10C23A372B9E7E2
:107A0000002AB7D1F3E7082AB4D140F202336381E8
:107A100095F88E3023F0100385F88E30AAE7002AFF
:107A2000A8D1237A062BD6D00223A372A2E7002A7C
:107A3000FAD09FE7012A9DD111462846019300F014
:107A4000F7FE2846FFF716FD284601F045FF019B8B
:107A50005A689968C4F82510C4F821201A7B84F864
:107A600029205A7B84F82A20D3F80E20D3F812104C
:107A7000C4F83F10C4F83B20D3F81630C5F8A8303E
:107A80002146284600F0B2FE10BB204600F0F0FE72
:107A90000323A3726EE7002A7FF46CAFF0E7032A9A
:107AA0000CD0042A7FF466AF062140F2036207235C
:107AB00084F82010A4F84D20A3725BE70523A3727D
:107AC00058E72146284602B0BDE87040FFF7D4BE13
:107AD0002146284602B0BDE87040FFF791BE21461E
:107AE000284600F08BFE0646002800F08480301DFA
:107AF00002F0BAF9F37963733146284600F094FE38
:107B0000284603F091F940F60D33638195F88E30E5
:107B100023F0080385F88E302CE72146284600F034
:107B20006DFE0646002868D0301D02F093F9F37907
:107B300063733146284600F077FE284603F074F957
:107B4000284603F0C9FA0023A3720121284600F059
:107B500083FE2846FFF796FC284601F0C1FE95F803
:107B60008E3043F0100385F88E3003E72146284617
:107B700000F044FE0646002841D095F8303194F8D4
:107B80004E10301D1BB1D5F840315B071DD402F0FB
:107B900075F9F37963733146284600F045FE2846AF
:107BA00003F042F9284603F097FA94F82030062BA8
:107BB00011D0242B3FF4DEAE00DEDBE61A23037186
:107BC000FAE61C3002F046F9F6E60A4694F84D1043
:107BD00002F060F9DDE70121A172284600F03CFEC9
:107BE0002846FFF74FFC284602B0BDE8704001F080
:107BF00077BE00DED4E600DE79E700DE94E700DE43
:107C0000BBE700BF92F81FC0ACF1030C02F11C03EC
:107C1000BCF1080F06D8DFE80CF01205050F0505CA
:107C2000050C09003D2380F8643170470822FFF7F6
:107C30008DBE0722FFF78ABE0222FFF787BE012210
:107C4000FFF784BE8B7A042B06D002D9053B082BA4
:107C500000D8704700DEFCE705238B72704700BF39
:107C60008B7A042B06D002D9053B082B00D870472D
:107C700000DEFCE7062040F20362072381F82000C3
:107C8000A1F84D208B727047887AA0F10400B0FAF9
:107C900080F04009704700BF13460022FFF756BE30
:107CA00070B591F82C30042B0C460ED991F82D208C
:107CB000112184F828100125134313F0070312D172
:107CC00084F828300125284670BD032B07D091F891
:107CD0002D20042AECD8032A01D00025ECE711233B
:107CE00084F828300125668DFFF7DCFB801B030438
:107CF000E9D42823E4E700BFF0B50E4683B00DF1C8
:107D0000060201A9B0F86C50B0F86E700446FFF797
:107D1000E9FB96F82D201ABB96F82C30002B5CD18D
:107D2000B4F86C30AB420ED3BDF806209A420AD3A9
:107D3000B4F86E30BB4206D3BDF804209A4202D399
:107D4000002003B0F0BD94F8D130A4F86C5043F09B
:107D500001030120A4F86E7084F8D13003B0F0BDA7
:107D600094F93700002802DB96F82C30EBB194F838
:107D7000761094F8685001F003032B440D33DB00B8
:107D8000C1F34001CB409BB2BDF80650B3F5A47FD0
:107D900038BF4FF4A4739D4228BF1D4612B300287C
:107DA00003DA96F82C30002BBAD094F8772094F8A8
:107DB0006A10BDF8047002F003030B440D33DB00BE
:107DC000C2F34002D3409BB2B3F5A47F38BF4FF457
:107DD000A4739F4228BF1F46A2E794F937000028EA
:107DE000C5DAE2E796F82C30002B99D0002897DA14
:107DF000DBE700BF10B50C4689690023A36131B3EE
:107E000094F82130DB071DD50B792E2B1DD11D23B6
:107E10000B71838CCB8094F828300B7790F87730F7
:107E2000C3F302038B7790F87630C3F302034B77EA
:107E30000868FCF76BFA94F8213023F0010384F80A
:107E4000213010BD01230B71F2E700DEDFE700DE19
:107E5000D6E700BF38B591F821304D6A9B070C4634
:107E600003D4BDB101232B7108E0A5B103232B710D
:107E7000838CEB8005F11C0102F05CF9286829462F
:107E8000FCF744FA94F82130002223F002036262E6
:107E900084F8213038BD00DEE8E700BF70B50C463D
:107EA000054600F0BFFC6062C0B1637BE6696661B5
:107EB0000022172BE26109D000DE2846314600F08F
:107EC000B3FC2846BDE8704002F0AEBF311D284625
:107ED00002F01AF841F603036381EEE700DEE4E7FF
:107EE00070B5CB690C460646002B4CD0637B162B35
:107EF0002ED196F93730002B2ADBE5696561002326
:107F0000E36194F8203096F89C21C3F3C20363F335
:107F1000C50286F89C2194F8202096F89C3162F3E3
:107F2000020386F89C3194F8203096F87620C3F34B
:107F3000801363F3C30286F87620291D204601F0E2
:107F4000BFFF0221304600F073FC0223A37211E050
:107F500000F060FC10B90723A37270BD00F062FC52
:107F6000606290B1637BE56965610022162BE26176
:107F7000C7D000DE3046294600F056FC3046BDE84A
:107F8000704001F0B1BC00DEB0E700DEEAE700BF00
:107F900038B505460C4601F097FC10B10123A372D9
:107FA00038BD284602F02EFF0028F7D1214628468A
:107FB00000F01CFC0028F1D0284602F021FF072821
:107FC000ECD02846012102F015FF28460D2102F0D1
:107FD00015FF162321466373284600F00FFCE0616D
:107FE00021462846BDE83840FFF77ABF38B5054638
:107FF0000C4602F011FF10B10223A37238BD2146D6
:10800000284600F0F3FB0028F6D0284602F0F8FEE0
:108010000728F1D00D21284602F0F0FE17236373E4
:108020002146284600F0EAFBE06158B100F0F2FB7F
:1080300010B90723A37238BD21462846BDE8384051
:10804000FFF72CBF00DEF1E770B50C46897A82B0ED
:1080500006461546092906D8DFE801F0080D45480F
:1080600005056B8B97B800DE02B070BD002DFBD10B
:108070000123A372F8E71946204601F037FF94F870
:10808000202096F89C31C2F3C200C3F3C201014024
:10809000C2F30200034043EAC10322F03F0213434C
:1080A00084F8203096F93730002B0BDB94F8203021
:1080B00013F0380F40F09E8094F8203023F03F03F7
:1080C00084F820300221304600F0B2FB012DCBD1E4
:1080D00096F83730DB09C6D02146304602B0BDE8FD
:1080E0007040FFF783BF002DBED1F5E7022DBBD155
:1080F00090F93730002B80F2C380644B96F87620DD
:1081000093E8030094F8203002AD134305E903001F
:1081100003F007036B4402211B78304663F3061219
:10812000062386F87620A37202B0BDE8704000F006
:1081300093BB032D98D11946204601F0FBFE214642
:108140003046FFF7ADFD0546204600F091FB002DBF
:108150005BD094F8283096F87620282B08BF86F854
:1081600064311346092162F3061386F87630A17252
:108170007AE7002D7FF478AFE369002B74D000F02C
:1081800049FBD8BB0723A3726EE7002D7FF46CAFC9
:10819000FFF780F9638DC01A03043FF565AF84F8DB
:1081A000285096F93730002B35DB002294F8213027
:1081B00062F3000384F8213096F8762013460921F3
:1081C00062F3061386F87630A1724DE7042D7FF432
:1081D0004BAF2146FFF70EFE21463046FFF73AFE31
:1081E000304602F079FF0021304602F007FE0023FE
:1081F000A37239E75A077FF465AF5DE72146304641
:1082000002B0BDE87040FFF749BE304602F012FEF2
:108210000823A37228E794F82D1096F8772094F895
:108220002C3011F0030102F007051FD096F87600FC
:10823000844661F3020C13F0030386F876C000F065
:1082400007001FD063F30202884286F8772014D01B
:1082500021463046FFF750FD94F8213060F341038A
:10826000012284F82130A1E700DE88E713F0030340
:108270009BD063F3020286F877209D42E8D194E711
:1082800000DE3AE78842E3D18FE700BF90EF0300BA
:1082900070B5D37F112B05460C4602F11C0625D084
:1082A000182B09D0072B10D0242380F8643101F05B
:1082B000C1FB0023A37270BD8B7A062B3DD088BF13
:1082C000073B022BF7D900DE70BD8B7A062BF6D167
:1082D000002102F08FFDD5F840311A2223F480737B
:1082E000C5F84031204684F828200FE08B7A062B11
:1082F000E5D13146204601F0DBFD94F84E3084F89C
:1083000028302846002102F075FD204600F0B0FA22
:1083100094F8213043F0010384F8213095F8762059
:108320001346092662F3061385F87630A6722846AE
:108330000221BDE8704000F08FBA90F93730002B71
:108340003FDA0221284602F055FD3146204601F071
:10835000F1FD21462846FFF7A3FC0646204600F023
:1083600087FA9EB994F82D302BB195F8762063F3F7
:10837000061285F87620284601F0C0FA0823A37279
:1083800028460221BDE8704000F066BA0021284668
:1083900002F030FD94F828300BB185F8643194F880
:1083A000203094F82120DB0963F3000284F82120B7
:1083B00095F876100A4661F30612092385F87620AF
:1083C000DDE700DEBDE700BF38B58B7A0C46054619
:1083D000092B06D8DFE803F0070706050505060B9D
:1083E0000F0600DE38BDBDE83840FFF7D1BDBDE85F
:1083F0003840FFF775BDFFF74DF8638DC01A0304D1
:10840000F0D495F93730002B19DB0021284602F013
:10841000F1FC94F82030002284F82820DB0994F83D
:10842000212063F3000284F8212095F8762013467A
:10843000092162F3061385F87630A17238BD94F8ED
:108440002D1095F8772094F82C3011F0030102F0EC
:10845000070C24D095F87600864661F3020E13F0DF
:10846000030385F876E000F0070022D063F30202F0
:10847000884285F8772019D021462846FFF73CFC32
:1084800094F8213060F3410384F82130002128461C
:1084900002F0B0FC0022012384F82820BFE713F08B
:1084A0000303B2D063F3020285F877206345E3D17A
:1084B000ABE78842E0D1A8E791F80AC0BCF1020F0F
:1084C00008D000D87047ACF1060CBCF1030FF9D905
:1084D00000DE70470B4690F83710C9090246F7D006
:1084E00030B5104990F8764093F820E003C983B086
:1084F00044EA0E0E02AD05E903000EF0070EEE444D
:1085000061469EF8000041F6060C60F30614104622
:1085100082F87640A3F80AC003B0BDE8304000F00E
:108520009BB900BF90EF030038B58B7A082B04D8B5
:10853000033B022B00D800DE38BD092BFBD10546DA
:108540000C46FFF757FC21462846FFF783FC2846D8
:1085500001F070FA0021284602F050FC0023A372BB
:1085600038BD00BF10B592F81FE0BEF1160F02F142
:108570001C0310D0BEF1180F08D024230C4680F83D
:10858000643102F0A9FD0023A37210BDBDE81040C4
:108590000322FFF759BDBDE810400122FFF754BD8B
:1085A00013460022FFF750BD13460222FFF74CBDD1
:1085B00000230422FFF748BD0023C0E90133C0E9CE
:1085C00003330370704700BF0378013303707047B3
:1085D00003785BB9C3687BB102691AB1816861B184
:1085E0000B6082600023C0E903337047013BDBB2BC
:1085F0000370002BEED0704770474360F1E700BF77
:1086000003783BB100230C300B60436843B1196021
:1086100041607047002304300B604368002BF6D1A3
:10862000C0E90011704700BF00230B60836813B1DD
:10863000196081607047C0E9011170474068704758
:108640000346406828B1996802685A60884208BFAA
:108650009A6070474078A0F10C00B0FA80F04009B1
:10866000704700BF4078A0F10800B0FA80F04009E0
:10867000704700BF4078A0F10200B0FA80F04009D6
:10868000704700BF4078A0F11700B0FA80F04009B1
:10869000704700BF4078A0F10100B0FA80F04009B7
:1086A000704700BF4078A0F10900B0FA80F040099F
:1086B000704700BF4078A0F10600B0FA80F0400992
:1086C000704700BF4078A0F11800B0FA80F0400970
:1086D000704700BF4078A0F10300B0FA80F0400975
:1086E000704700BF4078A0F10500B0FA80F0400963
:1086F000704700BFF8B5064608460D46F9F78CFDF1
:10870000044680B10027C0E90577456006722C2237
:108710003946203015F053FF4FF47F43FF22627239
:108720006381A381A7732046F8BD00BF4078A0F104
:108730000200B0FA80F04009704700BF4078A0F115
:108740000200B0FA80F04009704700BF4078A0F105
:108750000200B0FA80F04009704700BF4078A0F1F5
:108760000100B0FA80F04009704700BF4078A0F1E6
:108770000100B0FA80F04009704700BF4078A0F1D6
:108780000100B0FA80F04009704700BF4078A0F1C6
:108790000900B0FA80F04009704700BF4078A0F1AE
:1087A0000900B0FA80F04009704700BF4078A0F19E
:1087B0001800B0FA80F04009704700BF4078A0F17F
:1087C0000300B0FA80F04009704700BF4078A0F184
:1087D0000300B0FA80F04009704700BF416809B15A
:1087E000F9F730BD00DE4168F9F72CBD024B18687F
:1087F000003818BF01207047104B002010B5044806
:10880000F9F70AFD04460430FEF732FE204610BD9B
:10881000104B002008B50120FBF78CFD003818BF75
:10882000012008BDFBF7A0BDE030FFF7FDBE00BF93
:1088300038B590F8563105460C461BB11C4385F8F7
:10884000564138BDE030FFF7BFFE95F856311C4366
:1088500085F8564138BD00BF90F8563123EA010132
:1088600080F8561101B17047E030FFF7B1BE00BF8C
:10887000836943B11A792E2A04D02E221A71836992
:1088800002691A60704700DE8369F3E783694BB1C0
:108890001A792E2A00D0704701221A71816908685E
:1088A000FBF734BD00DE8369F2E700BF8B6913B1CB
:1088B0001A792E2A0BD00B7A072B15D0CB692BB146
:1088C000D0F85C211A60CB69C0F85C3170471B6836
:1088D000D0F858215A608B6901221A718B69C0F84F
:1088E00058310B7A072BE9D14B6A002BE6D01B6875
:1088F000D0F858215A604B6A01221A714B6AC0F8AD
:108900005831DBE770B505460C48F9F785FC04469D
:1089100088B10A4B43600026C0E9056605722C2227
:108920003146203015F04BFE4FF47F43FF22627238
:108930006381A381A673204670BD00BF004B002059
:1089400010B50A4B062258685021F9F741FC084B34
:10895000012258685021F9F73BFC064BBDE8104056
:10896000586804222C21F9F733BC00BF084B0020C3
:10897000004B0020104B002038B50446002501F0C4
:108980002DF82046C4E93E5584F8045102F086FBD8
:10899000C4F82851C4E9425584F81651A4F814517A
:1089A000A4F81851C4F82B51A4F84851C4F8305118
:1089B000C4F83451C4F83851C4F83C51C4F840519B
:1089C000C4F84451FAF7B4FF94F88E3084F8565145
:1089D000C4E95001C4E9565523F0180384F88E30D9
:1089E000258638BD08460149F9F72CBC104B0020FC
:1089F00010B5B0F8024182B0034624B1A1420FD2B3
:108A0000641AA0F80241B3F8120120B181420FD2DA
:108A1000401AA3F8120100231846137002B010BDCB
:108A2000019200F003FF019A58B1037A0A2B03D098
:108A300022236FF07300F0E790F820306FF073009E
:108A4000EBE700DEF1E700BF034B0B44B3FBF1F3B0
:108A5000A0F81831704700BFFF59620210B50446F4
:108A600002F024FB2046BDE8104000F0BFBF00BF6D
:108A700010B5044649B1012900D010BD02F060FBD9
:108A80002046BDE8104001F007B802F045FB204643
:108A9000BDE8104000F0F2BF38B5D0F858410546A7
:108AA00034B1206821464468FBF724FC002CF8D13F
:108AB000D5F85C410023C5F8583134B1204624680C
:108AC0000449F9F7BFFB002CF8D10023C5F85C314D
:108AD00038BD00BF104B002090F93730002B14DA5E
:108AE00070B504460E46032009491546FFF702FEFD
:108AF000014640B180F8206080F82150204600F007
:108B000065FE002070BD0C2070BD0C20704700BFBA
:108B1000084B002010B5074904460120FFF7EAFD85
:108B200028B10146204600F051FE002010BD0C2067
:108B300010BD00BF084B002038B504460D4602208A
:108B40000849FFF7D7FD58B190F8203065F30003CE
:108B5000014680F82030204600F038FE002038BD65
:108B60000C2038BD084B002010B5074904460420EE
:108B7000FFF7C0FD28B10146204600F027FE002087
:108B800010BD0C2010BD00BF084B00202DE9F041A6
:108B900005468846072010499DF8186017461C4670
:108BA000FFF7A8FDA8B1E30008F0070803F03803B9
:108BB000BF0143EA080307F040073B4343EAC613FB
:108BC000014680F82030284600F000FE0020BDE875
:108BD000F0810C20BDE8F081084B002038B5044638
:108BE0000D4600F09DFF204602F034FB07490A20A5
:108BF000FFF780FD38B1014680F82050204600F094
:108C0000E5FD002038BD0C2038BD00BF084B00201A
:108C100008B590F93730002B08DB00F007FE20B1D3
:108C2000037A0B2B0CBF2230002008BD02F0F0F8B5
:108C3000F5E700BFF8B5D0F840319B0601D400201D
:108C4000F8BD04460D460C2008491646FFF752FDB4
:108C5000074648B1294620463246FEF745FD3946CB
:108C6000204600F0B3FDEAE70C20F8BD084B0020D9
:108C700070B506460D4602F0CBF820B1037A053BED
:108C8000012B044601D90C2070BD01463046FEF789
:108C9000FBFF0028F7D029686A68AB68ED68C4F864
:108CA00037503046C4F82B10C4F82F20C4F83330A6
:108CB0002146FEF7C7FF002070BD00BF38B505464E
:108CC00002F0A6F820B1037A053B012B044601D936
:108CD0000C2038BD01462846FEF7D6FF0028F7D005
:108CE00028462146FEF7BCFF002038BD2DE9F84399
:108CF0000546D0F84001BDF820801E4683070F4688
:108D0000914617D495F93730002B1FDB2A490820EC
:108D1000FFF7F0FC0446002C42D0237A082B0FD03A
:108D2000092B16D000DE2846214600F04FFD00201A
:108D3000BDE8F88320490920FFF7DCFC0446EAE798
:108D4000A4F828906685A4F82C80ECE71A20BDE8EA
:108D5000F883099BE784A4F828906685A4F82C8002
:108D600003B31B882387099B5B886387099B9B88C8
:108D7000A387099BDB88E387099B1B89A4F8403004
:108D8000099B5B89A4F8423095F93730002BCADA89
:108D90002846FDF767FE0146284602F0CFFAC2E7F3
:108DA0000C20C5E7054A4FF0FF33C4E90E23A4F8B1
:108DB00040304FF6FF73E5E7084B00200000FFFF4F
:108DC00008B502F025F828B1007AA0F10C00B0FA3D
:108DD00080F0400908BD00BF10B5044602F018F845
:108DE00010B1037A092B00D010BD01462046BDE822
:108DF000104001F0D3BE00BF38B504460D4602F066
:108E000007F810B1037A092B00D038BD80F8205044
:108E100001462046BDE8384001F0C4BE08B501F067
:108E2000F7FF28B1007AA0F10900B0FA80F04009FC
:108E300008BD00BF38B505460C4600F0F7FC10B180
:108E40004369A3420ED0284601F0E2FF10B1436906
:108E5000A34200D038BD224601462846BDE838402E
:108E600002F0F0B801462246284600F081FDEAE70C
:108E700010B5044600F0DAFC18B10146204600F0B7
:108E80009BFD204601F0C4FF014620B12046BDE80D
:108E9000104002F0F1B810BD2DE9F041537F1446A7
:108EA00005460E46002B3AD0D37F1E2B24D92846E8
:108EB00000F0BCFC0746284601F0AAFF0146002F3F
:108EC00068D0FA7AE37F002843D09342C07A52D028
:108ED0003A7B002A4FD1072B65D0112B74D00D2B74
:108EE00040F086800D2802D00B7B002B3BD01F2347
:108EF00085F86431BDE8F081474A52F8232022B159
:108F000004F11C00904760B1E37F022BCFD1012315
:108F1000224631462846BDE8F04102F02DB9FF2334
:108F2000D377284600F082FC30B1E27FC37A9A42C0
:108F3000E0D0037B002BDDD1284601F069FF00283B
:108F400040D0E27FC37A9A42D4D0037B002BD1D1A8
:108F5000DEE7934207D03A7B2AB9072B3CD0112B8E
:108F60003AD00D2BD3D12346324639462846BDE8A8
:108F7000F04100F0C7BC8342B9D00A7B002AB6D1C9
:108F8000072B2FD0112BEED14B7B94F820209A4247
:108F9000E9D1ACE70028BAD0234632462846BDE8DE
:108FA000F04101F0E9BF94F820307A7B9A4225D055
:108FB0000728F1D00A7B002AEED14A7B9A42EBD0F7
:108FC000242395E70346A3E794F820307A7B9A425E
:108FD0001FD01128EED1DFE77A7B94F820309A4237
:108FE00095D1C0E74A7B94F820309A42BBD17EE706
:108FF0008342D1D00B7B002BCED1E1E707283FF491
:1090000076AF0B7B002B7FF472AF4B7B9342AAD1E0
:109010006DE71128F5D16AE7B8F80300F8B58D6956
:1090200000270C4606468F617DB3012703232B7171
:10903000B38CEB80237A042B05F11C0118D00C2B88
:109040000BD0022B17D1637A072B16D0092B12D124
:10905000304600F0FDFD2FB1F8BD304601F06AF852
:10906000002FF9D128682946BDE8F840FBF74EB932
:10907000637A0C2B05D000DEEDE7204600F094FD6E
:10908000E9E7304600F086FEE5E7FFF7CBFB054653
:109090000028CBD100DE0071FFDE00BF70B50646B0
:1090A0000C46FFF7ABFB0546002855D0237A013B61
:1090B000291D0B2B07D8DFE803F0151B2128060616
:1090C0000606062E063500DEEB7963732946304628
:1090D000FFF7AAFB237A0A2B2AD03046BDE870405E
:1090E00000F002BC084600F039FD1323E372EBE701
:1090F000304600F067FD0923E372E5E7204600F003
:1091000015FEFF236561E372DEE7084600F030FEDE
:109110000C23E372D8E7204600F01AFEFF236561B6
:10912000E372D1E7304600F0D5FF1523E372CBE7B9
:10913000F38CB6F8921140F2E24202FB03F342F2E2
:10914000107202FB013101393046B1FBF3F1BDE889
:10915000704089B200F0CEBB00DEA7E72DE9F041F8
:1091600007460C46164601F057FE28B10323A372AA
:1091700000252846BDE8F08121463846FFF736FB3A
:1091800005460028F2D021463846FFF737FB8046D7
:1091900000283CD0237A013B08F104010B2B07D8AF
:1091A000DFE803F01B210627060606060606062D45
:1091B00000DE98F80730637341463846FFF734FB0A
:1091C000384601F031FE0423A372002ED1D0384678
:1091D00001F082FF0023A372CBE7084600F0C8FC31
:1091E000FF23E372E5E7384600F010FDFF23E3724A
:1091F000DFE7084600F0BCFDFF23E372D9E73846FD
:1092000000F080FFFF23C4F81480E372D1E700DE92
:10921000C0E700BF38B50B7A013B0C4605460B2B67
:109220000CD8DFE803F006060B1B0B0B0B0B0B0D2A
:109230000B16BDE838400122FFF790BF00DE38BDB5
:1092400001F04AFF94F820300022A27285F86431C0
:1092500038BDBDE838400022FFF780BF90F82831C4
:1092600043B90122FFF77AFF0028E8D0012385F8EF
:10927000283138BD01F030FF0023A37238BD00BF94
:1092800038B50B7A013B0C4605460B2B15D8DFE8A9
:1092900003F006160E24141414141433143B4B7AE2
:1092A000072B04D0132B02D0242385F864312846E1
:1092B00000F0C0FB0023A37238BD00DE38BD4B7A3E
:1092C000072B01D0092BEFD194F82030DB07EED526
:1092D00021462846FFF7A2FEE9E74B7A0C2BE3D1A3
:1092E0008B6993B321462846FFF798FE284600F085
:1092F000A1FB0023A37238BD00F09CFB00221623C3
:10930000A27285F8643138BD4B7A152B16D0072B25
:10931000CAD1D0F8403123F02003C0F8403100F02A
:1093200089FB0023A3722846FFF74AFD0028C3D11A
:1093300028460421BDE83840FFF78EBAFEF7DAF878
:1093400068B9284600F076FBEBE7FFF763FA0028E0
:10935000C8D1284600F0C8FA0423A37238BD2146BC
:109360002846FFF75BFEECE770B50E7A731E0C46DD
:1093700005460B2B07D8DFE803F0080F2337060656
:1093800006060653066100DE70BD00F09DFA002857
:109390007FD00123A37270BD00F096FA0028F8D1A7
:1093A00021462846FFF722FA0028F2D02146284617
:1093B000FFF774FE6369002B08BF0326A67270BD19
:1093C00000F082FA0028E4D121462846FFF70EFA81
:1093D0000028DED021462846FFF760FE6369002B97
:1093E00018BF0226A67270BD90F828319BBB00F012
:1093F0006BFA0028CDD121462846FFF7F7F900285F
:10940000C7D021462846FFF749FE6269002A4FF07F
:1094100001030CBF03220222A27285F8283170BD1D
:10942000FFF7E4F90028B4D021462846FFF736FEBE
:109430001622022384F82020A37270BDD0F8403198
:109440009B0602D5FFF7BCFC68B1284600F0F2FA93
:109450000023A37270BD0C2200234A728B61BDE809
:109460007040FFF70DBF284600F02EFA002890D17B
:1094700021462846FFF7BAF900288AD00421284659
:10948000FFF7D6F921462846FFF708FE0323A3720B
:1094900070BD21462846FFF7A9F900283FF479AFAF
:1094A00021462846FFF7FAFD6369002B0CBF032312
:1094B0000223A37270BD00BF8B7A022B06D002D9A3
:1094C000033B012B00D8704700DE70470B7A032B5B
:1094D00001D00A2BF7D1FFF7D3BE00BF38B58B7A86
:1094E000032B05D001D9042B00D138BD00DE38BDD7
:1094F0000546D07F0C46831E02F11C016072172BBB
:109500000DD8DFE803F00C0C0C0C0C1F0C1B0C0C22
:10951000170D0C0C0C130C0D0C230C0C0C0D00DE99
:1095200021462846BDE83840FFF7AABE204600F095
:10953000BFFCF5E7284600F043FCF1E7284600F0C1
:10954000CFFBEDE7204600F02BFBE9E7284600F0D3
:1095500031FEE5E738B58B7A032B05D8012B0AD805
:10956000BDE83840FFF700BF042B03D10B7A042B72
:109570000C4601D000DE38BD0546FFF74BF9002848
:10958000F9D021462846FFF749FD284600F052FA57
:109590000023A37238BD00BF38B58B7A012B06D0EB
:1095A00002D9023B022B00D838BD00DE38BD05468B
:1095B000D07F0C46831E02F11C016072122B20D852
:1095C000DFE803F0291F1F1F1F1F251F1F1F211F5B
:1095D0001F1F1F1F191F0A00284600F0C3FD04218A
:1095E0002846FFF725F92846FEF704F884F82000FE
:1095F0002046FFF73DF921462846BDE83840FFF7F1
:1096000009BE00DEF7E7284600F0DAFBF3E728465C
:1096100000F03CFBEFE7204600F0A6FB08212846BF
:10962000FFF706F9E7E700BFF8B58D7A032D00D8FC
:10963000F8BD042D23D10B7A0C2B0C46F8D106462D
:10964000FEF710F894F82030294640EA0307304628
:10965000FFF702F9A5690023FFB2A36105B32B79D7
:109660002E2B0ED17FB901232B7128682946FAF7DA
:109670004DFE304601F030FD0023A372F8BD00DE40
:10968000F8BD00DEEEE703232B71B38CEB80237A69
:109690000C2B05F11C0105D1304600F04BFDE4E731
:1096A00000DEDCE700DEF7E710B58B7A82B00C460F
:1096B000042B1ED8DFE803F01710031210000B7AFA
:1096C0000A2B14D1019001F007FD019894F8203085
:1096D0000022A27280F8643102B010BD02B0BDE871
:1096E0001040FFF797BD01238B7202B010BD00DE62
:1096F000E8E700DEF0E700BF70B5044605F016FAB3
:1097000058B1D4F8F85035B1D4F8FC202B68C4F81F
:10971000F830AA4221D0284670BD05460121032019
:1097200005F0CAF92A46064601210320F8F716FE7D
:10973000D4F8F85045B1D4F8FC202B68C4F8F830C0
:10974000954208BFC4F8FC30002EE4D00122114637
:109750000320F8F703FE284670BDC4F8FC30284605
:1097600070BD00BFF8B506460C4605F0DFF968B1DC
:10977000D6F8F850AC421FD1A3690BBB3046FFF7B7
:10978000BBFF2046BDE8F840FFF728B80546012199
:10979000032005F091F92A46012107460320F8F736
:1097A000DDFDD6F8F850002FE4D001221146032049
:1097B000F8F7D4FDAC42DFD000DEA369002BDDD08A
:1097C0001B792E2BDAD100DED8E700BFF8B50546AD
:1097D0000C4605F0ABF940B100232360D5F8FC300E
:1097E000F3B11C60C5F8FC40F8BD0646012103201A
:1097F00005F062F93246074601210320F8F7AEFD75
:109800002660D5F8FC3073B11C60C5F8FC40002F11
:10981000EAD00122BDE8F84011460320F8F79EBDCA
:10982000C5E93E44F8BDC5E93E44F0E770B50546DC
:1098300005F07CF918B1D5F8F840204670BD044613
:109840000121032005F038F92246064601210320B4
:10985000F8F784FDD5F8F840002EEED0012211462D
:109860000320F8F77BFD204670BD00BF38B50546E4
:10987000FFF7DCFF037A013B04460B2B1BD8DFE824
:1098800003F0060606061A1A1C1414061A060146E8
:1098900000222846FFF75EFEA37B03B938BD2146B0
:1098A0002846BDE83840FFF75DBF01460022284644
:1098B00001F046F9F0E700DEEEE701460022284617
:1098C000FEF782FDE8E700BF90F80401A0F1010077
:1098D000B0FA80F040097047012380F804317047E6
:1098E000002380F804317047B0F81831A0F8023135
:1098F000704700BFA0F80211704700BF0023A0F816
:109900000231704738B50C468969054610461A463B
:10991000F9B1217A01390B2923D8DFE801F00606D5
:1099200006062222241D1D06220621462846FFF790
:10993000D5FDA36923B11B792E2B1CBF0023A36186
:10994000A37B03B938BD21462846BDE83840FFF760
:1099500009BFA3612061DCE72146284601F09AF89F
:10996000E7E700DEE5E721462846FEF791FCE0E761
:1099700038B50B7A033B0C460546092B09D8DFE8BE
:1099800003F0050808080D08080508052146FFF73B
:1099900093FDA37B0022626143B938BD2146FEF7E7
:1099A0008BFDA37B00226261002BF6D02146284666
:1099B000BDE83840FFF7D6BE38B50B7A072B0C460A
:1099C000054608D0A37B03B938BD21462846BDE82B
:1099D0003840FFF7C7BEFEF7A7FDF3E702220023DA
:1099E00080F80021A0F80231704700BF38B590F828
:1099F00000310446032B1BD8DFE803F002111011DD
:109A0000FFF714FF034648B11D7A2046FFF72EFFEB
:109A10000A2D14BF0123032384F8003138BDFFF75A
:109A200005FF0028FAD02046BDE83840FFF71EBFEA
:109A300000DE38BD10B590F800310446032B1BD86A
:109A4000DFE803F00D020C02FFF7F0FE90B10023F7
:109A50000122A4F80231827384F8003110BDFFF7AF
:109A6000E5FE28B100220123A4F80221837310BD72
:109A700000DEF7E700DEEAE700DE10BD90F8003117
:109A8000022B05D000D87047032BFCD000DE7047B6
:109A9000002380F80031704738B590F80031044653
:109AA000032B3AD8DFE803F0092612132046294693
:109AB000FEF7FCFE2846FEF791FE2046FFF71CFE4F
:109AC00005460028F2D1022384F8003138BDFFF7A3
:109AD00013FE05460028F6D029462046FEF7E6FE8E
:109AE0002846FEF77BFE2046FFF706FE05460028C7
:109AF000F2D1E8E7FFF700FE05460028E3D029464B
:109B00002046FEF7D3FE2846FEF768FE2046FFF704
:109B1000F3FD05460028F2D1D5E700DE38BD00BFD1
:109B200038B50546FFF7E8FD68B1044621462846EA
:109B3000FEF7BCFE2046FEF751FE2846FFF7DCFD8F
:109B400004460028F2D10024A5F802412146284607
:109B500001F050F985F8004138BD00BF03780121BC
:109B6000122243F0030303704170C270704700BFBC
:109B700003780121132243F0030303704170C27084
:109B8000704700BF0B784FF0020C43F0030307222D
:109B90000B7081F801C0CA7090F84C300B7170479F
:109BA0000B7980F84C3070470B784FF0020C43F083
:109BB000030307220B7081F801C0CA7090F84C3083
:109BC0000B71704710B50B780C460922082143F041
:109BD0000303E1706270237090F93730002BACBF43
:109BE0000B460E23E370F9F7A3FE002261F3070290
:109BF000C1F3072C0B0C6CF30F2263F317421B0A03
:109C000063F31F626060A26010BD00BF38B50C46F0
:109C10000546F9F78DFE237843F0030323700923EB
:109C20006370E370D5F84031217263F0FF03184090
:109C3000020C0B0CC0F307252071C1F30721100A99
:109C4000A2711A0AE07165716172A372E27238BD85
:109C50000B78092243F003030B704A70CA70D0E9F5
:109C60004E23100CC2F3072C0A711A0C81F805C0A0
:109C700088714FEA102C0B72C3F30720130A81F886
:109C800007C048728A72CB72704700BF2DE9F0415D
:109C90004A68124E8968530F83EA1273164003F024
:109CA00001034FF04052A3FB0232054601F0EF07DB
:109CB00086EA0304F9F73CFE04EA0003C5F84031E4
:109CC00063F0FF03B8463340C5E94E380F40012228
:109CD000C5F8447185F83021BDE8F0812FCF87F7B2
:109CE0002DE9F0414C68104F8A68630F83EA1473C2
:109CF00003F001034FF04051A3FB0131274005461B
:109D000087EA030402F0EF08F9F712FEC5E94E787E
:109D1000044008EA01010123C5F84041C5F8441197
:109D200085F83031BDE8F0812FCF87F70B784FF001
:109D3000030C43F0030319220B7081F801C0CA70B1
:109D400090F820300B7190F821304B71704700BFB4
:109D50000B78022243F003030B704A70CA7090F82C
:109D600020300B71704700BF0B7980F820307047AE
:109D70000378074AC0F805204FF0060C43F00303B0
:109D800040F60C51037080F801C0A0F80310704732
:109D9000F105FFFF0B784FF0060C43F003030C2294
:109DA0000B7081F801C0CA7090F82A310B71B0F8BD
:109DB0002B31A1F80530B0F82D31A1F807307047EC
:109DC000012380F829310B7980F82A31B1F8053068
:109DD000A0F82B31B1F80730A0F82D31704700BF43
:109DE0000B78032243F003034FF0170C0B7081F83C
:109DF00001C0CA70D0F82130D0F825208A604B60AD
:109E000090F829300B7390F82A304B73704700BFDD
:109E100010B503780D21042243F003034170037051
:109E2000C270841804F082FE0C2120B12046BDE8E7
:109E3000104002F001BE2046BDE8104002F0F2BD25
:109E400003780121052243F0030303704170C270BF
:109E5000704700BF03780121062243F0030303701B
:109E60004170C270704700BF037801210B2243F09C
:109E7000030303704170C270704700BF0378017123
:109E80004FF0020C43F003030D22037080F801C071
:109E9000C27070470378017143F003034FF0030C65
:109EA0000370112380F801C0C3704271704700BF76
:109EB0000B7980F84D304B7980F84E30704700BFF9
:109EC0000B784FF0030C43F0030316220B7081F85C
:109ED00001C0CA7090F82030C3F3C2034B7190F8F0
:109EE0002030C3F302030B71704700BF0A7990F86A
:109EF000203062F3C50380F820304A7962F3020310
:109F000080F82030704700BF0B784FF0030C43F00F
:109F1000030317220B7081F801C0CA7090F89C31BE
:109F2000C3F3C2034B7190F89C31C3F302030B716E
:109F3000704700BFCB8843850B7980F82C304B7974
:109F400080F82D30704700BF0B784FF0180C43F0AD
:109F500003030F220B7081F801C0CA70C38C8B8081
:109F6000038DCB80438D0B81838D4B8190F83430F2
:109F70000B73C38EA1F80D30038FA1F80F30438F00
:109F8000A1F81130838FA1F81330C38FA1F81530D9
:109F9000B0F84030A1F81730B0F84230A1F81930CD
:109FA000704700BF0B784FF0180C43F003031022EA
:109FB0000B7081F801C0CA70C38C8B80038DCB807D
:109FC000438D0B81838D4B8190F834300B73C38E9E
:109FD000A1F80D30038FA1F80F30438FA1F8113095
:109FE000838FA1F81330C38FA1F81530B0F840303B
:109FF000A1F81730B0F84230A1F81930704700BF0F
:10A000008B88C384CB8803850B8943854B898385E3
:10A010000B7B80F83430B1F80D30C386B1F80F30C7
:10A020000387B1F811304387B1F813308387B1F853
:10A030001530C387B1F81730A0F84030B1F81930A7
:10A04000A0F84230704700BF0B78002243F00303B2
:10A050004FF00C0CCA700B7081F801C090F82330DF
:10A060000B71036B094AA2FB03239B0AA1F805307D
:10A07000438DA1F80930038DA1F80730838DA1F835
:10A080000B30838CA1F80D30704700BF5917B7D142
:10A090000B7980F82330B1F8053040F2E24202FB40
:10A0A00003F30363B1F809304385B1F80730038542
:10A0B000B1F80B308385B1F80D308384704700BF51
:10A0C000B1F8093003844B68C0F822300B7A80F86D
:10A0D000263070470B784FF0090C43F0030314222D
:10A0E0000B7081F801C0CA70B0F85A308B80B0F89C
:10A0F00058300B81B0F85E30CB80B0F85C304B81CB
:10A10000704700BF0B784FF0090C43F00303152292
:10A110000B7081F801C0CA70B0F85A308B80B0F86B
:10A1200058300B81B0F85E30CB80B0F85C304B819A
:10A13000704700BF0B784FF0090C43F00303152262
:10A140000B7081F801C0CA70B0F86A308B80B0F82B
:10A1500068300B81B0F86E30CB80B0F86C304B813A
:10A16000704700BF8B88A3F11B02E02A21D8B1F809
:10A1700008C0ACF11B02E02A1BD830B5CD88A5F58C
:10A18000A47244F2481E92B2724511D84A89002145
:10A190000C4662F30F04A2F5A4726CF30F0192B2A5
:10A1A00063F31F4165F31F44724598BFC0E918145B
:10A1B00030BD70478B88A3F11B02E02A21D8B1F88B
:10A1C00008C0ACF11B02E02A1BD830B5CD88A5F53C
:10A1D000A47244F2481E92B2724511D84A890021F5
:10A1E0000C4662F30F04A2F5A4726CF30F0192B255
:10A1F00063F31F4165F31F44724598BFC0E918140B
:10A2000030BD70478B6900228A610BB3192293F825
:10A2100004C01A71828CDA8091F820201A774AB92A
:10A220000A8DDA834A8D1A848A8D5A84BCF12E0FE6
:10A230000AD07047C28CDA83028D1A84B0F892215A
:10A240005A84BCF12E0FF4D118681946FAF75EB89B
:10A2500000DEDBE730B5C38C0A8D4C8D8D8D9342CB
:10A2600085B002D1038DA34214D0012381F822309E
:10A2700002950B6BCDE900240C7A91F82320898C90
:10A280000391A4F10801B1FA81F14909E7F714F942
:10A2900005B030BDB0F892315B1B18BF0123E5E774
:10A2A000F8B5CD6900230C4607461646CB618DB341
:10A2B000291D112E0AD8DFE806F02009090909092D
:10A2C000091C0909090909090909241400DEEB79A7
:10A2D000637329463846FEF7A7FA237A092B14D070
:10A2E000F8BD084694F8202094F82110FFF7D2FD1D
:10A2F000EDE72046FFF746FCE9E72046FFF7A4FE1E
:10A30000E5E72046FFF74EFEE1E73846BDE8F840B6
:10A3100000F08ABDFEF772FA05460028C8D100DEBB
:10A32000C6E700BF38B58B690C46054683BBFEF710
:10A3300079FA2E23A061037194F8342001210023BF
:10A3400084F823102363218D4AB1B1FBF2F313FB90
:10A3500002F3E28C9BB29A429CBF23851946238F5D
:10A36000994204D340F2E24202FB03F323632846FE
:10A37000FDF798F8298D034606310B44A38400228B
:10A3800028462146FFF78CFF4FF60B73638138BDDB
:10A3900000DECCE738B504460D4600F03DFD20B99F
:10A3A00029462046FEF722FA30B910212046FEF752
:10A3B0003FFA0923AB7238BD04F1E000FEF73EF925
:10A3C0000028F2D12046FDF711FA0028EDD02946E9
:10A3D0002046FEF713FAE861FEF71CFA10B90C23C9
:10A3E000AB7238BD29462046FFF79CFF204610215E
:10A3F000BDE83840FEF730BA70B50C460646FFF7A8
:10A4000029FF237A092B1DD094F82250ADB10023E7
:10A4100084F8203021463046FFF7F4FE304600F045
:10A420005BFE237A092B05D10C4B1A68964204BFB8
:10A4300000221A600023A37270BD2046FEF726FAA0
:10A44000A561EBE7304600F0F5FC237A092BDBD160
:10A4500094F82030002BDAD1D6E700BF948F00208B
:10A4600070B506460C4600F0D7FC10B10623A37267
:10A4700070BD054621463046FEF7B8F90028F5D0F4
:10A48000112221463046FFF70BFF304600F024FE34
:10A49000237A092B04D1044B1A68964208BF1D6029
:10A4A0000023A37270BD00BF948F0020F8B5294A25
:10A4B000136806460C468BB183420FD002238B7281
:10A4C00000F0AAFC054620B921463046FEF78EF979
:10A4D00068BB2046BDE8F840FEF7CAB9218DF38C71
:10A4E0001660994212D0A5690023A36185B30323A6
:10A4F0002F792B71B38CEB8005F11C012046FFF7FF
:10A5000023FD2E2F1FD00423A372F8BD628D338D3F
:10A510009A42E8D1A28DB6F892319A42E3D1204610
:10A52000FEF7B4F900220523A261A372F8BD4FF42F
:10A530007263238421463046FFF792FF2046FEF7E0
:10A54000A5F9A561F8BD28682946F9F7DFFEDAE725
:10A5500000DECCE7948F0020F0B50C46897A83B0FA
:10A5600005460C2900F2DE80DFE811F012001E0023
:10A570004D00560062006C007900DC007C00D200C7
:10A580008600C0000D00002A00F0D18003B0F0BDAD
:10A59000002AFBD1237A082B00F0DB80092B40F046
:10A5A000C1800123A372F1E7012AEFD119462046A9
:10A5B000FFF726FDE38C052B1BD9228DB2F5486FE2
:10A5C00017D8934215D8638DB3F5FA7F11D2A08DB9
:10A5D000A0F10A0140F6764689B2B14209D80133AA
:10A5E00013FB02F3B3EB800F03D294F834309342A1
:10A5F0000BD940F61E7323842146284603B0BDE8DC
:10A60000F040FFF72DBF012AC0D82146284603B0ED
:10A61000BDE8F040FFF74ABF002AB7D10192FEF72C
:10A62000F9F8019A002840F0AF800323A372ADE748
:10A63000032A79D0042AA9D10F22062384F82120E5
:10A64000A372A3E7002AA1D195F93730002B7EDA57
:10A6500094F8203043B10F2384F82130CCE7002A4E
:10A6600094D1C9E7002A91D1284600F0D5FB0028F3
:10A6700072D00823A37289E7022A87D195F8372080
:10A68000C2F3C011D20975D019462046FFF700FD6C
:10A69000228D931F40F67A419BB28B4200F2878055
:10A6A000638DB3F5FA7F80F08280A08DA0F10A015E
:10A6B00040F6764689B2B14279D803FB0222B2EB6A
:10A6C000800F74D22846FCF7EDFEA38C1B1A47F6C8
:10A6D000FE729BB2934240F28880282385F8643151
:10A6E000284600F0F9FC0023A3724FE7002A7FF40C
:10A6F0004DAF2846FCF7CEFEA38CC01A03043FF5ED
:10A7000045AF2146284603B0BDE8F040FFF774BED0
:10A71000002A7FF43BAF2146284603B0BDE8F04055
:10A72000FFF738BE00DE31E70523A3722EE7FEF700
:10A7300071F800283FF42AAF21462846FFF7F2FDC2
:10A740001021284603B0BDE8F040FEF785B8A261AD
:10A75000E1E70A23A37219E721462846FEF746F8E7
:10A76000002886D0102221462846FFF799FD0A23AB
:10A7700063810BE784F84C10284600F04DFB064639
:10A78000B8B10D23A37201E7A669A261002E3AD0E9
:10A79000032337793371AB8CF38006F11C0120461B
:10A7A000FFF7D2FB2E2F1BD00423A372EEE61E234D
:10A7B00094E721462846FEF719F80028E1D0072241
:10A7C00021462846FFF76CFD284600F085FC237AD9
:10A7D000092B88D10D4B1A68954284D11E6082E7FF
:10A7E00030683146F9F792FDDEE72046FEF740F883
:10A7F0000B23A3722846FCF755FEA38CC31A1A0438
:10A800003FF5C4AE7DE700DEC2E700BF948F0020B5
:10A810002DE9F0412C4E336804460D462BB183429E
:10A8200003D00123AB72BDE8F0812046FFF74CF85E
:10A830000028F6D1204600F0E5FA07460028F0D1BE
:10A8400029462046FDF7D2FF0028EAD02046FCF733
:10A8500029FE01218046204600F0CCFAA5F836807A
:10A86000D5F81C8085F834703460EF61B8F1000FC2
:10A870001BD008F104012846FFF766FB98F8073063
:10A880006B7341462046FDF7CFFF2B7A092B08D08A
:10A8900094F83730DB0901D100DEC4E704236B8173
:10A8A000C1E72046FFF720F8F2E729462046FDF7EA
:10A8B000A5FF80460028DCD100DE04212846FFF7F2
:10A8C00043FB98F80730FFDE948F0020F8B50C4664
:10A8D000897A06461546062909D8DFE801F00430D2
:10A8E000080838640A001DB9237A092B29D000DE34
:10A8F000F8BD002DFCD1FCF7CDFDA38CC01A0304DC
:10A90000F6D42946304600F075FA21463046FFF766
:10A91000A1FC237A092B00F0968094F82250002D98
:10A9200040F09D802046FDF7B1FFA5613046FFF75E
:10A9300081F8237A092B60D00023A372F8BD002D83
:10A94000D6D121463046BDE8F840FFF761BF032D60
:10A950006CD0042D5CD0022DCAD119462046FFF7D9
:10A9600097FB228D931F9BB240F67A418B4262D8AF
:10A97000638DB3F5FA7F5ED2A08DA0F10A0140F697
:10A98000764789B2B94256D803FB0222B2EB800F58
:10A9900051D22946304600F02DFA2046FDF768FFD7
:10A9A0000623A372F8BD002DA2D1FEF78DFF10B1D2
:10A9B0000523A372F8BD21463046FDF717FF002896
:10A9C000F6D02946304600F015FAE769E561002F18
:10A9D0004DD094F8202094F82110381DFFF75AFA32
:10A9E000FB79637339463046FDF71EFF237A092B46
:10A9F0009CD13046FEF778FF98E796F93730002B68
:10AA00002FDB234B1A68964296D100221A6093E7F7
:10AA1000D0F840311A2223F00203C0F84031214619
:10AA200084F820203046FFF7EDFB7FE75B7984F860
:10AA300020302146F6E70021304600F0DBF91E23E6
:10AA400086F8643172E73046FEF758FF237A092B07
:10AA50007FF463AF94F82030002B3FF45EAF002307
:10AA6000E5E73046FEF7DAF90028CAD064E7214668
:10AA70003046FDF7C3FE07460028AAD100DE0420B9
:10AA800094F8202094F82110FFF704FAEB79FFDE08
:10AA9000948F002020B592F81FC082B0054602F1C5
:10AAA0001C03BCF1110F0AD8DFE80CF02D090909CD
:10AAB0000909092609090909090909091E17242391
:10AAC00080F864310191FEF7B5FF01990B7A092BEB
:10AAD00020D000238B7202B020BD0322284602B092
:10AAE000BDE82040FFF7F2BE8B7A012BF3D9043B7F
:10AAF000022BF0D900DEEEE70422284602B0BDE8C2
:10AB00002040FFF7E3BE0222284602B0BDE8204005
:10AB1000FFF7DCBE95F93730002B06DB074B1A68D0
:10AB20009542D6D100221A60D3E728460191FEF75C
:10AB300075F901990028F1D0CBE700BF948F002070
:10AB400013460022FFF7C2BE70B5D57F02F11C0389
:10AB5000CDB10F2D12D024230E4680F86431044667
:10AB600000F0BAFA337A092B05D1094B1A689442DE
:10AB700004BF00221A600023B37270BDBDE87040AC
:10AB80000122FFF7E9BCBDE870400222FFF7E4BCF8
:10AB9000948F002013460022FFF7DEBC002303221F
:10ABA000FFF7DABC00230422FFF7D6BCD37F012BCA
:10ABB00070B505460C4607D0242380F8643100F0B8
:10ABC0008BFA0023A37270BD8B7A012B04D013F093
:10ABD000FD0FF8D000DE70BD02F11C012046FFF72A
:10ABE0006FFA2846268CFCF75DFC361A47F6FE7392
:10ABF000B6B29E4202D80223A37270BD282385F804
:10AC00006431284600F068FA0023A37270BD00BFCB
:10AC100038B58B7A012B05D0022B0C4603D0A3B993
:10AC200001238B7238BD0546FCF734FC238CC01A17
:10AC30000304F7D404F122012846FCF741FC28461E
:10AC400000F04AFA0023A37238BD00DE38BD00BF11
:10AC5000D0F808218A42034608460DD18A69A2B974
:10AC60000A46D3F80CC11168C3F80811624508BF41
:10AC7000C3F80C11FDF7B2BD00DE8A692AB9D3F81A
:10AC80000821002AEDD1FDF7A9BD12792E2AF6D1AF
:10AC900000DEF4E738B5D0F808512B7A013B0446C2
:10ACA0000B2B28D8DFE803F00606060618181D133C
:10ACB0001306220600222946FEF7F6FCAB7B2BB1D9
:10ACC00029462046BDE83840FFF7C2BF38BD002204
:10ACD0002946FFF75FFFF1E700222946FCF7DCFF7A
:10ACE000ECE700222946FDF75BFCE7E70022294656
:10ACF000FFF78EFFE2E700DEE0E700BF70B5D0F8B7
:10AD0000085104461DB394F81431012B03D10223DA
:10AD100084F8103170BD29462046FDF767FD0028F4
:10AD2000F5D029462046FDF769FD064688B1311D5C
:10AD30002846FEF727FFF3796B7331462046FDF76F
:10AD400073FD01220023AA7384F8103170BD00DE68
:10AD5000D9E700DEEBE700BFF8B5D0F808510446AC
:10AD6000ADB394F81431012B03D1012384F81031D1
:10AD7000F8BD29462046FDF739FD0028F5D02946C3
:10AD80002046FDF73BFD064688B32046FEF74EFD04
:10AD90002A7A037A934206F104071AD0082B1AD0B4
:10ADA0002A2194F830311BB1D4F840315B0717D415
:10ADB0003846FFF763F8F3796B7331462046FDF7A9
:10ADC00033FD01220023AA7384F81031F8BD00DEA0
:10ADD000C7E72321E5E7092A0CBF23212A21E0E761
:10ADE0000A46384694F81711FFF754F8E3E700DEF7
:10ADF000CBE700BF80F81611704700BF704700BF57
:10AE00000020704790F81501003818BF01207047E6
:10AE1000D0F80801704700BF90F81401A0F10100BC
:10AE2000B0FA80F040097047B0F81831A0F812313C
:10AE3000704700BF0023A0F81231704738B5D0F832
:10AE40000841F4B1D0F80C212368C0F808319442CD
:10AE5000054608BFC0F80C319CB121462846FDF7D5
:10AE600025FD2046FDF7BAFCD5F808414CB1D5F8D0
:10AE70000C212368C5F808319442EED1C5F80C3195
:10AE8000EBE738BD70B505460C4639B1042900D052
:10AE900070BDFFF7D3FF85F8104170BDD0F8086191
:10AEA000002EF5D0337A112B11D832494FF0010C16
:10AEB0000CFA03F0014061B910F4386F07D00A2B87
:10AEC00013D0CBB195F81631F3B9644604E000DE37
:10AED000337A0A2B09D07BB185F815412846FFF754
:10AEE000D9FE032385F8103170BD2846FFF7D2FE46
:10AEF000052385F8103170BDD37F86F84C30284685
:10AF0000BDE87040FFF7FABE95F93710002910DB55
:10AF1000012B20D0022BBBD12846FEF787FC327ACA
:10AF2000037A934221D0082B1DD02A2385F864315F
:10AF300070BD012BEED12846FEF778FC08B1FF2347
:10AF4000C372012385F815312846FFF7A3FE0323BA
:10AF500085F8103170BDD37F85F817312846BDE8DC
:10AF60007040FFF7F9BE092ADFD1232385F8643149
:10AF700070BD00BF7FF4030038B50C4689690546F3
:10AF800010461A46237AF1B10C2B57D8DFE803F0AC
:10AF90000D070707073C3C484242074E0700214681
:10AFA0002846FEF7F9FAA16921B10B792E2B1CBFB7
:10AFB0000023A361A37B2BB121462846BDE838407E
:10AFC000FFF746BE38BDA26120610C2B36D801A127
:10AFD00051F823F039B002009FAF02009FAF02008A
:10AFE0009FAF02009FAF020009B0020009B002004B
:10AFF00021B0020015B0020015B002009FAF0200A0
:10B000002DB002009FAF020021462846FCF7FAFD52
:10B01000A169C9E721462846FFF796FDA169C3E764
:10B0200021462846FDF79EFAA169BDE7214628463C
:10B03000FFF7BCFDA169B7E71146B5E700DEA169DE
:10B04000B2E700BF38B50B7A072B0C4605460FD088
:10B050000C2B0AD0A37B002262612BB1214628462B
:10B06000BDE83840FFF7F4BD38BDFEF7DDFAF1E783
:10B07000FDF79AFAEEE700BF38B50B7A072B0C46BE
:10B08000054608D0A37B2BB121462846BDE83840B1
:10B09000FFF7DEBD38BDFDF78BFAF3E7042200238E
:10B0A00080F81021A0F81231704700BF90F81031DD
:10B0B000052B0ED8DFE803F0060907030603D0F8D6
:10B0C000083123B97047FFF719BEFFF745BEFFF7F8
:10B0D000E1BD00DEF6E700BF90F81031052B04D883
:10B0E000DFE803F004151305040500DE7047D0F80F
:10B0F0000821002380F815315AB100230121A0F85E
:10B100001231917380F810317047FFF7F7BDFFF7E8
:10B1100023BE00DEF1E700BF90F81031052B04D804
:10B12000DFE803F004090B04050400DE7047002388
:10B1300080F810317047FFF70FBEFFF7DFBD00BF8B
:10B1400090F8103110B50446052B12D8DFE803F053
:10B15000030D09030803FFF771FE042384F810317F
:10B1600010BDBDE81040FFF7C9BDBDE81040FFF7B6
:10B17000F3BD00DE10BD00BFF0B5044683B00E463F
:10B18000154673B1D27F1B2A37D8DFF8C4C090F8B8
:10B1900037100CEB4203C9095F7801238B403B4019
:10B1A00040D11846FDF7AEFB074620B300230360ED
:10B1B000D4F80C311BB31860C4F80C0194F81031AA
:10B1C000052B42D8DFE803F01E27030606062046BB
:10B1D000FFF794FDBB7B1BB139462046FFF738FDD6
:10B1E000D4F8081139B12B463246204603B0BDE8E9
:10B1F000F040FFF7C1BE03B0F0BD0023D1E7C4E9C2
:10B200004200DBE72A4600212046FFF73BFEBB7BDE
:10B21000002BE5D0E0E72046FFF79EFDBB7B002B2F
:10B22000DED0D9E71CF812300A2BBAD10193FFF710
:10B2300005FE0022A4F8122184F8152184F81021BB
:10B240002046FEF76DFC019BABE700DEC2E700BFC6
:10B2500034F9030010B50446FFF7F0FD0023A4F80D
:10B26000123184F8153184F8103110BD00B97047DF
:10B2700000DE704730B991F8D43023F0010381F833
:10B28000D430704700DE91F8D43023F0010381F808
:10B29000D43070472DE9F041079D9DF8187006469F
:10B2A000A88C4FF6FF7188422ED031462846904632
:10B2B0001C46FBF7F7FE38BB2B780133DBB22B7053
:10B2C00033B3144BB5F860019A7A1C8167F300021E
:10B2D0009A72114A013405F110019360044400226E
:10B2E000D960C3E9006811460B4BA5F86041012005
:10B2F000F7F768F850B9FF20FBF7F2FE2846FF2168
:10B30000BDE8F041FBF7B8BFBDE8F08100DEF2E731
:10B3100000DED6E7885F0020184B0020012800D00F
:10B32000704700B583B00191F9F78CF8019981421B
:10B3300002D103B05DF804FB00DEFAE7C38D23B150
:10B3400090F8D42012F0010300D0704710B542F0FD
:10B35000010288B00B4C80F8D42003310122CDE9E2
:10B3600002320690CAB2CDE90434CDE9003303219C
:10B370001846F8F751FA10F0FD0F01D108B010BDD2
:10B3800000DEFBE775B2020038B50C461546FBF748
:10B390007DFB48B11CB1BDE83840FDF78FBC2946A4
:10B3A000BDE83840FDF764BC022038BD38B50C4616
:10B3B0001546FBF76BFB58B190F93730002B05DAD7
:10B3C0002A462146BDE83840FDF786BB0C2038BD33
:10B3D000022038BD054B064A10B41F204FF0FF3441
:10B3E00025211C601871117010BC704780920020DC
:10B3F0006EAF002010B5044600789DF808C002FB2F
:10B4000001111A4A014482FB01020A44521102EB63
:10B41000C20002EB80028A1AD0B2C1082070595CC7
:10B4200002F0070241FA02F212F001021DD1B0FB54
:10B43000FCF10CFB11015C1EC9B20433104600F193
:10B44000080E14F8012F5FFA8EFE12F0010F00F1C2
:10B45000010C4FEA520202D039B10139C9B25FFA88
:10B460008CF08645F1D19C42E9D110BDA7C867DDBB
:10B470004288008850407047F0B5304D304C48400D
:10B480004FF0030C060A5FFA80FE0EEB8E2E06EBE1
:10B49000862004EA401705EA400605EA4E0004EA61
:10B4A0004E1E3E4340EA0E0000EB002706EB062E40
:10B4B00006EB0E2600EB0720C6F30746C0F3074055
:10B4C00040EA062000EB00100CF1FF3C08441CF0A1
:10B4D000FF0C80B2D6D141401A48A0FB01400C1AA3
:10B4E00000EB5400400900EBC00400EB8400081A94
:10B4F000C0F3C40400F00705145D2C41E407C0B29A
:10B500001AD401FB03F3561EC3F30743043260460B
:10B5100000F1080516F8011FEDB211F0010F00F15E
:10B5200001044FEA510102D033B1013BDBB2E0B27A
:10B53000A842F2D19642EBD1F0BD00BF102102002B
:10B54000408408004D91CFBA1A491B482DE9F041BB
:10B550000023451EA1F1020C012606E00133082B51
:10B5600001F1060100F1280022D003EB830215F857
:10B570003220D407F2D59CF800409CF801E0D0F8C6
:10B580000080C2F3801206FA03F79A4001333C436D
:10B590004EEA020287888F80082B8CF800408CF8D6
:10B5A000012001F1060141F8068C00F12800DCD1F0
:10B5B000BDE8F0818E920020D15F00202048214A12
:10B5C0002DE9F047204FDFF884800023951EA0F17D
:10B5D000020C012615F83310C90706FA03F926D51F
:10B5E000397859B112F8011C072901EB810405D8FB
:10B5F00018F834104C0701D5C90618D515F83310C2
:10B600009CF801E09CF80040D2F800A0C1F3400192
:10B6100099404EEA010144EA0904B2F804E08CF8CA
:10B6200000408CF80110A0F804E0C0F800A001333D
:10B63000082B00F1060002F10802CBD1BDE8F0872B
:10B64000BA9300207A93002070AF0020D05F0020D2
:10B650000820704738B50020FAF7C6FFC8B90E4C6D
:10B660000E4D621E14F83030072B03EB830105D812
:10B6700015F8313023F0200305F8313012F830305E
:10B6800023F0010302F8303001300828EAD100200D
:10B6900038BD0C2038BD00BF79930020D05F00205A
:10B6A0002DE9F04F804683B00020FAF79DFF002877
:10B6B00040F0988098F80030FF2B054626D0504E79
:10B6C00008F1010B4FF0FF090446B71E03F0010A11
:10B6D00009E0B9F1FF0F04F101021BD00134082C7D
:10B6E00006F1080638D017F83420D207F1D517F83C
:10B6F0003420C2F340025245F0D10622594630466A
:10B70000019312F064FF019B0028E7D1002003B0F1
:10B71000BDE8F08F072C5FFA84F904F102046BD0C6
:10B7200017F83210C8070ED4082C06F1100613D0F3
:10B7300017F83420D107D1D517F83420C2F34002CE
:10B740005245CBD1D9E71446083617F83420C2F356
:10B7500040025245C2D1D0E7B9F1070F48D817F8D7
:10B760003920284C63F3410207F839204FEAC90A0F
:10B770000AF10203D8F80120FA503B44BBF8042038
:10B780009A8098F80030661E03F0010304E001354A
:10B79000082D04F1280429D005EB85024FEAC208E0
:10B7A00016F83220C2F38011D207F0D59942EED1BB
:10B7B000062259462046019312F009FF019B0028FA
:10B7C000E5D116F8083043F0200306F80830EDB252
:10B7D00017F83930BA4443F0010307F839308AF8D2
:10B7E000015093E70C2003B0BDE8F08FFF25EFE791
:10B7F000072003B0BDE8F08F4FF00709AFE700BFA7
:10B800007A930020D15F00202DE9F0410646002008
:10B81000FAF7EAFEC8BB96F80080B8F1FF0F0446BD
:10B820002ED01B4D0136AF1E08F0010804E0013494
:10B83000082C05F1080525D017F83430C3F3400271
:10B84000DB07F4D54245F2D106223146284612F0F4
:10B85000BEFE0028EBD107EBC4035B78072B08D8AA
:10B860000C4A03EB830312F8331060F3451102F81E
:10B87000331017F8343023F0010307F83430002078
:10B88000BDE8F0810220BDE8F0810C20BDE8F08128
:10B890007A930020D05F0020072800B51AD80F4BFC
:10B8A00000EB800E4FEA800C13F83EE01EF0010F13
:10B8B00012D084444FEACC0013F83CC00130CCF3E2
:10B8C000801C81F800C01958116003449B88938044
:10B8D0005DF804FB00DEE2E700DEEAE7D05F00206F
:10B8E0000820704710B50020FAF772FE88BB1A4B8B
:10B8F0001A4C197893F82820207060F3000160F347
:10B900000002197083F8282093F8501093F87820DB
:10B9100060F3000160F3000283F8501083F8782090
:10B9200093F8A01093F8C82060F3000160F30002C0
:10B9300083F8A01083F8C82093F8F01093F818212A
:10B9400060F3000160F3000283F8F01083F818211F
:10B9500010BD0C2010BD00BFD05F00206FAF0020D5
:10B960002DE9F04F83B083460020CDF800B0FAF700
:10B970002FFE002856D11BF8012BDFF824810192FD
:10B9800002F00103044608F1FF391E4604E00134C9
:10B99000082C08F1280841D004EB840209EBC20509
:10B9A00019F83270F8074FEA840AC7F38012EED50F
:10B9B000B242ECD106225946404612F008FE002859
:10B9C000E5D13E467307019A07462FD4354D02F064
:10B9D0000108AE1E04E00137082F05F1080512D05A
:10B9E00016F83730D907C3F34002F4D54245F2D1F7
:10B9F00006225946284612F0EAFD0028EBD106EB54
:10BA0000C706FF2373705444002019F8343023F024
:10BA1000010309F8343003B0BDE8F08F022003B011
:10BA2000BDE8F08F0C2003B0BDE8F08FDFF878C0E0
:10BA30009CF800305E1E023B062BF6B203D895F848
:10BA40001780B04502D18CF80060BFE7174A02EBBF
:10BA5000061302EB081296460FCB8EE80F00DFF8B4
:10BA600050E03D4605EB850309EBC30219F833307E
:10BA7000D90705D5580703D59EF81730B34207D02C
:10BA80000135082D0EF1280EECD1009B1A78DAE76B
:10BA9000009B82F817801A78064B03F80850D2E70B
:10BAA000D15F00207A9300206FAF0020F892002031
:10BAB000D05F0020F09200202DE9F8431D465B790D
:10BAC00003F0C003402B01D0BDE8F8830F46F9B165
:10BAD000DFF86480002400F0010608F1FF3904E07B
:10BAE0000134082C08F12808EED004EB840319F87F
:10BAF0003330D907C3F38012F2D5B242F0D1062217
:10BB00003946404612F063FD0028E9D1E2B203E075
:10BB1000072AD9D8DFF8249002EB8202D30019F863
:10BB20003220D207D0D51833286849F803004B4497
:10BB3000AA889A80C8E700BFD15F0020D05F0020AC
:10BB40002DE9F84F82461A4D1AF8018B89460024D8
:10BB500008F001086E1E04E00134082C05F12805E8
:10BB600019D004EB8403DF0016F83330C3F38012DE
:10BB7000DB07F1D54245EFD106225146284612F0A7
:10BB800026FD83460028E7D11837F4190621204600
:10BB9000F6F784FB10B90220BDE8F88FF059C9F818
:10BBA0000000A388A9F804305846BDE8F88F00BF0C
:10BBB000D15F00202DE9F0478246164D1AF8018B1F
:10BBC0008946002408F001086E1E04E00134082CA8
:10BBD00005F128051BD004EB840306EBC30716F818
:10BBE0003330C3F38012DB07F0D54245EED1062295
:10BBF0005146284612F0EBFC0028E7D17B6A1A6810
:10BC0000C9F800209B88A9F80430BDE8F08702201D
:10BC1000BDE8F087D15F002010B504460020FAF798
:10BC2000D7FC40B91CB1012C01D0122010BD034B30
:10BC30001C70002010BD0C2010BD00BF70AF002094
:10BC4000034B4FF47A7202FB00F01860704700BF9C
:10BC5000889200202DE9F047824600208846FAF7B6
:10BC6000B7FC70BB1C4D1AF8019B044609F0010992
:10BC70006E1E04E00134082C05F128051ED004EBEB
:10BC80008403DF0016F83330C3F38012DB07F1D5ED
:10BC90004A45EFD106225146284612F098FC00286A
:10BCA000E8D1B8F1000F12D0B8F1010F0CD1F35D5B
:10BCB00043F01003F3550020BDE8F0870220BDE8F3
:10BCC000F0870C20BDE8F0871220BDE8F087F35D17
:10BCD00068F30413F355EEE7D15F0020D0B5314C83
:10BCE0003149002304F1FF3C14F83320072A02EB0A
:10BCF000820E05D811F83E2022F0200201F83E20E5
:10BD00001CF8332022F001020CF833200133082BF9
:10BD1000EAD1264A264C002313700A7863F3000206
:10BD20000A7091F8282063F3000281F8282091F826
:10BD3000502063F3000281F8502091F8782063F3DB
:10BD4000000281F8782091F8A02063F3000281F8C6
:10BD5000A02091F8C82063F3000281F8C82091F870
:10BD6000F02063F3000281F8F02091F8182163F3CA
:10BD7000000281F818210F4A13700F4B4FF0FF3665
:10BD80004FF0FF37C3E900670C4B236028B1BDE8D3
:10BD9000D0400B490B4810F074BFBDE8D0400948B3
:10BDA00010F07BBF79930020D05F002070AF00209F
:10BDB000889200206FAF0020C85F0020A0BB0D005C
:10BDC000F5BF0200985F002008B90248704702489A
:10BDD000704700BF8C920020B8930020A8B110B526
:10BDE0000B4B1B684FF4004240F2E7300021E3FBAD
:10BDF00002014FF47A720023E4F782FABDE81040A2
:10BE000002460B46034807F0CFBB024810F045BF7F
:10BE100088920020985F002008B5094B00221A8004
:10BE200030B9084B084A1B78002111801BB908BDA6
:10BE3000FFF7C4FBF5E7BDE80840FFF785BB00BF8F
:10BE4000B893002070AF00208C9200202DE9F04FB5
:10BE5000824687B011F013F94B014FEA401BBBEB50
:10BE6000000B43EAD06363EB01039B0043EA9B733F
:10BE70004FEA8B0B1BEB000B41EB03094FEAC9099F
:10BE800049EA5B794FEAD931CBF3103B4BEA494B96
:10BE90000191BAF1000F17D1514BD3E90023B3F14F
:10BEA000FF3F08BFB2F1FF3F0ED0BBEB020261EBD8
:10BEB00003034C4909688A4273F10003ACBF4FF099
:10BEC00001094FF0000901E04FF00109464EDFF88B
:10BED0001C810024F71F04EB8403A50017F83330FE
:10BEE000DA0715D5B9F1000F01D1980710D42B1935
:10BEF00017F83330590759D42B1917F833301A076C
:10BF000045D4254417F8353043F0020307F835309F
:10BF10000134082C08F1060806F12806DBD1B9F136
:10BF2000000F04D02E4B019AC3F800B05A60BAF14A
:10BF3000000F08D00020FAF73FFB044618B194F830
:10BF40005E305B0702D407B0BDE8F08FA37E072BFD
:10BF5000F9D8FF238DF80830637F04EB830302A92F
:10BF60001E6A04F11C0001F04BF972780546314657
:10BF7000023212F0FDFA29462046FAF745FB9DF8F9
:10BF80000830FF2BDFD0637707B0BDE8F08F02A940
:10BF900030460DF04CF802A9F8B98B880298A8F841
:10BFA0000430C6F81D80C8F80000AAE7337C1049A9
:10BFB0000DF1170C01EB03110DF1070311F8010945
:10BFC00003F8010F6345F9D106F1170102A80DF03E
:10BFD0002EF8002890D000DE8EE700DEDDE700BFFF
:10BFE000C85F002088920020D75F0020C092002008
:10BFF0000793002010B50120FFF728FF0A4B1B68AC
:10C000004FF4004240F2E7300021E3FB02014FF41D
:10C010007A720023E4F774F9BDE8104002460B463B
:10C02000024807F0C1BA00BF88920020985F002044
:10C0300007280FD800EB8003084A12F833100B07CB
:10C040004FEA800C06D58B0706D5844402EBCC0260
:10C05000506A70470020704700DEF6E7D05F00208E
:10C0600007280CD800EB8000064911F83030C200D8
:10C07000C3F380005B0703D51E32501870470020C1
:10C08000704700BFD05F00202DE9F0478946174672
:10C090000AB1FF231370264D002400F0010A6E1E22
:10C0A00004EB84035FFA84F816F83320D2074FEAD2
:10C0B000840313D4CFB13A78FF2A04F1010426D0C7
:10C0C000082C04EB840105F128055FFA84F84FEA97
:10C0D00084030FD016F83110C907EDD5234416F8A4
:10C0E0003330C3F38013534509D00134082C05F1D4
:10C0F0002805D5D14FF0FF084046BDE8F08706225D
:10C100004946284612F063FA0028EED1F4E7082CDD
:10C1100087F8008005F128055FFA84F8EAD004EB7F
:10C12000840316F83320D0074FEA8403D6D4C2E73D
:10C13000D15F00202DE9F04F074685B000200E4664
:10C140009046FAF745FA002875D1B946044619F821
:10C15000010B0DF10F024946FFF796FF072840F249
:10C16000B9809DF80FA0BAF1070F7CD80AEB8A02BC
:10C170004FEAC20B594DD7F801000BF101014FEA0C
:10C180008A0368502944B9F804008880387815F883
:10C190000B10009360F3861105EB0B0305F80B10F1
:10C1A000304610210193F6F779F815F80BC01021ED
:10C1B00060F3820C404605F80BC0F6F76FF815F8EF
:10C1C0000B1000F0010060F3C3014B0705F80B10E2
:10C1D0004DD4002864D10BF118020021A950009B16
:10C1E0003F4E2A44918003EB0A0215F8321021F0E9
:10C1F000120105F8321097F80080B71E08F0010808
:10C2000004E00134082C06F1080618D017F8342091
:10C2100012F0010BC2F34001F3D04145F1D10622E7
:10C220004946304612F0D3F90028EAD107EBC4079B
:10C2300087F801A005E00C2005B0BDE8F08F4FF0B5
:10C24000000B009B53449A4615F833304FEA4B12CB
:10C2500023F0210342F001021A43002005F83A209E
:10C2600005B0BDE8F08F072005B0BDE8F08F1D4B8D
:10C270001D4A197805EB0B0C02F801A01B4A8CF83B
:10C28000171002EB011C0131197006F10F01013E7C
:10C2900011F801E90CF801EFB142F9D100289AD068
:10C2A000009BD8F804E0D8F808C00BF10706A819DD
:10C2B00003EB0A0105EBC101D8F80030D8F80C8077
:10C2C000AB51C0F804E0C0F808C0C0F80C800020F2
:10C2D000486280E7122005B0BDE8F08FD05F0020F3
:10C2E0007A9300206FAF0020F0920020F792002098
:10C2F000072807D8044B00EB800013F83000C0F388
:10C30000C000704700207047D05F0020024B1B78B0
:10C3100003700248704700BF6FAF0020F892002002
:10C320000C4B1B7883420BD90B4B185C07280CD89D
:10C330000A4B00EB800213F83230DB0707D5704759
:10C3400000DE054B185C0728F2D900DEF0E700DEBE
:10C35000704700BF6FAF0020F0920020D05F002038
:10C3600007280DD8084900EB8002830011F832201D
:10C37000D20707D5034411F83300C0F340107047CB
:10C380000020704700DEF5E7D05F00201378FF2B18
:10C3900019D12DE9F047194D0446AE46002303EBB1
:10C3A000830C9E0015F83CC01CF0010003D0CCF3B8
:10C3B000801CA44509D00133082B0EF1280EEED1C4
:10C3C0000120BDE8F0870120704701F1FF38774672
:10C3D0004FF0000C17F801AF18F8019FCA450CF197
:10C3E000010CE8D1BCF1060FF4D11E44137015F80E
:10C3F00036305A07E5D5C3F30010E2E7D05F0020DE
:10C40000024B1878003818BF0120704770AF002029
:10C4100000F008BB08B5002302F03EFC002008BD78
:10C4200010B584B0079BD3E900209047012812D0B3
:10C4300004460DF10F010DF10E00F7F7C5FF0021C5
:10C44000064B00919DF80F209DF80E000121F7F793
:10C45000FBF9034B1C6104B010BD00BF65C40200B2
:10C460001061002000B585B00DF10F010DF10E0037
:10C47000F7F7AAFF9DF80F20064B9DF80E0000214C
:10C4800001320091D2B20221F7F7DEF905B05DF872
:10C4900004FB00BF25C50200F0B58DB00E46054671
:10C4A0000DF12F010DF12E001C461746F7F78CFFFA
:10C4B0009DF82FC006940CF1010C0024CDE907442F
:10C4C000CDE90344CDE901449DF82E00059700967F
:10C4D0002B465FFA8CF20121F7F72CF910F0FD0FD3
:10C4E0000AD006480094064B04619DF82F209DF861
:10C4F0002E000121F7F7A8F90DB0F0BD1061002062
:10C5000065C4020070B5059D0446F7F763FF2B462E
:10C510002046034ABDE870400621FFF7BDBF00BFBB
:10C5200021C40200014806F0CBBD00BFEC930020FF
:10C5300070B50446059DF7F7F5F92146F7F7F4F9CC
:10C54000062800D970BD2B462046034ABDE870403E
:10C550003121FFF7A1BF00BF05C5020008B50122C8
:10C560000021024810F0B8FA002008BDEC9300202A
:10C57000024BA0F2A462C3E90020704710610020C2
:10C580000020F7F7B9B800BF08B5F7F7CBF9014BB2
:10C59000986008BD10610020684620F007018D46B4
:10C5A00001B501F093FDEAF7C5FFBDE801408546FE
:10C5B000704700BF08B50A4BD3F840213AB90120B3
:10C5C000F5F762FFBDE808400220F5F75DBF0020E7
:10C5D000C3F84001D3F84031F7F79AF8EFE700BF0E
:10C5E00000B000400020F5F74FBF00BF90B90E4BE0
:10C5F0000E4A197810788842CBB20DD10C480D49FB
:10C6000090F800C0013313700B78634507D00378AE
:10C610000B70704700DEEAE700DE1378EEE700DE1D
:10C6200003780B70704700BF71AF002072AF00201D
:10C6300076AF002075AF00200B4A0C4B117893F8B1
:10C6400000C08C450DD012781A70094A094B18B9F0
:10C6500011781878884202D012781A70704700DE7C
:10C66000FAE700DEEFE700BF74AF002073AF0020F1
:10C6700071AF002072AF002001F052BE08B50B4828
:10C680000B4B027819788A420CD00A4B01700022B9
:10C690000398986011460120F5F794FE00B908BD93
:10C6A00000DE08BD00DE1978EFE700BF71AF0020A3
:10C6B00072AF0020284B00202DE9F041304A314E66
:10C6C000127833789A428AB00C4605D12E4B2F4A05
:10C6D0001B7812789A4247D02768DFF8B48007F1B8
:10C6E0002D0525F07F45D8F800102846F7F71CF9EE
:10C6F00010F4000002D10AB0BDE8F081254A264BB3
:10C7000011781A78914213D11F4A2049127809787A
:10C7100091420DD01A780132D2B21A7000221F4B0A
:10C72000009211461046F7F78FF810F0FD0F24D154
:10C730001B4BE168C8F800500022CDE90732194BC5
:10C74000CDE90322CDE90531CDE901222D23009366
:10C7500034780134E4B23B46114610463470F6F7A3
:10C76000E9FF0AB0BDE8F0810768DFF8248007F12F
:10C770002D05044625F07F45DAE700DE00DED7E729
:10C7800075AF002076AF002071AF002072AF00209F
:10C790000494002073AF002074AF002039C602005B
:10C7A000EDC502007DC602007A4A9368002B00F0B6
:10C7B00096802DE9F04F136889B08146002B46D052
:10C7C0004FF0FF338DF80A300DF10A00F7F77CFFC8
:10C7D000044600283BD0037F9907F5D1857A15F0F0
:10C7E0000205F1D1C3684B4555D00668A8462F46CF
:10C7F0000DF10A00F7F768FF8346F0B1027F920758
:10C80000F6D1827A9307F3D4C268B8F1000F21D031
:10C810004A4558D0DBF800A031465046F7F784F877
:10C8200000F4000000280DF10A001CBF5F465646C8
:10C83000F7F74AFF83460028E0D1002F08BF2746BC
:10C8400039463846FFF738FF30F0020339D109B0D6
:10C85000BDE8F08F91458046DCD1237FE16843F04D
:10C86000020323772046A3699847FF238DF80A30F7
:10C870000DF10A00F7F728FF04460028E7D0037FF0
:10C880009F07F5D1837A9E07F2D4C3684B4502D047
:10C8900000DED0F80C903F4A4846D2E9001303AAC4
:10C8A00098470646002843D010F1100F59D0394A56
:10C8B000002093681168984716F10B0F10D08C3642
:10C8C000C5D000DEC3E7227FE16842F00202227792
:10C8D0002046A2699047D8457FF472AFC5E77047FC
:10C8E0002C4A0023D2F80890D2E9004802261360AF
:10C8F000FF278DF80B700DF10B00F7F7E5FE90B1F7
:10C90000037F9A07F7D40DB9DB07F4D4C368A342B9
:10C91000F1D1037F826943F00203037721469047F8
:10C920008DF80B70E7E70125AE420AD02E46E0E70E
:10C93000237FA269E16843F00203237720469047F2
:10C9400085E70022CDE904220692039B0096494622
:10C95000404604AA0794F7F76FFE00287FF477AFEC
:10C96000AFE7A37A43F00203A3720DF10A00F7F7D1
:10C97000ABFE014600283FF46AAF037F9D07F4D168
:10C98000837A9C07F1D4FFF797FE30F002033FF45F
:10C990005EAF96E72861002010B517480FF097FEAC
:10C9A00030B3164B00249C6000F07EFA00281EDB9A
:10C9B000224621460120EAF72DFD224601210B20C7
:10C9C000EAF728FD214622461820EAF723FD0C4B02
:10C9D0001022C3F804230120EAF7ECFC0B20EAF74D
:10C9E000E9FC1820EAF7E6FC01F08AFB204610BDBE
:10C9F0006FF0120010BD00BF78E80300286100202E
:10CA00000010004008B500F061FA002809DB0120A1
:10CA1000EAF7DEFC0B20EAF7DBFC1820EAF7D8FC8B
:10CA2000002008BD034603488AB2194683681B6884
:10CA3000184700BF78E8030030B4074DAB685C6866
:10CA400034B18AB2A44601460023284630BC604770
:10CA50006FF0570030BC704778E8030030B4074DE2
:10CA6000AB685C6834B18AB2A4460146002328460C
:10CA700030BC60476FF0570030BC704778E8030067
:10CA80000020704770B5044682B0002833D0204B98
:10CA90001A68824229D0FF250DF107008DF8075052
:10CAA000F7F712FE034640B91DE0A1420CD00DF18C
:10CAB0000700F7F709FE0346A8B11A7F9207F6D4DC
:10CAC000D9681846002CF0D11A7F9E6942F0020204
:10CAD0001A77B0470DF107008DF80750F7F7F4FD0E
:10CAE00003460028E9D102B070BD9B686BB10146D6
:10CAF00000209847CFE7064A9368002BCBD01168F7
:10CB00000029C8D000209847C5E700DEC3E700BF72
:10CB1000286100200020704710B50446F7F7C6FDD5
:10CB20008CB90D4B9A68AAB11C6800229A601A60F1
:10CB300004B124680020F7F7E1FD2046F7F76EFE08
:10CB400028B1002010BD0028F3D100DEF1E700DE9F
:10CB5000002010BD00DEE7E7286100202D2070478F
:10CB600010B51446F6F7DEFE2146F6F7DDFE0302A9
:10CB700004D40230092898BF002010BD002010BD49
:10CB8000262810B5044613D0272809D0252817D108
:10CB9000022001F02BFB2046BDE8104001F02CBB29
:10CBA000502001F023FB2046BDE8104001F024BBDB
:10CBB0001A2001F01BFB2046BDE8104001F01CBB11
:10CBC0000A2807D927280AD900DE2046BDE81040E8
:10CBD00001F012BB0230400001F008FBDBE703303C
:10CBE000400001F003FBD6E701F064BB01F06ABB33
:10CBF00008B501F095FBBDE8084001F0F3BC00BFAB
:10CC000008B501F08DFB01F0EDFCBDE8084001F036
:10CC100091BC00BF08B501F083FB01F0E3FC01F01B
:10CC2000C7FC01F0EBFEBDE8084001F083BC00BF8B
:10CC300008B50146114801F059FA01F09DFB60B1B9
:10CC400001F068FD01F092FA00F082F900280EDB95
:10CC5000BDE808400020FFF75FBF01F041FB01F095
:10CC600059FD01F083FA00F073F90028F0DA00DED4
:10CC70000020BDE80840FFF74FBF00BF79C60200A3
:10CC800010B5044601F04CFB01F0ACFC01F090FC47
:10CC900001F0B4FE01F04EFC2046BDE81040FFF765
:10CCA000C7BF00BF10B5044601F03AFB0D4821464E
:10CCB00001F01CFA01F060FB40B100F049F90028D6
:10CCC0000ADBBDE810400020FFF726BF01F008FB9B
:10CCD00000F03EF90028F4DA00DE0020BDE8104044
:10CCE000FFF71ABF79C602002DE9F04F89B01F4641
:10CCF0009DF848B0FF238046894692468DF81F3044
:10CD00000DF11F00F7F7E0FC002846D0037F9D07D8
:10CD1000F6D1837A9C07F3D405683E689DF81F30EE
:10CD20000593044629463046F6F7FEFDBBF1000F99
:10CD300053D0BC4208BF002426460DF11F00F7F770
:10CD4000C3FCD0B1027F9107F7D1827A9207F4D465
:10CD500002680490294610460392F6F7E5FD039A0F
:10CD6000049B00F4000000280DF11F001CBF1546B5
:10CD70001E46F7F7A9FC0028E4D1059B8DF81F306B
:10CD8000314B9A68002A30D17EBB54B1BBF1000F01
:10CD900048D1BC4205D000DE03E02B4B9A68044624
:10CDA00012BBFA681A60C3E901893846D0470446C5
:10CDB0000DF11F00F7F788FC014650B1037F9A0779
:10CDC000F6D1837A9B07F3D4FFF776FC30F00203A9
:10CDD00033D1204609B0BDE8F08F0002A9D5FF236A
:10CDE000354605935C46A7E706464946CDF800B0B0
:10CDF000534640463A46F7F71FFC014680B1BBF167
:10CE0000000F0AD1BB7A980707D4C6B13046FFF7A6
:10CE100053FC30F0020300D000DE6FF07604D8E758
:10CE200000DEECE7CDF800B053463A4649464046AE
:10CE3000F7F702FC0028F0D1EEE700DEC9E7002C8E
:10CE400014BF26460E46E1E72861002001F11000DC
:10CE500006F036B970B5054688B00C4601220021AF
:10CE600004A80FF039FE0F4B0193002603236946F7
:10CE70002846039602930AF063F9002810DB314636
:10CE80004FF4004340F2E730E4FB03014FF47A72C1
:10CE90000023E3F735FA02460B4604A806F044F9EE
:10CEA00008B070BD4DCE020010B50120064C03F055
:10CEB000EFFA00230121A1606360E3602146BDE831
:10CEC00010400AF03DB900BF0C94002010B50120BD
:10CED00003F0DEFA044904460AF0A1F92046BDE851
:10CEE00010400AF078B900BF0C9400200C4B1A785F
:10CEF0000AB10020704710B50120187003F0C8FA7D
:10CF00004FF47A710446FFF7A5FF38B920460AF0BE
:10CF100062F902280CBF00206FF0040010BD00BFB2
:10CF200077AF002008B5094BBFF35B8F53E8002FA4
:10CF3000511C43E800100028F8D1BFF35B8F002A92
:10CF400001DC03F0ADFA002008BD00BF089400200A
:10CF500008B50E4BBFF35B8F1A68BFF35B8F002AD7
:10CF600010DDBFF35B8F53E8002F511E43E8001024
:10CF70000028F8D1BFF35B8F012A01DC03F0A6FA89
:10CF8000002008BD6FF0770008BD00BF08940020A6
:10CF900032207047014B33F8100070476CF90300E2
:10CFA00010B50446FFF736FE01F0F8FA2046BDE85A
:10CFB0001040FFF73DBE00BF30B583B0044601F01E
:10CFC000D9F9FFF715FE962001F01CFB0023184647
:10CFD0001A46194601F040FA0120F7F7D1FA78B362
:10CFE0001C3001F05BF901F0B1F938BB154821465E
:10CFF00001F07CF8FFF704FAA8B901F0DFFB00218B
:10D000000446084601F060F900210546084601F093
:10D0100057F92C44CB34201A01F088FB03B0BDE84B
:10D02000304001F0BDBB0DF10700FFF76FF90022A2
:10D0300001469DF8070001F09FFCDEE700DED5E722
:10D0400000DECDE789D5020010B50446FFF7E2FD0A
:10D0500001F0A4FA2046FFF7EBFD054B0021012269
:10D0600008469C60F5F7AEF900B910BD00DE10BDB2
:10D07000384B0020814208B50ED00B7ADB0702D472
:10D080006FF08B0008BD0C4B1360FFF74BFF0028BF
:10D090000FDB6FF00A0008BD0B7B01EB83010B690E
:10D0A0001B7803F00F03012B0CBF00206FF08B00E7
:10D0B00008BD00DEEDE700BFD9D3020010B548B1CE
:10D0C0000C46FFF745FF00280BDB2046BDE810406B
:10D0D000FFF722BD044801F009F8BDE8104001F057
:10D0E000FFB800DEF1E700BFA1CF0200084B042229
:10D0F00010B598182821F5F76BF8064B00249C8191
:10D100000222214604480FF0E7FC204610BD00BF74
:10D11000449400203494002024940020084B0422DE
:10D1200010B598182821F5F753F8064B00249C8178
:10D130000222214604480FF0CFFC204610BD00BF5C
:10D1400044940020349400202494002010B5044618
:10D150000548F5F761F820B1034600205870636078
:10D1600010BD6FF00B0010BD44940020034600205A
:10D17000187058709860704738B51E4D2B7B6A7BCD
:10D180009A4202D055F8234034B91B48F5F744F8C9
:10D19000044680B1204638BD184805F0EBFF2B7BD4
:10D1A0006A7B9A42F6D00133DBB2032B08BF00231F
:10D1B0002B73204638BD11484FF42032002305F070
:10D1C000B3FFA0B90D4805F0D5FF2A7B6B7B9342D6
:10D1D0000BD0531CDBB255F82220032B08BF0023D1
:10D1E0002B7312B11446204638BD00DED2E700DEB4
:10D1F000E8E700BF349400204494002024940020E9
:10D2000010B5027843789A4214D0D4B244700278B0
:10D21000944204D05A1C4370D3B2022B0ED01A464B
:10D2200000EB82040B70606800B110BDFFF7A4FF33
:10D23000606010BD0133DBB2022BF0D10022134637
:10D24000EEE700BFF8B5027843789342044625D054
:10D25000D5B2154A507B92F80CC0431CDBB2032BAD
:10D2600004EB850708BF00239C450E46796806D06D
:10D2700042F8201053730D4805F022FF00216B1C6B
:10D28000DBB2022B0ABF00221A46134679602370D4
:10D29000012104EB820431706068F8BD1A4604EB8A
:10D2A00082046068F8BD00BF3494002024940020FC
:10D2B00030B5037AC3F302130446002B93FAA3F0AC
:10D2C000B0FA80F008BF4FF0FF3083B000F10100EA
:10D2D00044D0217A5A1E134063F306112172243080
:10D2E000FFF74EFC00230DF1070104F10C008DF84F
:10D2F0000730FFF7A7FF054670B3284600F0D4FFBC
:10D300002B7803F00F03022B1DD00DF1070104F160
:10D310001800FFF797FF30B39DF8073063B9214637
:10D32000124800F0E3FE962001F06CF9002003B0F3
:10D33000BDE8304001F048B8D5F80230C0F80230FE
:10D34000EB88C380EBE70A48214600F0CFFE03B02C
:10D35000BDE8304001F0E0B800DECEE700DE237A21
:10D36000C3F30213B5E700DED6E700BFB9CF020072
:10D37000C5D3020010B50446FFF74CFC237A03F036
:10D380007102012A05D1C3F3420262F3061323722C
:10D39000DBB213F0700F05D0636853B193F82C30F3
:10D3A0009B0706D501F0FAF82046BDE81040FFF7CC
:10D3B0003FBC2046FFF77CFF00F08CFFBDE810402B
:10D3C00001F0EEB910B5044600F0D4FF2046BDE8E8
:10D3D0001040FFF7CFBF00BF70B5C36804461E689A
:10D3E000F6F7A0FA05463046FFF7B8FB00232D1AE2
:10D3F000C4E9005323812046BDE87040E4F76CBCCB
:10D4000010B582B00446FFF78DFD002809DB084AFD
:10D410000849094800940023F7F72EFA18B902B01A
:10D4200010BD00DEF3E77730F9D000DEF7E700BF8C
:10D43000D91C0100BDD0020075D002002DE9F041D9
:10D440000D46417A9DF818801746CA071E4609D531
:10D45000B8F1000F17D02B78B7EBD31F1AD00020EC
:10D46000BDE8F0812946044611F8020B079AC0F383
:10D470008010FEF78BFF0028EDD1637ADB07EED535
:10D48000B8F1000FE7D1079B1878FEF769FF002875
:10D49000E1D1E4E7062205F10801304611F097F8E2
:10D4A000B0FA80F04009BDE8F08100BF2DE9F84FE7
:10D4B0001F460B9B9DF828909DF8305006460C4661
:10D4C00092466BB9437A03F00303012B2CD9002D4C
:10D4D0003AD02378BAEBD31F4AD00020BDE8F88FAA
:10D4E00088460D9A18F8020BC0F380104146FEF7EB
:10D4F0004DFF0028F2D094F800B0BAEBDB1FECD15E
:10D5000004F108013846062211F061F80028E4D140
:10D510000D9B1B78FF2B1ED0B27AFF2A1BD0981AC6
:10D52000B0FA80F04009D9E711F8020B0D9AC0F368
:10D530008010FEF72BFF0028CBD1737A03F0030392
:10D54000012BCAD9002DC4D10D9B1878FEF708FF16
:10D550000028BED1C1E7CBF3801BCB45BDD10B98D2
:10D560000622414611F033F8B0FA80F04009B5E7E1
:10D57000062204F10801384611F029F8B0FA80F0CB
:10D580004009BDE8F88F00BF2DE9F0438BB0044699
:10D5900000F0E6FEC0B2002800F0988000F002FF24
:10D5A000054601F00FF8814601F016F801F03EFA49
:10D5B000064601F01DFAEDB2804600F0C5FFFFF708
:10D5C00029FB45B95F48214600F090FD0BB0BDE84E
:10D5D000F04300F085BE16F0FF067AD1FF2301204C
:10D5E0008DF82730F6F7CCFF0546002800F0948030
:10D5F000237B04EB830305F11C011F693B465FFAA3
:10D6000089F913F8020B00F00F0CBCF1010F08BFF1
:10D6100007F10808C0F380124FEAD017287F00F006
:10D620000F0018BF4FF0000803285AD00528C9D1B1
:10D63000687F2228C6D160680028C3D090F82C00EB
:10D640008007BFD40DF127000390CDE90189009731
:10D650002046FFF72BFF0028B4D00420F6F790FFF8
:10D660000028AFD03848214600F040FD00F038FED9
:10D6700000F06CFE002851D1626892F82C3043F023
:10D68000010382F82C30F6F795FF17224FF6FF734F
:10D690000271C3808460054601F036F8286101F00C
:10D6A00087F800210446084600F00EFE241A6C613B
:10D6B000AEB19DF827306B76F6F77CFF2946E8601F
:10D6C0002868F6F7A1FF0BB0BDE8F083FFF7A2FAD8
:10D6D00078E75FFA88F0FEF723FE03467FE7FF2333
:10D6E000E9E7687F0C287FF46DAFB8F1000F7FF495
:10D6F00069AF0DF127000190CDF800902046CDE9EB
:10D7000006230591FFF79AFE50B9287F079BDDE9B4
:10D71000051200F00F0089E700DE69E700DEABE7E5
:10D720000A48214600F0E2FC00F0F6FE237E04EBFE
:10D730008303D86900F0B8FD00F008FE0028C2D0CD
:10D7400000DEC0E775D3020049D00200C5D3020055
:10D75000F8B50546FFF75EFAF7F752F804460028D9
:10D760003FD0214B214A1B781178A27920485B00D9
:10D7700001F0010103F002030B4322F00302134303
:10D780001C4A01881278A18001202070A3712272A6
:10D7900019B195F92730002B04DB2846BDE8F84085
:10D7A000FFF746BA95F82C30C3F30213022B16D0BC
:10D7B000042B0CBF4FF4BC77282700F0E5FF06468A
:10D7C00000F0E8FF361AE660EA6BC4E9042700239C
:10D7D000EB636B642846BDE8F840FFF729BA1827C9
:10D7E000EBE700DEBDE700BF7AAF00207BAF002093
:10D7F000F2A2002078AF002008B500F0DDFD02782D
:10D800000346012161F301021A70002008BD00BF28
:10D8100000207047704700BF30B40849084A094DDE
:10D82000094C0A4800230B8013700949094A2B80D0
:10D83000237003700B70137030BC7047F2A200208D
:10D840007CAF0020F4A200207BAF00207AAF002044
:10D8500079AF002078AF0020814207D091F82C30BA
:10D860005B070BD50B4B188840B97047094A0A4B28
:10D87000128819781AB941B100DE03E0064B1B7813
:10D88000002BF9D16FF08B00704701221A706FF0F6
:10D890000F007047F4A2002079AF002038B50D4684
:10D8A00078B30446FFF754FB002847DBE26823897E
:10D8B000518B938301330B4492F927105383002932
:10D8C00013DBF6F79DFF002836D0837923F003039E
:10D8D000002243F0020301210170828083710272F1
:10D8E0002846BDE83840FFF717B92089136B916BC4
:10D8F00000FB03330B44516B8B4228BF0B469363F1
:10D90000DFE791F92730002B0ADB0D48294600F0AC
:10D91000EDFB00F0E5FC95F87E301B0708D438BD20
:10D92000084B1B88002BF0D1074B01221A70ECE743
:10D93000BDE8384001F016B800DEC6E700DEB5E706
:10D9400051D70200F4A200207AAF0020F8B50546B6
:10D950000120F6F715FE024658B30021517795F8DD
:10D960006760B5F85A7006F00706304602F11C04ED
:10D9700000F0FEFB95F87E30B2001B07F9B242F0D2
:10D9800001020ED50431C9B2082000F05DFC224628
:10D99000314605F17F0000F017FFBDE8F84000F0C8
:10D9A0007DBC082000F050FC2046BDE8F84000F0A7
:10D9B00075BC00DED1E700BF38B50446FFF718F9A3
:10D9C000244AA08913880133138000F01BFE94F8C9
:10D9D000662094F86700C2F3C00300F0070002F06D
:10D9E0000702002100F038FD2046FFF7AFFF00F0EE
:10D9F000ADFC60BB00F0E2FE258A034694F86700A8
:10DA000001210D3500F007001D4400F05DFC94F885
:10DA1000673003F00703022B054416D0042B0CBF1C
:10DA20004FF4BC73282394F86600C0F3C00100F0E3
:10DA300007001D4400F044FC281A00F077FE214640
:10DA40000548BDE8384000F051BB1823EBE700DE85
:10DA5000D0E700BFF4A2002071DB0200F8B50F464A
:10DA600090F86610B0F8586001F007040546C1F35D
:10DA7000C001204600F07CFB95F87E30A200DB065A
:10DA800042F00102F1B20DD50431C9B2082000F014
:10DA9000DBFB394605F1A00000F0EEFEBDE8F840E2
:10DAA00000F002BC082000F0CFFB3846BDE8F8408B
:10DAB00000F0FABBF0B5054683B001AA806E0F46B0
:10DAC000E96EF4F70FFC95F87E305A07064638D415
:10DAD00048B3019C95F87D3095F87C2004341C44B3
:10DAE00012B9627885F87C2033B12378012262F381
:10DAF0000103237095F87D3095F87C20D31A63706C
:10DB00002846F9F79BFC637883422AD9607001228A
:10DB1000237803F00F03002143EA02132370A1705E
:10DB20003C6003B0F0BD43F0040385F87E3000F0A4
:10DB300043FC0446237823F0100323703C6003B0B9
:10DB4000F0BD43F0040385F87E3000F035FC044658
:10DB5000002EEFD0037843F0100303703C6003B055
:10DB6000F0BD3268EB6ED21A18BF0122D0E700BFB9
:10DB70002DE9F04383B0044600F0F2FBC0B2002868
:10DB800079D000F00FFC5FFA80F800F0DDFCFFF7C1
:10DB900037F8A84A1388012003441380F6F7F0FCF5
:10DBA0000546002800F0EB80B8F1000F18D1A24B19
:10DBB0001F78002F6AD1012201A920461A70FFF7B1
:10DBC00079FF94F92730002B80F2F980676CB94611
:10DBD000002F00F0CF804FF00009019E474660E023
:10DBE00094F87E302A7F03F00101C2F3800088425E
:10DBF00000F0A28094F9272081F0010161F3000375
:10DC0000002A84F87E3005DA94F82C3043F00803BB
:10DC100084F82C3094F87E305E0700F1C780D4E998
:10DC20001A0101AAF4F75EFB0646F0B194F87D20D4
:10DC3000019B1344597971B194F87E30D8060AD506
:10DC4000D4F8B0300133C4F8B030D4F8B43043F174
:10DC50000003C4F8B43094F87C300A44D2B29A423B
:10DC6000C0F0B58000F0D28000DE94F87E302A7FCC
:10DC70004FF0000962E0FEF7C3FF7048214600F054
:10DC800035FA03B0BDE8F04300F02ABB013FFFB214
:10DC900001A920461F70FFF70DFF002F91D1019EB3
:10DCA000C1466648214600F021FA00F035FC94F8A0
:10DCB0007E20337862F3C303337094F87E30327879
:10DCC000C3F3400363F38202327031462046FFF70C
:10DCD000C5FE00F03BFB00286FD100F055FD88B178
:10DCE000B9F1000F15D0A08A4FF6FF73984200F0EB
:10DCF00085804946F9F736FB7FB903B0BDE8F043AC
:10DD0000F6F77ABC00F034FD00F038FDB9F1000FF1
:10DD1000E9D117B903B0BDE8F083F6F74BFC032354
:10DD20002B71A38A2868EB802946F6F755FC03B0CF
:10DD3000BDE8F043F6F760BC4FF00009C2F3C00243
:10DD4000C3F340039A4245D000273B4A3C4B002195
:10DD500011702046012201A91A70FFF7ABFE94F959
:10DD60002730002B4DDB2B7FDA0603D4019E33785E
:10DD7000DB0627D5334B1B783BB1019E91E700DED4
:10DD8000B8F1000F3FF413AF2AE7E08900F03AFC46
:10DD900094F8670000F0070000F016FB2A482146BF
:10DDA00000F0A4F900F0FCFC019E80E723F00403DE
:10DDB00084F87E3000F000FB57E700DE8DE7002797
:10DDC000B946D7E77378002B3FF46BAFD2E784F8FE
:10DDD0007D204AE70320F6F7D3FB0028B4D094F85F
:10DDE0007E3083F0020384F87E306B7F002BABD053
:10DDF00094F87E30190729D40127A6E700DEA08A0F
:10DE000077E7636C002BAED0B846E6E60022A4F8B4
:10DE10007C20E06E04F16801F4F76CFA019B1B684A
:10DE20003360019B1E60DDF8049094F87E302A7FF9
:10DE300084E700BFF2A200207CAF002051D702008F
:10DE40007BAF002079AF0020B9D9020000F058FD67
:10DE500000285DD000F07CFD002849D1D4F88F3037
:10DE6000D4F89320134304D12B7F03F00303032B37
:10DE700028D0284B2848022221461A7000F036F993
:10DE800000F02EFA00F062FAB8B900F07DFC60B143
:10DE9000B9F1000F3FF43EAFA08A4FF6FF739842EE
:10DEA0000DD04946F9F75EFA27E700F061FC00F073
:10DEB00065FCB9F1000FEFD12CE700DEE5E700DEED
:10DEC000A08AEEE700F07CFA4278272A0146D0D8F3
:10DED000033205F11C0010F04BFBD4F88F30D4F85E
:10DEE0009320013BC4F88F3042F1FF33C4F89330E4
:10DEF000D4F88F30074A0133C4F88F30D4F8933008
:10DF000004F18F0143F100034B600123137073E7A9
:10DF100000DE9FE778AF002051D7020010B582B035
:10DF20000446FEF7FFFF002809DB084A08490948B4
:10DF300000940023F6F7A0FC18B902B010BD00DE73
:10DF4000F3E77730F9D000DEF7E700BF311E0100BC
:10DF50009DD8020059D802004FF080530246D3F8F2
:10DF6000A410013107D04FF08051D1F8A00010F07B
:10DF7000010009D17047D3F8A8304FF6FF719BB26A
:10DF80008B42F0D100207047D1F8A4301360D1F853
:10DF9000A8301371C3F3072363F03F035371D1F823
:10DFA000903001331CD0D1F89430013318D0D1F81F
:10DFB0009830013314D0D1F89C30013310D0D1F80F
:10DFC0009030C2F80630D1F89430C2F80A30D1F857
:10DFD0009830C2F80E30D1F89C30C2F8123008E008
:10DFE0000023C2F80630C2F80A30C2F80E30C2F878
:10DFF00012300120704700BF00234FF080520360B1
:10E0000043608360C360D2F88030013318D0D2F807
:10E010008430013314D0D2F88830013310D0D2F8D4
:10E020008C3001330CD0D2F880300B60D2F88430C1
:10E030004B60D2F888308B60D2F88C30CB60704760
:10E0400000230B604B608B60CB607047054B4FF437
:10E0500080320021C3F80815C3F84423C3F8042311
:10E06000704700BF00B00040054B1878421C1A7082
:10E0700018B9044B01221A6070470120704700BF95
:10E080007DAF002000B00040074B187848B1013840
:10E09000C0B2187018B9054B01225A6070470120B0
:10E0A000704700DE1878F2E77DAF002000B0004036
:10E0B000014BD3F80405704700B00040024B00F557
:10E0C000A87043F82010704700B00040044BD3F80C
:10E0D000103123B1034A044B10681B68184770477E
:10E0E000001000400098002004980020024A034BD2
:10E0F00011601860704700BF00980020049800204D
:10E100004FF080434FF0FF320021C3F8002EC3F8D8
:10E11000042EC3F8081EC3F80C2EC3F8101EC3F853
:10E12000142EC3F8182EC3F81C2EC3F8202EC3F8E3
:10E13000242EC3F8282EC3F82C2EC3F8302EC3F893
:10E14000342E7047074B084810B44FF49051002408
:10E150004FF41052C0F81845C3F80018C3F804284B
:10E1600010BC704700F0014000100040704700BF35
:10E17000054B02280CBF0421032140F20122C3F801
:10E180001015C3F85026704700100040072819DC0E
:10E19000831EDBB2052B11D9002818DA031D1BDA08
:10E1A00010F1080F1ADA10F10C0F19DA10F1100F34
:10E1B00018DA10F1150FCCBFEC20D8200A4BC3F8A9
:10E1C0000C057047084B0820C3F80C057047064B38
:10E1D0000020C3F80C057047FC20EFE7F820EDE7BE
:10E1E000F420EBE7F020E9E700100040014BC3F812
:10E1F0000805704700100040084B00F07F00C3F88E
:10E200005405D3F8182522F00072C3F81825D3F866
:10E21000182542F00072C3F818257047001000401E
:10E22000084A00210123C2F82C15C2F83035C37802
:10E23000C2F824358178038843EA01431B02C2F8FF
:10E240001C3570470010004002F01C03A3F10803C6
:10E2500002F00302B3FA83F3013A5B091B06022AB8
:10E2600098BF43F4801300F00F000A4A184340F4AB
:10E270008070C2F81405D2F81805074B0340C2F8A5
:10E280001835D2F81835194341F44031C2F8181541
:10E29000704700BF001000400000F8FE014BC3F8BB
:10E2A0000405704700100040014BC3F80405704797
:10E2B0000010004002280CBF28202920704700BF12
:10E2C000012070472920704702280CBF05200A2032
:10E2D000704700BF014B01221A60704700100040D8
:10E2E0000B4B0C480C4910B44FF41064C3F80845AC
:10E2F00001224FF480245A60DA60C0F84843074C8A
:10E30000C3F808450020C1F800020A6110BC70473C
:10E3100000F0014000B0004000100040C001700E4D
:10E32000094B0022C3F80021D3F80011C3F80421DF
:10E33000D3F80411C3F80C21D3F80C11C3F8102141
:10E34000D3F81031704700BF00100040034BD3F8E2
:10E350000001003818BF0120704700BF00100040C6
:10E36000034BD3F80C01003818BF0120704700BFE1
:10E370000010004001207047034BD3F85005B0FA5D
:10E3800080F04009704700BF00100040044B40F28D
:10E390000312C3F83425C3F83805C3F83C15704799
:10E3A00000100040034BD3F80004003818BF0120D0
:10E3B000704700BF001000400048704700970020E1
:10E3C00000487047FC950020F0B41D4B1D4D1E4EBB
:10E3D0001E4C1F4F0322C3F800222A78C6F8687526
:10E3E00002F10C03DBB2D000DB00910003F18043AB
:10E3F00000F1804003F5F83300F5F83001F1804179
:10E40000C6F86C0501F5104104EB82041148C3F80D
:10E410001045C3F81405D1F840352D2B8ABFD1F82B
:10E42000403501232D3BC1F840350132064B4FF4F6
:10E43000106102F00102C3F804152A70F0BC7047A5
:10E44000001000407EAF002000F0014040910040ED
:10E450000C110040041000402DE9F041284E294CD9
:10E46000294FDFF8A8E0DFF8A8800323C6F80032C0
:10E470002178CEF8688501F10C03DBB2DB00CD001A
:10E4800003F1804303F5F83305F1804507EB81077D
:10E4900005F5F835CEF86C554FEA810CC3F81075C8
:10E4A00049F63465C3F814654AF2B813022A18BF56
:10E4B0001D460CF1804C42F2B84241F288330228EA
:10E4C00018BF13460CF5104C124A2B44A2FB032331
:10E4D000DCF84025B2EB931F85BF9809DCF8403586
:10E4E00001231B1ACCF840350131084B4FF4106260
:10E4F00001F00101C3F804252170BDE8F08100BFDF
:10E50000001000407EAF00204091004000F001402C
:10E510000C110040D34D62100449054B03204FF409
:10E520001062C1F80002C3F80825704700100040CF
:10E5300000F00140034B0022C3F81C21D3F81C312A
:10E54000704700BF00100040034BD3F81C01003897
:10E5500018BF0120704700BF0010004010B44FF0FA
:10E56000000C4FEA8C0303F1804303F580531468D9
:10E57000C3F800460CF1010C9488C3F82046BCF1A6
:10E58000080F02F10602ECD1034B40EA0120C3F868
:10E59000400610BC704700BF00100040034AD2F88C
:10E5A000403623F0FF03C2F84036704700100040A9
:10E5B000034B0022C3F81421D3F81431704700BF75
:10E5C00000100040034BD3F81401003818BF01209D
:10E5D000704700BF00100040014BD3F81004704793
:10E5E000001000400449054B054A4FF48020C1F853
:10E5F0004803C3F80825704700B0004000F0014010
:10E60000C001700E034B044A1B7803F5A87342F84F
:10E61000230070477EAF002000900040F0B4A2F5C8
:10E6200074232F4DA3F51073AB42044606D902F1B3
:10E63000E87202F5D432013902F5A572294B2A4855
:10E640002A4D2B4E0127DF600027C3F80475A0FB7D
:10E6500002020427C3F81075900C0227C3F808754E
:10E66000244AC3F84005C5F848154FF48021C5F881
:10E6700044134021C2F84065C2F84435C2F804157D
:10E6800044B34FF48013C2F804351B4A194B1B4D99
:10E690000124D46000210424C2F80415C2F81045F6
:10E6A000C2F80815C3F828290C32C3F85055C3F82E
:10E6B000542502F5AF32124CC3F8584502F5FC72EE
:10E6C000C3F85C250F49C3F860150832C3F8642508
:10E6D000F0BC70474FF40013C2F80435D5E700BF13
:10E6E000BFBDF07F0080004083DE1B4300B00040D0
:10E6F00048B1004000F00140009000400C11004083
:10E700004091004044910040014BD3F848057047C8
:10E7100000B000400349044A01234B600B61536081
:10E720001361704700800040009000400449054B91
:10E73000C1F844054FF08862C3F80425704700BF54
:10E740000080004000F00140054B06480649074A9A
:10E75000C3F84805C3F84C15C3F80425704700BF3B
:10E7600000F00140001100404080004080000004A3
:10E77000014BD3F84405704700800040014B1860FE
:10E78000704700BFF8950020014B1868704700BF24
:10E79000F8950020014BD3F84005704700800040F9
:10E7A000024B4FF00062C3F80425704700F00140AF
:10E7B000014BD3F84805704700800040014BD3F867
:10E7C0004805704700800040244B30B40024C3F853
:10E7D00000450224A142C3F80045054634D003F5A4
:10E7E00080334FF000711E4CC3F804151B491D4BBC
:10E7F000C1F80445D3F81835DBB21F2B03D9FF2B22
:10E8000029D0191F00E01B21144B1748C3F8181515
:10E8100000241649C3F80855C3F80C05C3F81025A1
:10E82000C3F81415C3F80042C3F80041D3F800211F
:10E83000C3F80441D3F80421C3F808410122D3F8F6
:10E8400008111A6030BC7047094B0A4C4FF0007138
:10E85000C3F80415CAE7FB21D6E700BF00F000406B
:10E860000100000100100040FC950020EC94002005
:10E8700000F001400100010130B41C4B1C4C1D4A4A
:10E880000025C3F8005505460220C3F80005C3F86B
:10E890000445D2F81835DBB21F2B03D9FF2B22D049
:10E8A0001A1F00E01B22114B1348C3F8182500243F
:10E8B000C3F808550122114DC3F80C15C3F8100513
:10E8C000C3F81455C3F80022C3F80041D3F800116F
:10E8D000C3F80441D3F80411C3F80841D3F8081170
:10E8E0001A6030BC7047FB22DDE700BF00F000403B
:10E8F0000000010100100040FC950020EC94002075
:10E9000038B5114C0223C4F80433D4F8043163B988
:10E910002025EFF3118085F31288BFF36F8F09F084
:10E9200096FBD4F80431002BF3D0074B074A0220A2
:10E930004FF40041C3F80803C2F88011D3F808016E
:10E94000B0FA80F0400938BD00F0004000E100E07E
:10E95000034BD3F80004003818BF0120704700BFF4
:10E9600000F00040034B012100229960C3F800250C
:10E97000704700BF00F00040F0B4194A194BD2F8BC
:10E980000455194E0024013D0327C3F80075C3F850
:10E990000405C3F80815C3F81055C3F81465C3F887
:10E9A0000041D3F80011C3F80441D3F80411C3F8AF
:10E9B00008414021D3F80831C2F86015D2F800327E
:10E9C0000A4943F04003C2F80032C2F828414FF42C
:10E9D0000003D2F82821C1F80435F0BC704700BF0D
:10E9E0000010004000F00040E894002000F00140DA
:10E9F000014BD3F80004704700F0004010B4084AFF
:10EA0000084C09490023C2F828314FF40000D2F81D
:10EA10002821C4F80035C1F8080510BC704700BFB4
:10EA20000010004000F0004000F00140194BD3F806
:10EA300028310BB90020704770B5174D0123C5F878
:10EA40000433D5F8003183B9C824202601E0013C05
:10EA50000BD0EFF3118086F31288BFF36F8F09F0AC
:10EA6000F6FAD5F80031002BF1D00B4B0B4A012000
:10EA70004FF40041C3F80803C2F88011D3F8042111
:10EA80002AB1D3F80801B0FA80F0400970BD002027
:10EA900070BD00BF0010004000F0004000E100E049
:10EAA0000139012905D80B200AB1E8F783BCE8F742
:10EAB0008FBC00DE704700BF29B10139012905D89C
:10EAC0000B20E8F799BC1820E8F796BC00DE002080
:10EAD000704700BF88420BD0012803D0022809D01C
:10EAE00000207047A1F10200B0FA80F040097047A1
:10EAF00001207047A1F10100B0FA80F04009704791
:10EB0000012908D0022906D059B9074B4FF080726D
:10EB1000C3F800217047044B4FF40062C3F8002192
:10EB2000704700DE704700BF00E100E008B50EF05E
:10EB3000FFF808BD032803D8054B185C28B17047BF
:10EB400000DE034B185C0028F9D100DE704700BFDF
:10EB500094F90300013810B41C46042806D8DFE8F5
:10EB600000F008111A23030004292FD000DE10BC86
:10EB700070470429FAD1194B9C6010BC0221002077
:10EB8000F3F720BC0329F1D1154B01219C6010BC87
:10EB90000846F3F717BC0429E8D1124B9C6010BC5F
:10EBA00002210120F3F70EBC032908D00429DDD18E
:10EBB0000D4B02219C6010BC0846F3F703BC0B4BC5
:10EBC0009C6010BC01210220F3F7FCBB084B9C6049
:10EBD00010BC02210320F3F7F5BB00BF984B0020C7
:10EBE000884B0020784B0020584B0020684B0020B9
:10EBF000484B002001460020FFF760BA124B30B4AA
:10EC00000121044600205960C3F80445C3F80001FF
:10EC1000C3F80401196005E0D3F8042132B9D3F830
:10EC200004251AB1D3F80021002AF5D05960D3F891
:10EC30000421002AE7D1D3F80455002DE3D0C3F80E
:10EC4000042530BC704700BF00E0004070B5114C97
:10EC50000126D4F8045566600E20E8F7B9FBD4F815
:10EC6000040140B10021C4F80411D5E90E32304648
:10EC7000BDE870401847D4F8003143B1C4F8000132
:10EC8000D5E90E3205F12001BDE87040184700DEDD
:10EC900070BD00BF00E0004070B58CB00E46154658
:10ECA0000146102268461C46F3F7EAFA10220DEBE3
:10ECB00002003146F3F7E4FA6846FFF79FFF25B1FB
:10ECC000102208A92846F3F7DBFA2CB108AD0FCDC6
:10ECD00020606160A260E3600CB070BD10B5094CAB
:10ECE0000A44914200D110BD11F8013B584003097C
:10ECF0000001E35CC0B2434018091B01205CDBB299
:10ED00005840EEE79F43040030B50D4DC0430A4420
:10ED1000914201D1C04330BD11F8013B83EA0004A8
:10ED200004F00F0455F8244084EA101080EA13130D
:10ED300003F00F0355F8233083EA1010E8E700BF13
:10ED400098F90300F8B5036900AF0C4603F1A0057C
:10ED5000BFF35B8FD3F8A030BFF35B8FC3F38003A7
:10ED6000994218D1184A194B6E4688B0002918BF2D
:10ED700013466A461649CDE905134FF40073ADF802
:10ED80001C30144B42F8103F134800234FF4E45159
:10ED9000E7F702FAB546BFF35B8F5CB155E8003F79
:10EDA00043F0040345E80032002AF7D1BFF35B8F3C
:10EDB000BD46F8BD55E8003F23F0040345E80032A6
:10EDC000002AF3D0F6E700BF443E0400073D0400EC
:10EDD0000E3D04000300000130EE03002DE9F04772
:10EDE0000546D0F808A0894690461F460CF0AFF9BA
:10EDF0000446C0B1067DF30709D5037E1648174ABD
:10EE0000012108F09EFE6FF07700BDE8F0873B46D9
:10EE1000424649460CF055F940B9237E104A0E4847
:10EE2000012108F08EFE6FF01200EEE79DF8203011
:10EE300084F8198026F00606678323772675DAF8AA
:10EE40001830214628469847227DB0FA80F35B09A6
:10EE500063F300022275D8E730EE0300203D040082
:10EE60003A3D040070B5054686680CF070F904461A
:10EE7000D0B1037DDB0708D4037E0D480D4A012184
:10EE800008F05FFE6FF0770070BD0146F369284619
:10EE9000984738B1237D03F00103227D63F300021C
:10EEA0002275F1E70346F8E76FF01200ECE700BFC8
:10EEB00030EE03005C3D0400F8B587680546FB6B47
:10EEC0000C46984728690CF030F9D0B12146284605
:10EED0000CF03DF90646B8B1037D9B0705D0037ED3
:10EEE0000B4A0C48032108F02CFE346824B1BB689F
:10EEF000314628469847044628463B6C98472046AA
:10EF0000F8BD4FF0FF34F7E76FF01204F4E700BFED
:10EF1000773D040030EE03002DE9F341D0F808807E
:10EF20001746D8F83C3005460E4698470C48002254
:10EF300000233946E8F7D2FD044670B9094A0A4869
:10EF400000963B46012108F006FE2846D8F84030DE
:10EF50009847204602B0BDE8F0810676F5E700BF8D
:10EF600028500020983D040030EE030010F0080FF8
:10EF70000B4B42B20CD100F00F00002A4FF01402EC
:10EF800002FB0033B4BFD3F80806D3F80807704774
:10EF9000002AB4BFD3F8A806D3F8A807704700BF6B
:10EFA00000700240F8B50246EFF31181202383F38D
:10EFB0001288BFF36F8F00F008050CF0E4FB01240A
:10EFC000844057066FEA04061BD0D5B9174F3B683B
:10EFD00023FA00F0C00714D533403B6053B2DB4343
:10EFE00022F08000DB0F00F2DA301B0103EB40035C
:10EFF0000F48C0F80038D0F8043843F00203C0F8D6
:10F0000004380C4803683340036035B90A48036884
:10F01000120654BF334023430360054BC3F86C44CE
:10F0200081F31188BFF36F8FF8BD00BF9098002067
:10F03000007002409498002098980020EFF311800F
:10F04000202383F31288BFF36F8F0A4BD3F8001C81
:10F05000032261B949F27531C3F8001CC3F8142DBD
:10F06000C3F8001C80F31188BFF36F8F7047C3F89B
:10F07000142DF7E700E00640EFF31180202383F31F
:10F080001288BFF36F8F0A4BD3F8001C61B949F2A5
:10F090007532C3F8002CC3F8141DC3F8002C80F39C
:10F0A0001188BFF36F8F70470022C3F8142DF6E765
:10F0B00000E0064070B502460CF065FBEFF31185E9
:10F0C000202383F31288BFF36F8F531E0124062B76
:10F0D00004FA00F40FD80E4E0E4B31681B680B4338
:10F0E000C34013F0010306D10B4802F5947221438B
:10F0F00040F822303160094A136823431360084BFB
:10F100008022C3F8042185F31188BFF36F8F70BD8F
:10F110009098002098980020007002409498002059
:10F1200000E100E0F8B50306044623D410F0080718
:10F1300020D100F00F02920002F1804202F51C3251
:10F14000D2F84434B3B1EFF31186202383F312884D
:10F15000BFF36F8F0CF017FB084DC2F8A0740123AA
:10F1600003FA00F12B6823EA01032B6086F3118870
:10F17000BFF36F8F024BC3F81845F8BD9898002075
:10F180000070024010B591F91800154B0A7E002856
:10F19000B4BFD3F81045D3F8144502F00F02012391
:10F1A000934023420DD10E4A0028B5BFD2F8100576
:10F1B000D2F8140503430343B4BFC2F81035C2F8B4
:10F1C00014350B7E1A0709D4054AC2F80C3543F4EE
:10F1D0008073C2F80C35087EFFF7A4FF002010BD35
:10F1E000007002400B7E064A13F07F0F0BBF012315
:10F1F00043F480735365C2F818350020704700BF90
:10F200000070024070B506460D460BF0A0FF0446A4
:10F210000BF0A6FF28BB20460BF0C5FF08B3802DDE
:10F2200016D1437E9A0744BF0E4A15705B070FD56F
:10F230000D4B1B7813B90D4B01221A6520460BF0BC
:10F24000AEFF002201463046BDE870400BF0C4BF5F
:10F250002846FFF72FFF20460121BDE870400BF044
:10F2600083BF70BD81AF002086AF002000700240D8
:10F2700070B506460C460BF06AFF05460BF070FFB2
:10F2800020BB28460BF08FFF0146F8B1ACB9437E96
:10F29000D8071BD49A0704D50D4B1C700D4B0122C7
:10F2A000DA644B7E5B0708D50B4B1B7873B1304695
:10F2B0000022BDE870400BF08FBF2046FFF7FAFE3A
:10F2C00028460121BDE870400BF04EBF70BD00BF65
:10F2D00081AF00200070024087AF002008B5054ACA
:10F2E000054803210CF057FA0DF05FF903F0CCF953
:10F2F000002008BDC63D040038EE030010B5446888
:10F30000206801F0C5F8104B1860104B1B782BB12A
:10F310000F4B0022186811460BF052FF002201210A
:10F320002720E8F777F8201D03F07CF904F10800A6
:10F3300003F0B6F90DF032F9064A074803210CF044
:10F340002AFA002010BD00BF4898002083AF00209B
:10F350009C980020CF3D040038EE0300012810B532
:10F3600003461AD002280AD000BB144B02460146BD
:10F3700018680BF025FF124B01221A700CE0114B9C
:10F38000114C00221A70114BC4F800332720E8F703
:10F3900011F80123C4F8043510BD084B00220146C2
:10F3A00018680BF00DFF064B0022E6E7084A0948F3
:10F3B000BDE81040012108F0C4BB00BF9C980020AC
:10F3C00083AF002082AF002000700240FDFFDF010C
:10F3D000DB3D040038EE0300014601480DF005BF97
:10F3E000FC4E002008B5054B1970054B1B7813B176
:10F3F0000420FFF7F1FF002008BD00BF84AF00200C
:10F4000085AF002010B50469087E0D4A0CF0BBF9E9
:10F41000012303FA00F013680343136004F06EFB4A
:10F420004020FFF7D9FF4FF0FF324FF0FF3304F1D8
:10F430008401044804F02CF904F074FB002010BD92
:10F440008C980020244F00202DE9F043064689B017
:10F4500007694D4A4D4803210CF09DF94C4B1E6045
:10F4600007F184000DF068FA00220023CDE906239D
:10F4700000246FF00703CDE90334CDE90144454B87
:10F48000454900964FF40072444804F07DF9DFF8D6
:10F490001081444941480DF051FCD8F81020424BEE
:10F4A000134043F4820343F04003C8F81030C146D0
:10F4B00088F81840414630460BF05BFE3B4B3C4A17
:10F4C000054678B13B4A314801210CF064F92846E1
:10F4D00009B0BDE8F083016919401143016108F1E9
:10F4E0002008E5E70134092C10D009EB4410082C62
:10F4F000817C41F040018174EDD1D9F810112E4882
:10F5000008402E490143C9F81011E8E72C4C2D4B57
:10F510002269134043F4041343F0400323618046FF
:10F52000A14668F07F012176304621460BF021FE8E
:10F530001E4B1F4A05460028C4D108F10108B8F146
:10F54000090F17D009EB4810B8F1080F817C41F082
:10F550002001817408D1D9F81011174808401749C3
:10F560000143C9F8101103E0016919401143016119
:10F570002034D6E797F8803023F0720343F072030B
:10F5800087F88030A3E700BFF23D040038EE0300A7
:10F590009C98002071F6020080E000203861002075
:10F5A000C0990020FA3D04000000BEFF0000F9FFF2
:10F5B00040000600033E04000000F7FFFF010800C2
:10F5C000A09800200000DEFF10B50C462046114632
:10F5D0000BF0EBFD207E0CF0D6F8014603480CF052
:10F5E000DCF80120FFF7F8FE002010BDE49A0020AF
:10F5F00008B5064A0B7EC2F80C3543F48073C2F896
:10F600000C35087EFFF78EFD002008BD007002401B
:10F6100010B50C7E4FF0FF324FF0FF33114803F06E
:10F6200083FD2046FFF7BEFC04F00F020123934048
:10F630000D4A14F0800F14BFD2F81015D2F814152B
:10F640006FEA030315BF0B400B40C2F81035C2F838
:10F650001435044803F034FD044B8022C3F8042120
:10F66000002010BDAC4E00200070024000E100E020
:10F670002DE9F04FBF4D85B004464FF0FF384FF0F5
:10F68000FF390022CDE900894FF0FF31BA480DF073
:10F69000B3FDB9484FF0FF310DF0AAFD074638071A
:10F6A00033D5B64AB64803210CF075F8B548424642
:10F6B0004B4603F039FDEFF31182202383F31288C8
:10F6C000BFF36F8FB04B1B787BB1D5F8003413F4C8
:10F6D00000730AD10121C5F82C15D5F82C15D5F8E1
:10F6E0000014890548BFC5F82C3582F31188BFF393
:10F6F0006F8FA44803F0E4FC01212046FFF722FBB2
:10F700000022032120460BF05BFDFE060DD59F4A2B
:10F710009B4803210CF03FF800212046FFF712FB25
:10F720000022022120460BF04BFDB8060DD5984A69
:10F73000934803210CF02FF800212046FFF702FB2D
:10F740000022022120460BF03BFDB90761D4FA07E5
:10F7500010D5BFF35B8F8F4B002253E8008F43E837
:10F7600000210029F9D1BFF35B8F0126B8F1000F0A
:10F7700040F0C080790734D5874B4FF0000C83F8F8
:10F7800000C0D5F88004C0B28DF80800D5F8841404
:10F79000C9B28DF80910D5F88834D5F88C2443EA1D
:10F7A00002239BB2ADF80A30D5F89024D5F89464C2
:10F7B00042EA0622ADF80C20D5F89824D5F89C64CE
:10F7C00042EA062292B2754EADF80E20002840F0B3
:10F7D000AA80052940F0A78001213170002A00F09D
:10F7E000AE807B067FF549AF206984304FF0FF3251
:10F7F0004FF0FF3303F070FB694E3168002940F091
:10F80000DD80684803F00AFF2069843003F0D6FBEE
:10F8100033E7654BBFF35B8F002253E8008F43E86B
:10F8200000210029F9D1BFF35B8F4FF0010AB8F135
:10F83000000F8CD098FAA8F3B3FA83F30F2B1E466F
:10F84000C6BFA3F11006F6B246F080060AFA03F32B
:10F8500028EA03083306314620462FD50BF077FC03
:10F8600083460BF09CFC814650B9504A44483346CD
:10F87000012108F066F931462046FFF7C3FCD6E7C0
:10F88000002158460BF070FC0022494620460BF040
:10F89000A3FC802EEFD1404B002183F800A020462E
:10F8A000C5F850A00BF053FC0BF079FC0146002882
:10F8B000E1D0002220460BF08FFCDCE70BF047FC88
:10F8C00083460BF06CFC814650B9394A2C483346CC
:10F8D000012108F036F931462046FFF7C9FCA6E7BA
:10F8E000584600210BF040FC0022494620460BF010
:10F8F00073FCF0E798FAA8F3B3FA83F30F2B1946D9
:10F90000C6BFA3F11001C9B241F0800106FA03F3AA
:10F910000A0628EA0308204602D5FFF773FC25E70C
:10F92000FFF7A6FC22E7234A86F800C0D5F870341A
:10F9300012789A420AD1204B00221A7014E003F088
:10F940007F03ADF80A30ADF80C20F4E71A4A012322
:10F95000137033704FF4A063ADF80830D5F87034ED
:10F96000ADF80A30CDF80CC002A920460BF05BFCC4
:10F9700037E700BF00700240FC4E00201F3E04002D
:10F9800038EE0300AC4E002082AF0020363E04006B
:10F990004C3E0400E49A002087AF002086AF002090
:10F9A0008C980020244F0020E09A0020643E040040
:10F9B0007D3E040084AF002085AF002091FAA1F7BE
:10F9C000B7FA87F70F2F3946C6BFA7F11001C9B2A2
:10F9D00041F0800120460BF0BAFB804690F8189069
:10F9E0004FF0FF324FF0FF33134803F09DFB4846C2
:10F9F000FFF7D8FA104803F063FB104B8022C3F8DE
:10FA00000421414620460BF0FFFB002140460BF04D
:10FA1000ABFBBFF35B8F0123BB40094ADB4352E8DA
:10FA2000000F184042E800010029F8D1BFF35B8FB6
:10FA3000326813403360E0E6AC4E002000E100E0A5
:10FA4000E09A00204FF08053D3F83031082B02BFEA
:10FA5000024B0022C3F81C2C704700BF007002400C
:10FA60002DE9F04105464FF0FF324FF0FF3341489A
:10FA700003F05AFB404B8022C3F884212720E7F78C
:10FA8000BBFCA8B13D4F3E4B3C681B686FF30F04B5
:10FA90001C434FF00108002C37D13A4E40F2FF13BF
:10FAA0003B602720C6F80445E7F792FCC6F8004300
:10FAB000354A13788BB1334B0021C3F8081101216B
:10FAC000C3F80026C3F804165960D3F808110029BA
:10FAD000FBD00021C3F8081111702A4B0024C3F891
:10FAE0000045FFF7AFFF234803F0EAFA2146284616
:10FAF000FFF7B8F9F0B1254A254801210BF04BFE7C
:10FB00006FF004052846BDE8F08194FAA4F6B6FA31
:10FB100086F60F2E3346C6BFA6F11003D8B243F0C7
:10FB20008000030701D4FFF73DFA08FA06F624EA3D
:10FB30000604B0E728468021FFF794F9054600281F
:10FB4000D9D1144B14491E68304607F068FB10F1F8
:10FB5000780F044603D1304607F03DFB0446002CE5
:10FB6000D0DA0E4A0A482346012107F0EAFF25466B
:10FB7000C8E700BFAC4E002000E100E098980020EC
:10FB800094980020007002407FAF00209A3E04004D
:10FB900038EE03004898002038980020BD3E04004D
:10FBA0002DE9F04FAD4BDFF8B8A2D3F85421AD4F9B
:10FBB00087B00AB30022C3F85421D3F8042391027A
:10FBC0001AD5D3F8C034002B14BF4FF001224FF4E4
:10FBD0008072A54B9B683BB99AF800000BF0D3FDEF
:10FBE0000123834022EA03023B6813439F4A3B60A0
:10FBF000136823F001231360984BD3F8604134B1AC
:10FC00000022C3F86021D3F86C44C3F86C44D3F8E5
:10FC100028214AB10022C3F82821954B18780BF00F
:10FC2000B2FD012383401C439AF800509AF90080EA
:10FC30002A0700F10B81B8F1000FB4BF8D4B8E4B3A
:10FC400005F00F02920013441A684AB300221A60AA
:10FC50002846FFF78BF9894B1A7800F001005040D5
:10FC60001870FFF7EFFE864B28461A680BF08BFDE5
:10FC7000C240D307064600F12381B8F1000F80F29D
:10FC80000F81882D00F00C81784A01231168B34060
:10FC90000B43136081238AF80030734803F010FA95
:10FCA0008CB13B68714ADFF8DC9124F001210B43F1
:10FCB0003B60136823EA01031360A4B24FF001080C
:10FCC000002C40F00381654BD3F800217AB1002469
:10FCD000C3F800416C4B1C706C4A6D4803210BF05B
:10FCE0005AFD684B2246186804210BF069FA5B4BF9
:10FCF000D3F858212AB30022C3F85821D3F800447E
:10FD0000C3F80044E00505D55F4B012208201A70B6
:10FD1000FFF762FBA10505D55B4B002210201A708E
:10FD2000FFF75AFB62050CD5574B1A784AB10022EF
:10FD30001A704A4B0122C3F8082520209A65FFF764
:10FD40004BFB464BDFF838B1D3F85C31F3B1464B8F
:10FD50009B681BB99AF800305B0617D03F4B002216
:10FD6000C3F85C21DBF80030404A23F00113CBF8E4
:10FD700000303B6823F4803343F001033B60136899
:10FD8000042023F001131360FFF726FBDBF800408B
:10FD90003B681C4000F03381304BD3F82C95B9F10F
:10FDA000000F40F02C8130480022002303F0BCF902
:10FDB000002840F0248114F001230CBF94FAA4F32E
:10FDC00093FAA3F3B3FA83F30293029B9DF80840DE
:10FDD0000F2BC8BF103C2B4BCCBFE4B244F08004C7
:10FDE000186821460BF0B3F903900BF0DCF963B20D
:10FDF000049304F00803059363B2002B064680F2D7
:10FE00009C80039B058A5B8BD0F80C80C3F30A03AC
:10FE10009D4240F28C801D46002608F06043B3F1FD
:10FE2000005F06D041461B48DFF868802A460EF086
:10FE30009FFB002E00F0B380029B01229A40DBF86A
:10FE4000003023EA0203CBF80030A8E0124B134A3B
:10FE500033EA280328BF1346F6E600BF00700240CD
:10FE600080AF002098980020AC4E00209098002091
:10FE700081AF002008710240307102407FAF002046
:10FE8000949800209C98002082AF0020D43E04006B
:10FE900038EE03004C980020507102402C71024053
:10FEA000634831460BF079FC0220FFF795FAB8F170
:10FEB000000FFFF6E9AE013D062D7FF6E5AEE9E65F
:10FEC000002DF4D15B4B0122DA64E3E694FAA4F549
:10FED000B5FA85F508FA05F345F080052946D9F805
:10FEE000000024EA03040BF032F90BF05CF906463B
:10FEF0002846FFF73BF8014606F10C0008F07CF9B4
:10FF0000338A002B7FF4DCAE30460BF050F918B189
:10FF100030460BF050F9D3E628460BF034FC01468E
:10FF200043480BF03AFC0220FFF756FAC8E60BF004
:10FF30003EF980F00106F6B26FE704F008023D4B8F
:10FF4000002A5FD0D3F8C03413F4803F08BF99462D
:10FF5000328AF368758A03EB0208AD1A72699B1A3C
:10FF6000ED1A4D4553D2344A344800954B46012191
:10FF700007F0F1FD294606F10C0008F004F9039B97
:10FF80005B8BC3F30A034B457FF456AFF26871698C
:10FF9000738A521A9B1A328A93423FF44DAF4FF044
:10FFA00080530121D3F83031082B02BF214B82222C
:10FFB000C3F81C2C029B3A688AF8004001FA03F34C
:10FFC00022EA03023A6004F008021A4B0ABB049AC0
:10FFD00004F00F04002A4FF0140202FB0432A9BF00
:10FFE0000A3403EB8403C2F80087C2F80457AFBF9A
:10FFF00043F82410C2F80086C2F80456596007B0CE
:020000040003F7
:10000000BDE8F08F04F5947253F82290A0E74D46B6
:10001000B0E7049A002AB5BFC3F8A086C3F8A0874A
:10002000C3F8A456C3F8A457B4BF59629964E6E76D
:10003000E09A002000700240DA3E040038EE03002F
:1000400010B5EFF31184202383F31288BFF36F8F71
:10005000164B1B7803F0FF02CBB11549D1F82C35B4
:1000600013B30023C1F82C354FF08053D3F830314F
:10007000082B0CD10F4BD3F8000CC02188B949F2E2
:100080007530C3F8000CC3F8141CC3F8000C84F3DB
:100090001188BFF36F8F002A0CBF6FF00A00002099
:1000A00010BDC3F8141CF2E71A46F0E782AF002037
:1000B0000070024000E0064073B500220092114635
:1000C00040230446FEF78AFE024648B1604A614872
:1000D00001210BF060FB6FF00404204602B070BDFC
:1000E0000090402320468021FEF778FE0446002839
:1000F000ECD15949594B4860C860012618688E6098
:1001000007F01EF8051E07DA554A52482B463146BD
:1001100007F017FD2C46E0E7EFF31185202383F36A
:100120001288BFF36F8F4F4B4FF40062C3F8002467
:100130000BF01BFB08B1FEF781FF4FF08053D3F8A3
:100140003031082B18D1EFF31180202383F312886C
:10015000BFF36F8F444BD3F8001CC022002970D12D
:1001600049F27531C3F8001CC3F8142CC3F8001C05
:1001700080F31188BFF36F8F3A4B0122C3F800253B
:10018000D3F800241205FBD54FF40062C3F8002415
:100190004FF08053D3F83031082B17D1EFF3118093
:1001A000202383F31288BFF36F8F2F4BD3F8001CEB
:1001B000002949D149F27532C3F8002CC3F8141C48
:1001C000C3F8002C80F31188BFF36F8F0BF0CDFACA
:1001D00030B1FEF751FF0BF0C8FA08B1FEF72EFF61
:1001E0004FF08053D3F83031082B1E4B0AD140F228
:1001F000E372C3F800284022C3F80428BFF36F8FCE
:10020000BFF34F8F8022C3F81C250122C3F830258D
:10021000164B40F2FF121A60154B00211960154B66
:100220001960154B1970FFF70DFC144B19700BF08A
:100230009CFA08B1FEF720FF85F31188BFF36F8F9A
:100240004BE7C3F8142C93E70022C3F8142CB9E74A
:10025000F93E040038EE030038980020489800204A
:100260001B3F04000070024000E006409898002008
:1002700094980020909800207FAF002081AF00204C
:10028000084B70B5C31A0D4607499B1004465943E5
:10029000064840220BF0C7FA2B4601462046BDE82F
:1002A00070401847FC9A0020B76DDBB608E80300E1
:1002B00073B50C4C0C4A4023041B00930D460B46AF
:1002C0000A49A4106143064609480BF0D8FA0146D2
:1002D00028B130462B4602B0BDE87040184702B046
:1002E00070BD00BFFC9A0020EBB80300B76DDBB611
:1002F00008E803000022F8B5012105461046E7F79B
:1003000089F8104801F066FE0446B8B901F082FE93
:100310002F690D49384606F000FF031E09DB012650
:100320003E642D69084905F11C0006F0F6FE031E27
:1003300002DA1C462046F8BDEE64FBE76FF00404C9
:10034000F8E700BF7504030044FA03001FB500225C
:100350000123CDE902236C46074A6B46CDE90044F0
:100360000BF0BCFA28B94FF480420023684602F033
:10037000DBFE04B010BD00BFFDB8030010B5EFF305
:100380001184202383F31288BFF36F8F074A136809
:1003900023F00201DB07116002D401200BF0D7FD2E
:1003A00084F31188BFF36F8F10BD00BF4C9B0020FA
:1003B00030B4104B0C2202FB003301460020D3E97D
:1003C0000E529863EFF31180202484F31288BFF358
:1003D0006F8F1C6C04F0C00444F002041C6480F3B2
:1003E0001188BFF36F8F1DB12B46034830BC1847EF
:1003F00030BC7047FC9A002008E8030010B4EFF30B
:100400001180202282F31288BFF36F8F17490B6887
:1004100043F0020413F001030C601AD04FF0804344
:10042000D3F80C14D3F80C3413F0010311D0EFF30C
:10043000118182F31288BFF36F8F0D4A136C03F0A2
:10044000C00343F00203136481F31188BFF36F8F7D
:10045000012380F31188BFF36F8F1BB110BC002004
:10046000FFF7A6BF10BC01200BF069BD4C9B00201C
:10047000FC9A002010B1012804D07047034B1B6C7C
:100480005B0701D1FFF794BF704700BFFC9A0020C3
:10049000024AC3B21C2000FB03207047FC9A0020D4
:1004A000094BBFF35B8F53E8002F42F0010143E893
:1004B00000100028F7D1BFF35B8F930702D401200F
:1004C0000BF03DBD704700BF4C9B002010B5EFF313
:1004D0001184202383F31288BFF36F8F074A1368B8
:1004E00023F001019B07116002D401200BF02FFDC6
:1004F00084F31188BFF36F8F10BD00BF4C9B0020A9
:100500002DE9F0413849BFF35B8F8046012251E865
:10051000003F41E800200028F9D1BFF35B8F33B9D9
:10052000324933484B60CB608A6006F009FE08F11F
:10053000FF33012B4BD8B8F1010F07D14FF08043A7
:10054000D3F81C3403F00303012B40D00CF0F0FB74
:10055000054658B1EFF31186202383F31288BFF3C9
:100560006F8F0125234F4FF080441EE0224B1B78F4
:10057000002BEFD04FF080430222C3F80823064639
:10058000F0E735B3304607F062FDD4F8183563B9AB
:10059000D4F804214AB1C4F80431D4F80431012359
:1005A000C4F81835C7F88031A360D4F81824D4F8FB
:1005B0001834D203E5D503F00303012B02D0B8F1C0
:1005C000010FDED155B186F31188BFF36F8FBDE8FF
:1005D000F081002121200CF072FCD6E74FF080431F
:1005E0000222C3F80423F2E7F89A0020E89A0020D8
:1005F000189B002000E100E0B0AF002008B50448DF
:10060000E4F7B4FE0248E7F7B3F9002008BD00BFE5
:100610001506030073B5104E8DF807000446032538
:1006200001220DF10701002002F052F920B101234F
:100630003370204602B070BD3378002BF9D0013DF5
:1006400008D00CF075FB0028EAD1002142200CF004
:1006500036FCE5E73570ECE788AF0020EFF3118258
:10066000202383F31288BFF36F8F0A4BD3F8001156
:1006700061B10021D3F80805C3F80011D3F80031A7
:10068000C0B282F31188BFF36F8F70476FF00A001A
:10069000F7E700BF00D00040F0B503468478C67885
:1006A000EFF3118E202080F31288BFF36F8F1D7837
:1006B00093F801C0641B3440A24288BFA2B2AF18B5
:1006C000374028461F708EF31188BFF36F8F8F1845
:1006D0008F4218D165450CD1EFF31181202080F3B2
:1006E0001288BFF36F8F1878587081F31188BFF3A9
:1006F0006F8F1B79A41AA34228BF074B90B224BF67
:1007000001221A60F0BD03EB000E01309EF805E0F7
:1007100001F801EB3040DBE700D00040DB432DE97E
:10072000F04713F001050F46144604D02448FFF7A4
:10073000B3FFBDE8F087B2B3EFF31186202383F354
:100740001288BFF36F8F0D20E6F756FE80460D200E
:10075000E6F73EFE86F31188BFF36F8FDFF864A0E3
:10076000194ECAF80051DAF800314FF4005901234C
:10077000CAF800302546C6F88091DAF80031A3B1F6
:10078000FFF76CFF031EA4BF05F1FF35ADB2C6F83D
:100790008091A8BF7B55002DEFD1B8F1000F02D09A
:1007A0000D20E6F707FE2046C3E7EFF31180202374
:1007B00083F31288BFF36F8F07F049FCDDE700BFBA
:1007C000709B002000D0004000E100E070B50D46B5
:1007D00014460CB9204670BD4FF0FF334FF0FF3286
:1007E0000C4802F0A1FC224629460B48FFF754FFB3
:1007F0000646084802F064FC3EB94FF0FF324FF065
:10080000FF33064802F090FCE6E7A41BA4B235448F
:10081000DFE700BF509B0020859B0020609B0020ED
:1008200038B50122114617480CF056F9154D012232
:10083000002105F110000CF04FF940F207432B871F
:100840004FF070632B620C2385F8243000240E4B8C
:1008500085F83540EC86D3F8042542F00102C3F850
:1008600004250121C3F80041D3F80021C3F8041383
:10087000224619600D20E6F7CDFD0D20E6F79AFD22
:10088000204638BD509B002000D0004010B5FFF737
:10089000E5FE002820DB174B93F8222093F8214037
:1008A00093F82310141B31EA0404C0B20DD193F85D
:1008B000372093F8364093F83810141B31EA0404BB
:1008C0000BD10D4B01225A600EE09C1801321140F1
:1008D00084F8250083F8221010BD9C1801321140C5
:1008E00084F83A0083F837100448BDE8104002F05D
:1008F000E7BB00BF509B002000D00040609B002061
:10090000024B0B6001231360704700BF949B0020D3
:100910000048704768FA030007B50346054A00918E
:100920000548012107F017F96FF0150003B05DF8D5
:1009300004FB00BF923F040068ED030010B50122E4
:1009400011460748074C0CF0C7F8FBF707FE0BF001
:1009500015FE20600BF00EFE6060002010BD00BF91
:100960009C9B0020949B00200A48037883B14FF0A1
:100970008042D2F81015D2F8103501F01E0123F094
:100980001F030B4343F00103C2F81035002303702B
:10099000704700BF89AF00204FF08053D3F830314B
:1009A000082B20D14FF08042D2F81015CB071AD572
:1009B000D2F8103501F01E0123F01F030B43C2F8DB
:1009C0001035D2F808315BB1D2F8103523F01F038F
:1009D0000B4343F00103C2F810356FF08B007047F2
:1009E000024B01221A700020704700BF89AF00201F
:1009F000F0B589B00E4615460BF0BCFD29460746FA
:100A000030460AF0ECFF60B3B6FBF7F307FB136365
:100A100023B9B5FBF7F407FB14545CB11F4A0095EA
:100A200033461F48012107F096F86FF01504204661
:100A300009B0F0BDBD42FAD34FF0FF334FF0FF32A3
:100A4000184802F071FBFBF79BFD04AB014660B94F
:100A5000102218460DF0B3FDCDE905650AF0E8FF58
:100A600016E0114A00953346DBE71022214618466E
:100A70000DF0A5FD01228DF81C200C4ACDE90220C5
:100A80000B48CDE90565FBF773FD02A8E1F760F8B7
:100A90000446044802F014FBC9E700BFAF3F04005E
:100AA00068ED03009C9B0020923F040031BA0300D4
:100AB000645E010038B5037B04460BB1FBF764FDAF
:100AC000656815F003051ED10125A368032B45D8E1
:100AD00093B1FFF761FF0546F0B9A268D4E90010B1
:100AE00001F05EFDFFF740FFD4E90132134463607B
:100AF0002368A560134423602A4AD2F80034DB0738
:100B0000FBD500200AE0A368C5F104059D4228BF7B
:100B10001D46FFF741FF10B16FF08B0038BDD4E9DF
:100B200000102A4601F03CFDFFF71EFF63682B44CE
:100B3000636023682B442360A3685B1BA360237B53
:100B4000002BC1D00120E1F7A3F80028BCD0154A42
:100B5000D2F80034D807FBD50120DFE7FFF71CFFF0
:100B60000028D9D123686068196801F00BFDFFF7F0
:100B7000FBFE636804336360236804332360A36867
:100B8000043BA360237B0135002B9ED02846E1F770
:100B90007FF8002899D0034AD2F80034D907FBD552
:100BA000DAE700BF00E0014070B5054686B00E46AA
:100BB00014464FF0FF334FF0FF32124802F0B4FA00
:100BC000FBF7DEFC0346CDE9026502A804949BB165
:100BD00001238DF814300C4BCDE9003041F64C5018
:100BE000FBF7C6FC6846E0F7B3FF0446054802F091
:100BF00067FA204606B070BD8DF81430FFF75AFF33
:100C0000F3E700BF9C9B0020B50A030073B50D46B7
:100C10002846194616461C460AF0E1FE50B90B4814
:100C20000B4A00942B46012106F095FF6FF015004A
:100C300002B070BD3CB122463146284602B0BDE844
:100C40007040FFF7B1BF2046F2E700BF68ED030038
:100C5000923F04002DE9F043476840F20636D00683
:100C60003B7C87B002EA060654BFC2F3401C4FF03B
:100C7000030C01F01F05B6F5837F144645EA4315C2
:100C80008DF803C044D00DD8062E16D005D8A6B1D5
:100C9000022E3FD06FF0150037E0B6F5807FF9D116
:100CA00001260AE040F20222964235D0B6F5407F96
:100CB00034D0B6F5007FEDD10226220330D57A6814
:100CC00001238B40C2F80835B868A0BB05F01F03AC
:100CD0006D092DD0012D77D13E4A02EB8302C4F37A
:100CE0000043D2F8001783F00103C4F3404444EA00
:100CF000430421F4E16144EA8C0421F0070144EA51
:100D000006230B43C2F80037002007B0BDE8F0838C
:100D10000726D2E70426D0E70526CEE70326CCE750
:100D2000630341BF01237A688B40C2F80C35CBE7DF
:100D30004FF0A042D1E70DF1020229460BF077FBFC
:100D400014F4403F80460CD1B86829460BF0A4FB50
:100D5000B8F1000FD8D19DF80210B86801F0F2FA8E
:100D6000D2E74FF0000901ABCDE90199CDE9043993
:100D7000CDF80C90B86803AA29460BF02DFA484527
:100D8000C2DB14F4003314D0C4F300449DF80330E4
:100D90008DF80E3084F001048DF80C608DF80D4054
:100DA000B8684B4603AA29460BF0C9FA0028CFDAE7
:100DB000AAE7CDE904330DF103030393B86803AA4E
:100DC00029460BF009FAF1E703F5E07350F82330F8
:100DD000FFDE00BF00030050420970B5034602D099
:100DE000012A17D070BD0D4E326951680029F9D023
:100DF00003F01F0301250C689D400029F2D08A688A
:100E00002A4002D04B68304698472CB123682146CF
:100E10001C46F2E7024EE7E72346F8E740E8030006
:100E200024E8030038B54568A86890B10BF02EFBA4
:100E3000014670B9A8680BF00DFB044658B902468C
:100E40000649A8680BF0F0FA224605210620E6F7CD
:100E5000E1FA002038BD6FF00400FBE7D90D030074
:100E6000F0B545681646A8682A7C01F01F0487B0D3
:100E700044EA4214002869D0B6F5001F04D1214687
:100E80000BF05DFB002052E001AA0020B6F5800FB8
:100E90000190506037D1B3F1007F14BF05230423C4
:100EA0008DF804300023CDE904230393EB6823FA83
:100EB00001F111F001010DF103073AD1B6F1A07F64
:100EC00037D104F01F03620903F5E07326D0012A2D
:100ED0003FD1214A52F82330DB072AD4A8683A468A
:100EE00021460BF0A4FA16301BD00297A86803AA7B
:100EF00021460BF071F9002819DBA8680122214670
:100F00000BF0CCFABEE7B3F1C06F05D0B3F1007FB0
:100F100014BF01230223C3E70323C1E74FF0A0421C
:100F2000D8E7A868394601F013FA0028DDDA07B0DF
:100F3000F0BDA8683A4621460BF079FA0028D5D1D1
:100F40009DF80310A86801F0FDF9CFE76FF0850068
:100F5000EDE751F82330FFDE00030050B0B500AFDD
:100F6000234D28460BF0B3FB034688BB6C4688B084
:100F700029686A461F48CDE905014FF40071ADF8B4
:100F80001C101D4942F8101F1C484FF4E251E5F7B0
:100F900003F9A5466FF012042046BD46B0BD2B688C
:100FA0006D468AB06A461649CDE905130523CDE999
:100FB00007344FF40073ADF82430124B42F8103F61
:100FC0000E4800234FF43151E5F7E6F8AD46E3E76C
:100FD0002A69A968136823F0200313600B684FF493
:100FE0002022052128469847041ED8DB0024D3E799
:100FF00024E803000E4004000300000178ED030024
:101000002540040005000001036803F01F025B098E
:10101000026004D0012B034818BF002070474FF036
:10102000A0407047000300502DE9F04FDFF86C81BD
:1010300085B01546824600EB81010127514503D159
:10104000002005B0BDE8F08FDAF80030C3F3C72BFD
:101050001BF0080BC3F3C322C3F3080440F09780CE
:1010600018F802601B0E40F2FF12944208BF4FF0C6
:10107000FF34222B00F28E80DFE803F01222276477
:101080002A5F648C8C8C8C67728C8C8C8C8C8C8C96
:101090008C8C8C8C8C8C8C8C8C757A7D808386006F
:1010A000C5F80C45601C45D003A80394FFF7ACFFBE
:1010B000039B07FA03F3C0F808354FF0010916E067
:1010C000C5F814454FF0000946E0C5F80845E9E7C2
:1010D000C5F808454FF00009631C2BD003A8039402
:1010E000FFF792FF039B07FA03F3C0F80C350122C8
:1010F000DAF80030019303F40040002803A80CBF85
:1011000093464FF001090394FFF77EFF039A019B7A
:1011100000EB8200C3F341243302D0F8002743EAF6
:1011200084031F4C43EA0B031440234343EA49035F
:10113000C0F800370AF1040A80E7C5F80C454FF003
:101140000109C9E7C5F81045BCE7C5F80845002EF8
:10115000B8D14FF000090626621CEBD00022C7E789
:10116000C5F80C45F3E7C5F824454FF00109F3E74E
:10117000C5F8284596E7C5F83045F6E7C5F8344583
:10118000F3E7C5F83845F0E7C5F83C458AE76FF066
:10119000150056E76FF0850053E700BFAF4304002A
:1011A000F0F8FCFF054BD3F81C312BB9044B187831
:1011B000003818BF01207047012070470020004010
:1011C0008BAF0020074BD3F8082142B10020C3F8B1
:1011D0000801D3F80821D3F818350B7070474FF089
:1011E000FF30704700200040024BD3F88004C3F862
:1011F00080047047002000400020094B30B50546B0
:10120000141A002C02DDD3F8084104B930BDC3F82C
:101210000851D3F80841D3F818450C540130EFE7D2
:10122000002000400D4B00221A700D4B01229A60E5
:101230008022C3F80423EFF31183202282F3128863
:10124000BFF36F8F074A12781AB1074A0421C2F818
:10125000001183F31188BFF36F8F70478AAF0020AE
:10126000002000408BAF002000E100E0014B012294
:101270001A7070478AAF0020024B0422C3F804237F
:10128000704700BF00200040024B0422C3F808232F
:10129000704700BF0020004008B5074BD3F8040397
:1012A00010F0800004D0054B1B7813B9FFF77AFFCC
:1012B00008BD0020FCE700BF002000408AAF0020EE
:1012C000034BD3F80801003818BF0120704700BF56
:1012D00000200040024B4FF40072C3F80423704713
:1012E00000200040024B4FF40072C3F808237047FF
:1012F0000020004008B50B4AD2F804331B0605D481
:10130000D2F8040310F0040005D108BDFFF7C4FFB4
:101310000028FAD1F4E7D2F80801003818BF0120FC
:10132000F3E700BF00200040024B1960024B1A6037
:10133000704700BFCC9B0020C89B00200E4A0F4B7B
:10134000117851B1D3F81C1139B18021C3F80813B9
:101350000121D960002313707047D3F8242122B1F2
:101360000022C3F82421D3F82431054B1B6813B1A4
:10137000044A1168184770478AAF002000200040D7
:10138000CC9B0020C89B002030B54B79012B22D08C
:10139000032B1DD110258B79032B19D1CB79BBB928
:1013A0000A7912B1022A13D10E220B68B3F5164F37
:1013B00061D02DD8B3F5165F5FD016D8B3F5966F10
:1013C0005DD00AD8B3F5967F5CD0B3F5167F5CD0BC
:1013D0006FF085004EE00025DDE7B3F5166F57D0BE
:1013E000B3F5965FF4D1344B39E0B3F5E14F52D009
:1013F00007D8B3F5615F50D0B3F5964FE8D12F4BC6
:101400002DE047F61224A342E2D14FF4000326E078
:10141000B3F5613F44D011D8B3F5963F42D008D818
:101420004DF6C024A3423FD0B3F5614FD0D1244B39
:1014300015E0B3F5E13FCBD1224B10E0B3F5612FBE
:1014400035D007D8204CA34233D0B3F5E12FBFD11C
:101450001E4B04E01E4CA342BAD14FF080530469E6
:101460001C482A43C0F82435C0F86C2503C984E819
:101470000300002030BD184BF1E7184BEFE74FF4A5
:101480009E23ECE74FF4A033E9E74FF41C33E6E783
:101490004FF41D23E3E7124BE1E74FF46C13DEE753
:1014A000104BDCE7104BDAE74FF46503D7E70F4B3F
:1014B000D5E74FF08063D2E700B0130000A04E00E4
:1014C00000F0EB0000E0D70190D0030000705F0750
:1014D00040420F000020004000509D0000502700B7
:1014E00000F0750000B0AF0300903A0100D0BE0ECE
:1014F000F8B50E460BF01CFC1B4D90BB6424012775
:10150000BFF35B8F55E8003F002B03D145E8007225
:10151000002AF7D1BFF35B8F07D021200021013CC7
:101520000BF0CDFC14F0FF04EAD1104B0022C3F8FD
:101530001C21D3F81C110E490A7001229A6042F254
:101540001074C3F81C65FFF72DFE20B901200AF0C6
:10155000A5FC013CF7D1054B0122DA6000232B608A
:10156000F8BD01232B60E0E7C49B00200020004071
:101570008BAF00202DE9F3411A4D4368D0F810805D
:101580000021C5F800151F68064601AA38460AF072
:10159000E7FA041E1FDB019B3A6819791868FFF708
:1015A00043FD041E17DB41463046FFF7EDFE0446BF
:1015B000A8B90423C5F80035C5F80801D5F80831E5
:1015C000094B01212960024602201970E5F722FF2C
:1015D0000220E5F7EFFE204602B0BDE8F0816FF093
:1015E0008504F8E7002000408BAF0020F8B5002408
:1015F0000A4D0B4F2646131B002B02DDFFF7D2FDD1
:1016000008B92046F8BDC5F81C61D5F81C310B5D42
:101610003E700134C5F81C35EDE700BF00200040E6
:101620008BAF0020F0B54B79012B63D0032B40F03A
:10163000968010248B79032B40F09180CD7915B1E1
:10164000012D40F08C800A791AB1022A40F087807F
:101650000E220B68B3F5967F4ED0B3F5167F4ED0B1
:10166000B3F5966F4ED0B3F5166F4ED0B3F5965FC7
:101670004ED0B3F5165F4DD0B3F5615F4CD0B3F5E6
:10168000964F4BD0B3F5E14F4AD047F61226B342FE
:1016900048D0B3F5164F48D04DF6C026B34247D0D8
:1016A000B3F5614F47D0B3F5963F47D0B3F5E13F6F
:1016B00046D0B3F5613F46D02A4EB34246D0B3F58B
:1016C000E12F46D0B3F5612F46D0274EB34246D125
:1016D0004FF08053476806693F68C7F82435436870
:1016E0002C431B682243C3F86C2503C986E803001A
:1016F0000020F0BD00249DE74FF4A033EAE74FF44B
:101700001C33E7E74FF49E23E4E74FF41D23E1E7A2
:10171000164BDFE7164BDDE7164BDBE7164BD9E739
:10172000164BD7E74FF40003D4E74FF41D03D1E77E
:101730004FF46503CEE74FF46B03CBE7104BC9E7DB
:101740004FF0EB73C6E74FF06C73C3E74FF0806365
:10175000C0E74FF0E863BDE74FF07063BAE76FF0A2
:101760008500C6E790D0030040420F0000B0130090
:101770000050270000F03A0000A04E0000C07500A5
:1017800000903A012DE9F041044647680D460BF000
:10179000CFFA88B14FF02008EFF31186314688F375
:1017A0001288BFF36F8F60680AF0ACFA50BB86F303
:1017B0001188BFF36F8FEFE71F4B1B78002BE9D029
:1017C0004FF02008642660680AF09CFA70B9012086
:1017D0000AF064FB013EF6D1002121200BF06FFBE3
:1017E000F0E786F31188BFF36F8FF5E7EFF311860B
:1017F000314688F31288BFF36F8F60680AF082FA6F
:101800000028EED07B691D7063687A691B68002030
:10181000C3F844250122C3F84825C3F82001D3F8B2
:101820002041C3F85801D3F858019A6081F3118818
:10183000BFF36F8FBDE8F081B0AF00202DE9F0411C
:101840000022054601212820E5F7E4FD2820E5F7E0
:10185000B1FD6B680121D8680AF0A8FA2969284609
:10186000FFF7E0FE002856D16F68D7E9004313F078
:10187000010318D0D5F8108004F10C0108F114020E
:1018800004F590700AF047FB061E07DA234A244845
:10189000012106F04DF93046BDE8F08198F81400BA
:1018A00000F084FB01230822C4F800257A69C4F8FB
:1018B000442501210022C4F84825A1606BB9D4F861
:1018C0002031002BFBD0C4F82021D4F82031012393
:1018D000E3604FF48073C4F80433D4F85831002B1C
:1018E000FBD00021C4F800156D682C68E8680AF088
:1018F0005DFA0823C4F800352A7A52B9AB69C4F8F6
:1019000034350123C4F83835C4F81021D4F8102137
:1019100023600026BFE76FF08506BCE77640040031
:1019200028EE030070B5012383400F4ABFF35B8F9D
:10193000DC4352E8001F01EA040542E80056002E8D
:10194000F7D1BFF35B8F4FF4803282400748C0F875
:101950000823BFF35F8FBFF36F8F03EA01000038E6
:1019600018BF012070BD00BFD49B002000100140B3
:1019700070B41249D1E90034D01AC31844F10004FC
:1019800022F07F46C1E90034A6F50013B3F5400FFD
:1019900009D20B4B1B681A0A1B069C19094B42F112
:1019A0000005C3E90045EFF31181202383F312887A
:1019B000BFF36F8F70BC02F059BB00BFD061002035
:1019C000D89B0020D861002011B3BFF35B8F0123A7
:1019D000104A834052E800CF4CEA030C42E800C1B1
:1019E0000029F7D1BFF35B8F0B4A4FF4803383405C
:1019F000C2F80433094BBFF35B8F1B68BFF35B8FE7
:101A0000C340DB0742BF064B4FF40032C3F800214E
:101A1000704700BFD49B002000100140D09B0020E5
:101A200000E100E00D4B1868010A0006BFF35F8F6C
:101A30000B4BD3F80435181841F10001B3F5801FA2
:101A40000AD2084BD3E90023904271EB030303D27F
:101A500010F1807041F10001704700BFD89B002059
:101A600000100140D86100202DE9F04F85B01646E6
:101A70001F469DF840A00446FFF754FF0190FFF772
:101A8000D1FFB04271EB07035ED23E4B301A67EBD9
:101A90000101984271F1000109D36FF0150520464C
:101AA0000199FFF791FF284605B0BDE8F08F364B4E
:101AB00003EB0413D3E902239F4208BF964254D09C
:101AC00032494FF4803804F1500508FA04F8AD00AB
:101AD000C1F848832046ADB20AF0C0F926F07F4B2A
:101AE00005F1804504F5A87305F58835DC464FF00F
:101AF00003090293029A2CF07F4341F82230C1F887
:101B00004483D1F80435224A6FF00200C01A6044C1
:101B100020F07F40904228D9286868B1D1F8043578
:101B20000393A3EB0B0020F07F40B0F5000F1CD90E
:101B300020460AF093F9039BBAF1000FADD109EBEF
:101B4000030C09F10109D5E7BAF1000FA5D1012372
:101B5000104ABFF35B8FA34052E8000F184342E8DE
:101B600000010029F8D1BFF35B8F07490E982301CC
:101B700001EB0412C8500F9B5360C2E902670025B5
:101B80008DE700BF01008000C0610020001001400F
:101B9000FDFF7F00D09B00207FB51C4C1C4BC4F880
:101BA0000833C4F848331B4B00254FF0FF304FF08B
:101BB000FF31C4F80855C3E902014FF48033C4F87B
:101BC0000433154B02264FF400320121C4F804639C
:101BD0001120C3F880212A46E5F71CFC1120E5F707
:101BE000E9FB0E4A0123A360236013600C4B0D4AEE
:101BF0000093CDE9015500232846FFF735FF304615
:101C0000FEF77EFC284604B070BD00BF0010014006
:101C100003000F00C061002000E100E0D49B002021
:101C200071190300FFFF7F002DE9F7432E4CD4F814
:101C3000043399070BD5D4F8043143B12B4A002360
:101C4000C4F80431D4F80431136801331360D4F8B4
:101C50000433DA0343D5BFF35B8F254B53E8002FE2
:101C600022F0010143E800100028F7D1BFF35B8F99
:101C7000D30702D4D4F840318BB30025C4F84051C7
:101C8000D4F84031FFF7CEFEEFF31182202383F327
:101C90001288BFF36F8F174BD3E90267B042B94187
:101CA00020D34FF0FF304FF0FF31C3E90201D3E9F9
:101CB00000981D604FF48033C4F84833C4F8405195
:101CC000D4F8403182F31188BFF36F8FB9F1000F60
:101CD00005D0CDF8008032463B460020C84703B00F
:101CE000BDE8F083A946EDE700100140D89B002035
:101CF000D09B0020C061002030B5431C124C85B041
:101D000005D08442A8BF0446012CB8BF0124FFF7C8
:101D100089FE0E4B0C4DD3E90013401AB0F5000FAD
:101D200010D22218AA4228BF2A4652184FF00000AB
:101D300007490091CDE9010043F10003FFF794FE4C
:101D400005B030BD2A46F0E7FFFF7F00D0610020DC
:101D50007119030008B5FFF765FE024B1B68C01A36
:101D600008BD00BFD061002010B5084C012363609E
:101D70001120E5F72DFB064BC4F80833C4F84833AF
:101D8000044B4FF40032C3F8802110BD0010014015
:101D900003000F0000E100E0BFF34F8F0549064B41
:101DA000CA6802F4E0621343CB60BFF34F8F00BFF9
:101DB000FDE700BF00ED00E00400FA05024AD2F89A
:101DC0000034002BFBD0704700E0014010B54FF00D
:101DD0008053D3F83021082A4ED14FF080420021A1
:101DE000C2F80C11C2F81011C2F8381502F54042C1
:101DF000D3F80414C2F82015D3F80814C2F8241537
:101E0000D3F80C14C2F82815D3F81014C2F82C1506
:101E1000D3F81414C2F83015D3F81814C2F83415D6
:101E2000D3F81C14C2F84015D3F82014C2F8441596
:101E3000D3F82414C2F84815D3F82814C2F84C1566
:101E4000D3F82C14C2F85015D3F83014C2F8541536
:101E5000D3F83414C2F86015D3F83814C2F86415F6
:101E6000D3F83C14C2F86815D3F84014C2F86C15C6
:101E7000D3F84434C2F870350AF000F818B13C4B7E
:101E80003C4AC3F88C2609F0F9FF18B13A4BFB2203
:101E9000C3F8182509F0F2FF58B14FF080424FF017
:101EA0008051D2F8E43ED1F8581261F30303C2F82E
:101EB000E43E09F0E3FF20B1304B4FF40072C3F869
:101EC00040264FF08053D3F83031082B17D14FF014
:101ED0008043D3F80024D20744BF6FF00102C3F857
:101EE00000244FF08053D3F83431042B81BF4FF0DE
:101EF0001023D3F808224FF08043C3F858254FF041
:101F00001021D1F80C32DB0714D51D480123C0F88D
:101F10000435FFF753FFD1F80C3223F00103C1F869
:101F20000C32FFF74BFF0023C0F80435FFF746FFE4
:101F3000FFF732FFD1F80032002B03DBD1F8043277
:101F4000002B14DA0E4901234FF01020C1F804359C
:101F50001224FFF733FFC0F80042FFF72FFFC0F84D
:101F60000442FFF72BFF0023C1F80435DEE710BD64
:101F7000005000404881030000F000400090024003
:101F800000E00140014B1860704700BFDC9B00205F
:101F900010B5054B1868144609F082FF0028A4BF4D
:101FA0002070002010BD00BFDC9B0020024A0123EE
:101FB0008340C2F80435704700F00140014B002017
:101FC0001B681847E09B0020014B1B68184700BFA7
:101FD000E09B002010B50C4C237993B901232371A9
:101FE0000A4B2060002818BF184600F04BF850B983
:101FF00023680748002BBDE8104008BF184600F0D2
:1020000091B86FF0770010BDE09B0020BD1F03006A
:10201000C91F030008B5064B1B682BB10020E5F76C
:10202000EBF908B9E5F7C6F9024B01221A7008BDB1
:10203000E09B0020AEAF002038B54FF08044012374
:10204000C4F8083363600023C4F80031D4F80031C9
:1020500042F21075D4F80C24D4F80C34D20307D50E
:10206000DB0705D5012009F019FF013DF2D138BD8C
:1020700009F07CFF0028FAD0014B00225A71F6E7E4
:10208000E89B002010B508490C794CB90123086081
:102090000B7109F06BFF08B9002010BD4C71FBE714
:1020A0006FF07700F9E700BFE89B00204FF0804316
:1020B0000022C3F80021D3F80021094901221A6047
:1020C000096811B1C3F804237047D3F80021002A2E
:1020D000FBD00022C3F80021D3F80031704700BFC5
:1020E000E89B002010B54FF08043D3F80423D207BB
:1020F00015D5D3F8002192B10022C3F800210121A7
:10210000D3F80021C3F8081309F030FF044B10B1D5
:102110005A7922B95971BDE810401B68184710BDA3
:10212000E89B0020074A137943B90121106011711F
:102130004FF080421846C2F8183570476FF07700AC
:10214000704700BFF09B002010B54FF080431D4C3E
:10215000D3F81814D3F8182411F4803F1AD002F0E1
:102160000302012A01D092B900224FF08043C3F844
:1021700018250022C3F80421D3F8042101229A6013
:1021800022688AB9D3F80421002AFBD014E009F0B0
:10219000FEFEE9E7D3F81424D107E5D5D3F81C24D3
:1021A0009207F4D422681AB10222C3F8042310BDA6
:1021B000D3F80421002AFBD00022C3F80421D3F86D
:1021C0000431F4E7F09B0020F8B54FF08043194F3D
:1021D000D3F80443012504F01A04002604B9F8BD1D
:1021E000B4FA84F0C0F11F00830003F580739BB242
:1021F00003F1804305FA00F2196892B224EA02045E
:102200000029EBD01E601B684FF08043022AC3F800
:1022100008230BD1D3F81814D3F81814890705D163
:10222000C3F81855C3F804239D60D7E73B68C0B2D4
:102230009847D3E7F09B0020036803F01F025B0977
:10224000026004D0012B034818BF002070474FF0F4
:10225000A040704700030050034A430900F01F00EC
:10226000D35C1844C0B27047B7430400024611F073
:10227000010030B515D18B07C1F3400022D51249BA
:10228000D1F8200550604FF08052C1F82005D2F8F7
:102290003021082A08BFD1F82025003818BF0120B6
:1022A00010E04FF0A0444FF08055D4F82035136073
:1022B000C4F82035D5F83051082D08BFD4F8204592
:1022C000002BD8D030BD00BF00030050F7B5044646
:1022D0000846FFF7C1FF04EB40060D46B38ADB0753
:1022E0002AD5204609F056FF2946204609F0C2FEAD
:1022F00050B1204609F0D4FE276807EB8000002388
:10230000C0F81035C0F810352946204609F0F1FE16
:102310000021B18201A80195FFF78EFF019B00EB20
:102320008300074BD0F80027134043F00203C0F8A6
:102330000037084603B0F0BD6FF01500FAE700BFA4
:10234000F0F8FCFF014809F0C9BD00BF944C002023
:1023500010B504480C4609F0A3FD0028A4BF207066
:10236000002010BD944C00202DE9F04F074689B0A5
:1023700057F8049BD9F80413C9B28346082241F0E8
:102380000041484609F0DEFE051E2FDA0023032136
:1023900006A8CDE90633FFF769FF634B01930DF102
:1023A00018084FF0000A019A604912F8013B0192A7
:1023B000DA0803F007038A5C22FA03F3DB071CD474
:1023C0000AF10103022B08F104084FF0010AEAD1D7
:1023D0004FF000410022484609F0B4FE032106A850
:1023E000FFF744FF0028D8D125F000450124002D37
:1023F00040F0848009B0BDE8F08F4D4B5344029308
:10240000D8F80060002EDBD0029B96FAA6F61C7866
:10241000B6FA86F646EA44142046FFF71DFF0BEB9A
:102420004000F208818A18F802000594C1F3820383
:102430000393009306F00706012303FA06F620EA49
:10244000060008F8020005A8FFF7F6FE059A039BB0
:1024500002F5E07211F0100F50F82260C6F3014649
:1024600033D0009A3846214609F024FE05A8059489
:10247000FFF7E2FE059B03F5E073F6B250F8233058
:10248000C3F301439E4207D10021204609F0E3FD3A
:102490003146204609F0DFFD05A80594FFF7CCFE84
:1024A000059B012202FA03F3C0F820354FF0805358
:1024B000D3F83031082B01BFD0F82035D0F82035C3
:1024C000D0F82035D0F820359AE7022E14BF02212B
:1024D00003212046039309F0BEFD039B032B03D089
:1024E000022E07D1012BD7D1009A2146384609F098
:1024F000E1FDD1E7032ECFD1022BF4E795FAA5F346
:10250000B3FA83F304FA03F225EA020503F5A27293
:102510000BEB430359F82220B3F87C10C2F30142BD
:10252000384609F0C7FD62E7C7430400F4FA030028
:10253000C7430400044AD2F80034DB07FBD501602E
:10254000BFF35F8F704700BF00E001404FF0805342
:102550001A69B0FBF2F302FB13036BB9084B0222BA
:10256000C3F80425C3F80805D3F80024D207FBD527
:102570000020C3F8040570476FF00C00704700BFDF
:1025800000E0014010B5054C0123C4F80435FFF705
:10259000D1FF0023C4F8043510BD00BF00E00140A6
:1025A0002DE9F8431E4B15460122C3F8042510F00F
:1025B000030304460E4610D0C3F10407AF4228BF00
:1025C0002F463A46A0EB030809F0BBFF0146404600
:1025D000FFF7B0FFED1B3C443E4425F00308B04438
:1025E0003746A4EB0609474513D115F003020AD07C
:1025F00025F003052C447119204609F0A2FF01467D
:102600002046FFF797FF064B0022C3F80425BDE8DC
:10261000F88309EB070057F8041BFFF78BFFE2E78D
:1026200000E0014010B5174C23783BBB0278C2F3A1
:10263000400392070FD54FF08053D3F83021082A7A
:1026400008D1D3F83431022B02BF4FF0804301226E
:10265000C3F8382601234FF08042C2F88035037852
:1026600003F00103C2F878350020E4F7C5FE08B98D
:10267000E4F7A0FE01232370002010BD6FF0770067
:10268000FBE700BFAFAF00204FF080434FF4607214
:10269000C3F80823014B00221A607047F89B002002
:1026A00008B5FFF7F1FF03680BB1014A136008BDDD
:1026B000F89B002010B54FF08043D3F80443620725
:1026C00007D54FF4847009F05DFF10B11E4B1B68F5
:1026D0009847A30608D54FF48A7009F053FF18B144
:1026E0001A4B00201B689847600608D54FF48C7081
:1026F00009F048FF18B1154B01201B6898472106C7
:1027000008D54FF48E7009F03DFF18B1104B002032
:102710001B689847E20508D54FF4907009F032FF26
:1027200018B10B4B01201B689847A3050AD54FF43D
:10273000927009F027FF28B1054BBDE810401B68D7
:102740000220184710BD00BF009C0020FC9B002009
:10275000F89B0020F8B50F4614461D46084E30463B
:1027600009F0B5FF10B96FF08300F8BDB368A2B2ED
:102770001B683946304698470028F4D12C60F4E7AE
:1027800078E8030008B5124BA822002118460BF088
:1027900016FF032202610F4942610F4A8161C26143
:1027A0004FF480620262002282624262C26201666B
:1027B0000A49416610218166094902670346C266DB
:1027C000426711F8010D98540132102AF9D108BD61
:1027D00010040020D1400400100000200000002060
:1027E000D94304002DE9F74FDFF88880182606FB4F
:1027F000008700FB066646447D6AD7F828C07368E8
:10280000AC4581468B46144603EB050025D83B6A50
:10281000A3EB050A0AF1FF3E724507D82C440BF0E2
:10282000A7FE7C62012003B0BDE8F08FE64472454C
:102830001ED8524601930BF09BFE019B2C44E41AD8
:1028400005D0706822460BEB0A010BF091FE1823AD
:1028500003FB0988C8F82440E4E70CF1FF3CACEB2B
:10286000050C944504D325440BF082FE7D62D9E724
:102870000020D8E710040020F8B5144B182700FBFF
:1028800007751D4407FB00330E46DB6A012B144617
:102890000AD0022B14D023B9284609F09CFE8442AA
:1028A00008D900242046F8BD284609F094FE844249
:1028B00028BF044622463146284609F095FEF1E736
:1028C0002846BDE8F84009F0AABE00BF1004002069
:1028D000F8B50B4B1B78532B04460E46174601D018
:1028E000FFF750FF09F0CAFE3A460546314620463A
:1028F000FFF7C2FF0446284609F0C8FE2046F8BD8F
:1029000010040020034B182202FB00339A6A586A15
:10291000801A70471004002010B4084A08490023A8
:10292000C85C12F8014D844204D10133102BF7D159
:1029300010BC704710BCFFF725BF00BFD94304008F
:102940001004002010B50446E3F758FB0348044A7E
:10295000012105F0EDF8204609F0C4FEC0ED0300AA
:10296000DA4004002DE9F843044600AF0D46EFF3CA
:102970001188202383F31288BFF36F8F04282A4A1B
:1029800098BF2A4B9668117C94BF53F82030284B8F
:10299000E9468AB06A462748CDE9073140F201335B
:1029A000ADF82430244BCDE9050442F8103F23480C
:1029B00000234FF43151E3F7EFFBCD4645B1EB690E
:1029C000C3F3080323B11E4A1C48012105F0B0F8E7
:1029D0002EB130460AF0B5F908B1037803B91948A9
:1029E000E9468AB06A46184B0790CDE9053640F2B1
:1029F0000133ADF82030154B42F8103F00230F484B
:102A00004FF41151E3F7C8FB2946CD462046FFF7A6
:102A100099FF88F31188BFF36F8F3046E4F79AFD72
:102A2000BD46BDE8F88300BF049C0020F8FA03000F
:102A3000E9400400F740040005000001C0ED030078
:102A40001F4104009D2304004041040004000001D4
:102A500038B50A4B53F82040013053F82050A542B6
:102A600000D838BD606830B1037EDB0701D409F0BF
:102A700016FE0834F3E723689847FAE70CFB0300D7
:102A800070B52A4B2A4C2B4D86B0012203201A70B8
:102A9000FFF7DEFF01F09CFC0420FFF7D9FF26467C
:102AA000AE4204F130040FD301F028F8204CAC42C0
:102AB00026D301F037F803F046FD1F4A938923F02F
:102AC0000103938106B070BD54F80C3C059354F893
:102AD000103C049354F8143C039354F8183C0293AC
:102AE00054F81C3C019354F8203C009354E90A2309
:102AF00054E90C0100F0FCFD54F8303C5E65CEE773
:102B0000D4E90A23B3F1FF3F08BFB2F1FF3F05D07C
:102B100052EA0301206803D10AF0EAF93034C6E72B
:102B20000649183001F012FAF8E700BFB0AF0020F4
:102B3000A0EA0300D0EA0300686200201FCE030071
:102B400070B5164E164D1749882386B003FB0066F4
:102B500001220023CDE904230F22CDE902320193A3
:102B6000142303FB005504464FF4C07000FB04110E
:102B70000D4B00954FF4A072304600F0B9FD337C48
:102B80000A4AEE6023F0040333744FF4046304FB39
:102B9000033313442C746B6006B070BDE0610020F9
:102BA000049C002000EB002075C80300C0E2002058
:102BB0007FB50020FFF74CFF294B83F30888294C91
:102BC000636943F4007363610025E02384F82230D5
:102BD000E57725766576A57684F82050636A43F418
:102BE000E023636284F82350E4F74EFBE4F79CFC97
:102BF0004FF0FF33A362E362E4F7CCFDE4F714FD8A
:102C0000E3F756F91848194C00F0EAFD0120FFF7E8
:102C10001FFF0220FFF71CFF00F0AEFF144B154909
:102C20005C61154B059301234FF48052CDE90353AA
:102C3000CDE90155114B0095204600F059FD237C4C
:102C4000064623F00403204623740AF0B4F828460D
:102C5000FFF776FF094A31462046E4F747FC00BFFC
:102C600000EB002000ED00E0986300206862002087
:102C7000049C002080EC0020A2410400812A030073
:102C800038B5064C064DAC4201D3002038BDD4E91E
:102C90000112204609F070FD1434F4E7D04D0020F5
:102CA000F84D002030B585B0DDE90845034B0293AF
:102CB000CDE9004509F01EFD05B030BD53680300A5
:102CC00038B5074C074DAC4201D3002038BD204633
:102CD00009F076FD08B91C34F5E76FF01500F5E74B
:102CE000604D0020D04D002073B50C46EFF31181EC
:102CF000202585F31288BFF36F8FC5685DB125600D
:102D00002B68C360836901338361002081F31188DC
:102D1000BFF36F8F11E052EA030603D125606FF015
:102D20000B00F3E7CDE900230246083000F044FE33
:102D300018B9034B9B685B69236002B070BD00BF8C
:102D4000049C0020F7B50D4604469DF82010EFF3D3
:102D50001187202080F31288BFF36F8F266AE06806
:102D6000864240D22668B4421AD0CEB1304609F02D
:102D70008CFD06F118000AF049F954F8082F706923
:102D8000294600250BF0F4FB3046C6F880500AF0C7
:102D900012F8204639460AF068F8284603B0F0BD1C
:102DA000A268A9B1E06929460BF0E2FBE369A268D9
:102DB00013446269E361934201D12369E361236AA9
:102DC00001332362002087F31188BFF36F8FE5E79B
:102DD000A0692369984208BF6069801AA0612946EA
:102DE0000BF0C6FBEBE752EA03010BD007498968F9
:102DF00004F108004D61CDE900233946224600F078
:102E0000DBFDCBE76FF02200DDE700BF049C002074
:102E1000F7B504460846EFF31186202181F31288A6
:102E2000BFF36F8F216A00293BD0A268A1690BF024
:102E30009FFBA369A268256813446269A36193425A
:102E400004BF2369A361236AAC4203F1FF33236209
:102E500036D02846002D34D009F017FD05F11800B2
:102E60000AF0D4F86969A268E0690BF081FBE369B4
:102E7000A26813446269E361934204BF2369E3617A
:102E8000236A0027013323622846C5F8807009F0C1
:102E900092FF04F10800314609F0E7FF384603B01D
:102EA000F0BD52EA030111D00A4989684861CDE9B1
:102EB00000233146224604F1080000F07DFDEEE7D4
:102EC000002086F31188BFF36F8FE8E76FF02200D0
:102ED000F7E700BF049C00202DE9F34104461746A4
:102EE0001E46EFF31188202383F31288BFF36F8F00
:102EF000304BC2689B6872B18068984217D057EA1D
:102F0000060216D188F31188BFF36F8F6FF00F00A0
:102F100002B0BDE8F08193F90E1021610132C4E9DD
:102F2000023288F31188BFF36F8F0020F0E7216928
:102F3000F3E793F90E1090F90E30994230DA994286
:102F4000A8BF194609F0F0FC0546CDE900761A48FD
:102F50002246414600F030FD0028E6D0EFF311860E
:102F6000202383F31288BFF36F8FA068D0B123684A
:102F700021699C420AD04BB193F90E309942A8BF07
:102F800019466FF07F039942B8BF194609F0CCFC8F
:102F900040B10948314609F068FF6FF00A00B7E711
:102FA0000025D2E7002DF4D186F31188BFF36F8F8F
:102FB000F3E700BF049C0020B1AF0020F8B58368A0
:102FC0000546002B40D0234A926893423FD1C36804
:102FD000012B03D9013BC3600020F8BDEFF311873B
:102FE000202383F31288BFF36F8F0169806809F093
:102FF0009BFC2C68A54207D10023C5E9023387F367
:103000001188BFF36F8FE7E7002CF5D0D4E90032C9
:1030100013605A60237C002623F002032374C4E962
:103020000066A66004F1180009F0F0FFAC6094F9A6
:103030000E302B612046C4F8806009F0BCFE0648C3
:10304000394609F012FFC7E76FF01500C5E74FF0EA
:10305000FF30C2E7049C0020B1AF002037B5114615
:10306000EFF31185202282F31288BFF36F8F04687B
:103070009CB12368426823F003039442036008BFB5
:1030800043600121204609F0D3FC044685F31188F2
:10309000BFF36F8F204603B030BD51EA0302F5D075
:1030A00000F10802CDE900131046294600F084FC27
:1030B0000028EFD1014B9B685C69EBE7049C002082
:1030C00070B5EFF31186202383F31288BFF36F8F5F
:1030D0000468A0421BD0D4B1D4E9003213605A6016
:1030E000237C002523F002032374C4E90055A56066
:1030F00004F1180009F08AFF2046C4F8805009F056
:103100005AFE31460748BDE8704009F0AEBED0E92E
:1031100002329A4218BF0133836086F31188BFF3ED
:103120006F8F70BDB1AF002013B5EFF31181202474
:1031300084F31288BFF36F8F846844B1013C8460CC
:1031400081F31188BFF36F8F002002B010BD52EAE7
:10315000030406D181F31188BFF36F8F6FF00F0066
:10316000F3E7CDE900230246014800F025FCECE737
:10317000B1AF002070B50546EFF31186202383F32D
:103180001288BFF36F8F00232C68A54219D0C4B1F9
:10319000D4E9003213605A60227C002322F002023C
:1031A000C4E900332274A36004F1180009F02EFF73
:1031B0006FF00A03C4F88030204609F0FCFD0123BB
:1031C000E2E70022AA6023B986F31188BFF36F8F6C
:1031D00070BD31460248BDE8704009F046BE00BFF0
:1031E000B1AF002007B5074B0093074907484FF0E0
:1031F000FF334FF4006200F06DF9002003B05DF87A
:1032000004FB00BF24FB0300C0FC0020F062002090
:103210002DE9FF41544E04462027EFF3118887F330
:103220001288BFF36F8FD4F88C50F5B9022104F1E6
:10323000A40009F05DFC002870D004F19C05002278
:103240000121284609F074FE0028F8D100230293DA
:103250004FF0FF324FF0FF33CDE90023414604F138
:103260009402424800F0B2FDD7E7D4F890202B68D2
:10327000C4F88C30954208BFC4F89030D4F8A4301C
:1032800043F00203C4F8A430EB6823F0040343F0D6
:103290000103EB606B6888F31188BFF36F8F2846DA
:1032A0009847EFF3118887F31288BFF36F8FEB68AD
:1032B000D80623F001023ED4EA60EB689A0717D5DE
:1032C000306823F00203EB6090B10368002178B10D
:1032D000426895423DD10368002934D17268336059
:1032E000904200D17360002340F8083BFFF7E8FEEE
:1032F000D4F8A43023F00203C4F8A430DB0530D4A2
:10330000D4F88C30003B18BF012388F31188BFF339
:103310006F8F002B81D000F037FC7EE7D4F8A4300B
:10332000D90693D5C4F8A40088F31188BFF36F8F32
:1033300004B0BDE8F08123F01103EB6005F110004B
:10334000FFF7BEFEB9E70B607368984208BF716073
:10335000C9E701461BB11A6818461346B7E71A4673
:10336000FAE70023D1E700BF249C0020B1AF002082
:1033700070B5C368C3F340069B0705460C460DD5E0
:103380000122002104F1080009F0A6FB00232360BC
:10339000054B65605A681AB9C3E90044304670BDF0
:1033A00014605C60FAE700BF249C0020F8B5C36895
:1033B0009A0704460E46C3F3400542D45F0742D441
:1033C0000B680BB983680B60E368D80744BFA36838
:1033D000336037684CBF0225012557B31B4B9A68F1
:1033E000D7F888309A421ED109F0A2FC80F0010083
:1033F000C0B2D7F8A430D907C3F380021CD5F2B10C
:10340000F8B100232360D7F8903073B9C7E923449B
:10341000384609F088FBE36843F00403E36033684F
:10342000A3602846F8BD0020E3E71C60C7F8904081
:10343000EEE76FF0150506E06FF0120503E01B07DD
:10344000DFD56FF00F0500233360EAE7049C00200E
:10345000F8B5C36803F00503002B06460C4614BFFD
:10346000012700271CD085680122002104F11000EB
:1034700009F032FB1349204609F0B6FBE36843F03C
:103480001003E360F3685B0712D5336823606BB900
:10349000D5F8903033B9C5E92344284609F043FBF9
:1034A0003846F8BD1C60C5F89040F6E73460F4E794
:1034B000D5F88C302360D5F89030C5F88C40002BBF
:1034C000EBD1F0E707CB03000146014809F0A8BBA8
:1034D000F0620020F0B589B004460020C4E9230062
:1034E0000E9D04F19400C4E9250004F19C00C4E998
:1034F000270055B32879002840F2011008BF0120A9
:10350000C4F8A40000204FF0FF364FF0FF37CDE99C
:103510000330CDE90100CDE906670D4B009420464C
:1035200000F032F955B1296811B1204609F006FCC6
:103530006B791BB1A38943F00103A381204609F0F5
:10354000D7FCC4F8884009B0F0BD0120D8E700BF1F
:103550001132030037B501900846EFF311842021A2
:1035600081F31288BFF36F8FC16811F01E0F16D15F
:1035700053EA020508D101A9FFF718FF84F3118867
:10358000BFF36F8F03B030BD41F00801C1600199F6
:1035900081620449103000F0D9FC0120EEE70020E0
:1035A000ECE700BF9BCB030001460148FFF7D2BF09
:1035B000F0620020F7B50C46019016461D46EFF369
:1035C0001187202383F31288BFF36F8F084609F019
:1035D0009BFA55EA060309D101A92046FFF7E6FE4A
:1035E00087F31188BFF36F8F03B0F0BDE36807491D
:1035F00043F00803E360019BA36232462B4604F1CB
:10360000100000F0A3FC0120EAE700BF9BCB030001
:1036100001460148FFF7CEBFF06200202DE9F041DE
:103620000546EFF31187202383F31288BFF36F8FD2
:103630000468A0421CD0DCB1204609F06CFB04F108
:10364000180009F0E3FC0026B046C4F8808020464C
:1036500009F0B1FB2C68A54206F1010610D07CB13F
:10366000204609F058FB04F1180009F0CFFCECE704
:1036700087F31188BFF36F8F00263046BDE8F081D5
:103680000248394609F0F1FBF7E700BFB1AF00206F
:103690002DE9F3411C4652EA040307460D4616463F
:1036A00008D10846FFF78AFC6FF00A04204602B0F2
:1036B000BDE8F081EFF31188202383F31288BFF374
:1036C0006F8F0846FFF77AFCCDE9006407483A4659
:1036D000414600F071F904460028E7D14FF0FF326F
:1036E0004FF0FF332846FFF7F7FBDFE7B1AF0020CD
:1036F0002DE9F043073285B022F007020E461F463F
:103700001099818100F158037F32C0E916330446D5
:10371000002322F03F020421836001743F2A0F98A6
:10372000A073C4E90633E37306F14009A2F140082F
:1037300005D883F31188BFF36F8F084602DFB518F1
:1037400029462046E3F754FB07300E9B20F0070084
:103750002067C4E91A9802930D9B01932D1A0C9BC4
:1037600000932A463B4631462046E3F78DFE002370
:103770006365044B9B6803B15B6F6367284605B0C4
:10378000BDE8F083049C0020F0B587B000250595C6
:10379000109D04950F9D03950E9D0295DDE912760F
:1037A0000D9D01950C9D00950446FFF7A1FFB6F114
:1037B000FF3F08BFB7F1FF3F05D056EA070305D129
:1037C000204609F095FB204607B0F0BD3A46334647
:1037D00004F11800014900F0B9FBF4E71FCE030023
:1037E000012310B5037483810023C0E91A33044612
:1037F00000F0E0FD014B9C6010BD00BF049C002068
:103800000A4A93686FF00A01C3F880100849D86724
:103810004B6843F080534B60002383F31188BFF360
:103820006F8F9368D3F88000704700BF049C00201E
:1038300000ED00E070B590F91020037C002A2FDB2A
:10384000D9062DD11A4C63F07F032246037452F837
:10385000183FE169934207D1C0E900210860E061A7
:103860000FE09942F8D01B68002BF5D093F90E6059
:1038700090F90E50AE42F4DD5968C0E9003108609D
:103880005860A569954200D005B9E568A3681A7C1F
:10389000D20606D1DA897F2A03D9AA690AB96361F7
:1038A00070BDAB4202D0284600F0D2FA6561F7E75E
:1038B000049C002038B590F91020037C002A0146B2
:1038C00004DA03F07F03037409F03DFA0D4D2A4634
:1038D000AB6852F8184F944200D004B9EC688B42A0
:1038E00007D01A7CD20604D1DA897F2A01D9A269CD
:1038F0002AB1A34202D0204600F0AAFA23466B6107
:1039000038BD00BF049C0020B3F1FF3F08BFB2F1F7
:10391000FF3F03D00249183000F018BB704700BFCA
:103920001FCE0300034648B9EFF3058232B9064AB9
:1039300051699268914201D0FFF762BF83F3118809
:10394000BFF36F8F704700BF049C002038B5184C40
:10395000A168E0690B68814214BF1A4600224968D9
:103960000B605960A368E1692AB9124AC3E90021D2
:103970000B60E3610AE092F90E5093F90E00854264
:1039800012DD5168C3E900210B605360A569094B42
:103990009D4200D005B9E568A3689D4202D0284643
:1039A00000F056FA656138BD8A42DED01268DBE766
:1039B000049C00201C9C0020F8B50E4B0C461146C0
:1039C0000D4A98681060DDE90667EFF31182202246
:1039D00082F31288BFF36F8F9D68284609F0C5F9FE
:1039E000284632463B46FFF78FFF2046BDE8F840A9
:1039F000FFF706BF049C00202C9C0020F8B504466D
:103A0000EFF31187202383F31288BFF36F8F037CBA
:103A100003F01F02002A0CBF0126002649B235D14F
:103A200003F07F03037409F08EF9294D037C817341
:103A300063F07F032A46037452F8183FE869934203
:103A400007D1C4E900200460EC610DE09842F8D091
:103A50001B68002BF5D093F90EC08C45F6DD596834
:103A6000C4E900310C605C60AC69944200D004B9D8
:103A7000EC68AB689C4202D0204600F0E9F96C612A
:103A800087F31188BFF36F8F3046F8BD9B071CD5B5
:103A9000856809F058F981732B689D4209D16B68DC
:103AA000C4E900531C606C60EAE76A689A42F6D089
:103AB0001B68002BF3D093F90E208A42F5DD5A687B
:103AC000C4E9003214605C60DAE78173D8E700BFB4
:103AD000049C0020034648B9EFF3058232B9064A38
:103AE00051699268914201D0FFF78ABE83F3118831
:103AF000BFF36F8F704700BF049C0020EFF311816C
:103B0000202383F31288BFF36F8F054B9A68D37B12
:103B1000013BD37381F31188BFF36F8F704700BFF0
:103B2000049C002070B5EFF31186202383F31288E4
:103B3000BFF36F8F0F4DAB68DA7B0132DA732A4621
:103B400052F8184F944200D004B9EC681A7CD2069F
:103B500004D1DA897F2A01D9A2692AB19C4202D014
:103B6000204600F075F923466B613046BDE8704091
:103B7000FFF7D8BE049C0020024B03F11802C3E9F2
:103B800006227047049C002070B5EFF311862023B5
:103B900083F31288BFF36F8F1A4CA168E0690B683A
:103BA000814214BF1A46002249680B605960A3681D
:103BB000E1692AB9144AC3E900210B60E3610AE014
:103BC00092F90E5093F90E00854216DD5168C3E953
:103BD00000210B605360A5690B4B9D4200D005B9D5
:103BE000E568A3689D4202D0284600F031F965617E
:103BF0003046BDE87040FFF703BE8A42DAD0126853
:103C0000D7E700BF049C00201C9C0020F8B550EAB8
:103C1000010306460C4603D1FFF7B6FF0020F8BDAE
:103C2000EFF31187202383F31288BFF36F8F124DB8
:103C3000124BA8681860FFF73DFEA868104923469C
:103C40003246183000F082F9AA68137C43F004036E
:103C5000137404463846FFF7D3FDAB68D3E90A2353
:103C6000B3F1004F08BF002AD8D109F004FA201A96
:103C700020EAE070D3E700BF049C00202C9C0020C9
:103C80001FCE0300014B9868704700BF049C0020C2
:103C90002DE9F84304468789EFF31186202383F347
:103CA0001288BFF36F8F037C190705D586F311883F
:103CB000BFF36F8FBDE8F883D90943F008026FD1D5
:103CC0000274A36813B1204609F045F804F1180006
:103CD00009F09CF9A56D04F15808A84511D04FF0E2
:103CE000000975B1284609F036F805F1180009F009
:103CF0008DF9C5F880902846FFF79CFDA56DA84575
:103D0000EFD1DFF8BC80D8F808309C4250D1EFF3F7
:103D10000589B9F1000918BF4FF00109D8F818500A
:103D2000284A954200D00DB9D8F80C50AB4202D0C9
:103D3000284600F08DF82046C8F8145004F070F9B9
:103D4000B9F1000F02D02048FFF74AFDD8F808303B
:103D50009C4230D1EFF305836BBBA289D20711D50A
:103D600086F31188BFF36F8F83F31188BFF36F8FD2
:103D70000423184602DFEFF31186202383F3128811
:103D8000BFF36F8F3046FFF73BFDFB0792D5002353
:103D900083F31188BFF36F8F0423184602DF89E78E
:103DA00003F07F0343F00803037408F0CCFF88E7B7
:103DB0004FF00009B2E786F31188BFF36F8FE4E795
:103DC000049C00201C9C002098630020D3B5DDE9F2
:103DD0000667089CCDE90067FFF7EEFD1CB1034BB9
:103DE0009B685B69236002B0D0BD00BF049C0020CB
:103DF000027C12F01F02034610D10A4988420DD0FE
:103E00000949086868B1D9897F2909D893F90E2032
:103E1000064B1B689A42B8BF0020704700207047CD
:103E200010467047E0610020984C0020309C002034
:103E3000044BC01A044BC0105843044B01221A54BF
:103E4000704700BF20640020ABAAAAAAB1AF00202F
:103E500070B50C4B0C4D1E7CFFF7CAFF182303FBFB
:103E600006550446284609F0D1F8084B00229A5519
:103E70003CB1621E28460649BDE87040D31700F0E9
:103E800065B870BD049C002020640020B1AF002004
:103E9000313E030038B5EFF31185202383F31288F8
:103EA000BFF36F8F0F4B104A9C681068A04206D179
:103EB000FFF7CEFF85F31188BFF36F8F38BD002168
:103EC0001B7C1160094AD35C002BF3D02046FFF71E
:103ED0008FFF0028EED0237CDB0601D1FFF736FDF3
:103EE0002046E5E7049C00202C9C0020B1AF002078
:103EF000024B1868984208BF002070479C4C002075
:103F0000034B1B680BB9FDF725BF0020704700BFAE
:103F1000349C002030B570B10B4B5B6898420AD0DE
:103F2000036843B1D3E90421D0E90445121941EBF8
:103F30000501C3E90421D0E9003213605A6000236F
:103F4000C0E9003330BD00BF9C4C0020B3F1FF3FFF
:103F500008BFB2F1FF3F2DE9F84F044699461546D8
:103F60001F467AD08160EFF31188202383F31288F3
:103F7000BFF36F8FB9F1000FDFF8E4A020DBFFF78C
:103F8000BFFFDAE90027013549F100092D1849EB97
:103F9000E073C4E90453AD18064643EB07074FF03E
:103FA0000109FFF7A5FFDFF8BCE0DEF804A0034637
:103FB000EBB9C4E900EACAF80040CEF8044028E0B2
:103FC000DAE900126FF001035B1A4FF0FF3161EB89
:103FD00002025B1B62EB0902012B72F10001BCBF04
:103FE00001230022C0E904324FF00009D9E7D3E9E8
:103FF000041CD4E904208A4270EB0C0B24DA891AE1
:104000005A686CEB0000C3E90410C4E90032146084
:104010005C60FFF76DFF84420ED1134B1B685BB9E8
:10402000B9F1000F02D1FFF76BFF0646304608F0EA
:10403000D6FF0021FDF760FE88F31188BFF36F8F74
:1040400028463946BDE8F88F521A60EB0C005345FC
:10405000C4E90420ADD01B68AAE700252F46EFE78E
:10406000386400209C4C0020349C00202DE9F0474F
:10407000DFF8A890DFF8A880C9F800000246FFF733
:1040800037FF0D4600260027D8E900134FEAE27EED
:1040900050B1D0E9044CA2427EEB0C0A1BDAA41A00
:1040A0006CEB0E06C0E9044652184FF0000443EBD7
:1040B0000E032046C8E90023C9F8004008F08FFF2E
:1040C0002146FDF719FE85F31188BFF36F8FBDE818
:1040D000F047FFF7DFBE611843EBE473C0E9046704
:1040E000C8E90013FFF716FF01224FF00043C0E9B3
:1040F000042385F31188BFF36F8F83689847EFF32C
:104100001185202383F31288BFF36F8FD9F8002025
:10411000121BC9F80020FFF7EBFEB5E7349C002026
:104120003864002010B5EFF31184202383F3128844
:10413000BFF36F8FFFF7E4FE054A0346D2E90001A3
:10414000181841EBE37184F31188BFF36F8F10BD32
:1041500038640020F8B50446EFF31187202383F379
:104160001288BFF36F8FD0E90423B3F1004F08BF6B
:10417000012A04D087F31188BFF36F8FF8BDD0E90F
:104180000A566A1C46F10003022A73F1000334D375
:10419000013D46F1FF36002EBCBF00252E4608F03B
:1041A0006EFF013041F10001401946EB0101012889
:1041B00071F1000148DB08F062FF013041F10001BC
:1041C0006FF00203401946EB010183426FF0004398
:1041D0008B413EDB08F053FF013041F100016FF0ED
:1041E0000102401946EB0103121A4FF0FF3161EB57
:1041F00003031A492046FFF7A9FE236B013323630B
:10420000236A63B187F31188BFF36F8F2046984705
:10421000EFF31187202383F31288BFF36F8F54F8D5
:10422000185FA542A6D0002DA4D0284608F0D2FDE4
:104230000023C5F8803087F31188BFF36F8F2846BD
:10424000BDE8F84008F0B7BD6FF001024FF0FF3352
:10425000CFE700224FF00043CBE700BF55410300FA
:104260002DE9F04105461C4690461F46EFF31186A6
:10427000202383F31288BFF36F8FB4F1FF3F08BF91
:10428000B2F1FF3F05D186F31188BFF36F8FBDE810
:10429000F081002C09DB012A74F10003BCBF01226C
:1042A000002412F1FF3844F1FF37284608F0AEFE33
:1042B000DDE906010023C5E90A012B6342463B46BE
:1042C00028460249FFF742FEDDE700BF55410300E3
:1042D00070B50546EFF31184202686F31288BFF3EC
:1042E0006F8F08F093FE20B184F31188BFF36F8FB6
:1042F00070BD6B6A63B184F31188BFF36F8F6B6A13
:1043000028469847EFF3118486F31288BFF36F8F26
:1043100005F1180008F093FD0028E5D008F04BFDEA
:1043200021460248BDE8704008F09FBDB2AF0020B2
:1043300073B50446EFF31186202383F31288BFF38D
:104340006F8F8368594003EA02050A405340009387
:1043500000226B460849019208F00DFEDDE90032AB
:1043600023EA020304F10C00A360314608F07DFD4E
:10437000284602B070BD00BFADD103002DE9F04169
:1043800005460E46174608F0D3FC28B9074B9B6834
:104390005C6F14B9BDE8F081054C3B4632462946B6
:1043A0002046BDE8F04108F02ABF00BF049C002071
:1043B000D04D0020014B4367704700BFD04D002017
:1043C0000146024A0020FFF7D9BF00BF4D68030035
:1043D000014802F042BB00BFB3410400054B5A78CC
:1043E000022A04D11878C31F584258417047002050
:1043F000704700BF389C00200E4B0340B3F1607F34
:1044000006D1B1F5885F0CBF00206FF086007047C1
:10441000B3F1707F0BD101F4E043B3F5005F06D137
:1044200011F4E06F14BF00206FF0860070476FF04A
:10443000860070470000C07F8A42F8B506460D46E8
:1044400000F0D2806C4B22F4FF7121F001019942FF
:1044500022F0FF070FD003F588539F420BD022F4C0
:104460007F7121F00301A3F57063994203D003F536
:10447000A0639F4227D1604B25F4FF7121F0010119
:10448000994210D05D4925F0FF038B420BD025F4F3
:104490007F7020F00300A1F57061884203D001F520
:1044A000A0618B420FD115F0FF000BD0544B40F0B0
:1044B0000070984240F09A8082EA0500FF288CBF85
:1044C00000200120F8BD05F0FE43B3F1A06F11D12B
:1044D00002F0FE43B3F1A06F71D182EA050333F419
:1044E0007E136CD12C046AD5C5F30540C2F3054296
:1044F0009042E4E7B3F1407F61D102F0FE43B3F1B3
:10450000407F5CD182EA050030F47E1457D13146F9
:104510002846FFF771FF002868D13A4912F47C1051
:1045200001EA020116D0B1F1607FC2F3054335D133
:10453000D1B241F0007101F17E410339102901D857
:10454000314C645C15F47C1F2ED19C4214BF0020BA
:104550000120B7E7B1F1607F0AD1D3B243F0007315
:1045600003F17E43033B102B44D82849CB5CDFE7A3
:10457000B1F1707F16D106F4E043B3F5005F37D197
:10458000C6F3022101238B4006F4E041B1F5005F40
:10459000D8D1C6F302260124B440D3E7B1F1707F2D
:1045A000D0D1F1E70346CDE718B9C5F30541A142E3
:1045B0001AD0290403D5C5F3054098427FE725F4B6
:1045C0007F03B3F1106F0AD102F0FE43B3F1106F15
:1045D0000CD10F48104040F01060A842B6E70D4BD8
:1045E0009D4203D1AF42B1E701206BE7002069E7AC
:1045F0000346C9E703469BE70002000600130006D6
:10460000FF0000020000C07FDA430400DA43040028
:104610000000FFF60001000A37B505460C46FFF71B
:10462000DDFE78B1002301930A46084801AB294614
:10463000FEF790F820B9019BA34218BF6FF09300DA
:1046400003B030BD6FF08800FAE700BF3C9C00204B
:10465000F0B50446084624F47F01B1F1106F87B02D
:1046600026D145682D0A00F1200121D1068806F4E3
:104670004F45B5F5824F1BD10F4D104F254045F0EA
:104680001065BD4214D1F6B2122E11D14588B5F590
:10469000807F0DD10E9D04950D9D03950C9D00927C
:1046A000CDE901352346426E09F0A9FB07B0F0BD04
:1046B0006FF08500FAE700BF0000FFF60000020976
:1046C0002DE9F843884617461C4600F0D5F9054603
:1046D000002844D1D8F80060B6F8009009F4E0430F
:1046E000B3F5804FB36808BF27F0010737EA03032B
:1046F0002DD1A4B3244B24F4FF7222F001029A427C
:1047000010D0224A24F0FF0393420BD024F47F718F
:1047100021F00301A2F57062914203D002F5A0627C
:1047200093421FD114F0FF0304D0194A43F00073E1
:1047300093421ED0F16822464846FFF77DFE0746A9
:1047400068B9316922464846FFF776FED0B96FF066
:1047500084050023C8F80030304609F04AFA28469C
:10476000BDE8F88304F0FE43B3F1407F04D1230495
:10477000E0D56FF08605ECE7B3F1A06FF7D0044BFE
:104780009C42D6E73D46EAE7000200060013000619
:10479000FF00000238B500F0FE43B3F1407F04464D
:1047A0000D4602D06FF0860038BDFFF725FE0028C9
:1047B000F8D114F47C1F18D0C4F30543032B1370F5
:1047C00022D9224A2240B2F1607F31D1E4B244F0D2
:1047D000007404F17E44033C102CE3D81C4A125DA3
:1047E0009342DFD8202BDFD90EE0184B2340B3F1E2
:1047F000607F0FD1E3B243F0007303F17E43033BCC
:10480000102B04D9002313706FF08500CCE71149F9
:10481000CB5CD3E7B3F1707FF4D101F4E043B3F59F
:10482000005FEFD1C1F3022101238B40DBB2C5E76A
:10483000B2F1707FB6D105F4E042B2F5005FB1D1BC
:10484000C5F302250122AA40CAE700BF0000C07FCD
:10485000DA430400DA43040007B5002300911A4646
:10486000024909F0E7F803B05DF804FB30FB0300F0
:1048700010B5114C2378580744BF03F0FB03237095
:10488000990705D500F096F8237823F002032370EA
:1048900063781BB1094A0023636053600023074813
:1048A0006370082100F0F8FB2378DA0744BF23F097
:1048B0000103237010BD00BF389C00203C9C0020E9
:1048C00038B5FFF78BFDD8B9124C2378DA075CBFF7
:1048D00043F0010323709D0707D400F063F82378A9
:1048E00043F002032370054688B9627832B9D907CC
:1048F00004D5094962604A6002226270580702D5F5
:104900000025284638BD43F004032370F8E7FFF77D
:10491000AFFFF6E7389C00203C9C002000F14042AD
:104920000F2A30B50CD81E4B682404FB02331A7EC4
:10493000022A02D15A69824226D06FF08B001CE015
:10494000421E6FF040439A420ED2154A002413468D
:10495000157E022D02D15569854212D00134102CEA
:1049600002F16802F4D1E8E700F1004303F5803377
:10497000B3F5704FE9D36FF0870030BD6FF096004C
:10498000FBE7682202FB04331A7E022AF6D1DA69B9
:10499000501CF3D00132DA6100200B60EDE700BF5C
:1049A000449C0020024B012283F88026002070479F
:1049B000449C00202DE9F0410A4C002526464FF08A
:1049C00001080327C4F81C8027762046013508F02B
:1049D00092FD102D04F16804F4D1002386F880368E
:1049E000BDE8F081449C0020F8B5214D95F8803653
:1049F00006460F46002B34D000242B462246197E53
:104A0000F9B13CB9022905D1D96919B91979002937
:104A100018BF1C460132102A03F16803EFD114B904
:104A20006FF08C000BE0237E022B04D1E3695A1C4B
:104A30001CBF0133E361204608F05DFD10B1002486
:104A40000DE01C46237E7BB90123237636B1094B4A
:104A5000651BED105D4305F18045356000203C602D
:104A6000F8BD6FF08800EAE76FF09600E7E700BF57
:104A7000449C0020C54EECC438B5094B00250D60A0
:104A800093F8803643B1FFF749FF10F18C0F02D144
:104A90000D606FF0870038BD6FF08800FBE700BF46
:104AA000449C002010B500F0FE44B4F1A06F07D084
:104AB000B4F1806F01D0094C00E0094CA04202D053
:104AC0006FF0850010BD0120B1F5105F1070F7D1B7
:104AD0000BB90020F6E702221A70FAE70002C003C1
:104AE000004440047FB5036816460E4A23F47E1343
:104AF00093420D4613D16946043009F058FC044630
:104B000020B932466946284609F032FD6846102130
:104B100000F0C2FA204608F04CFC04B070BD6FF003
:104B20008800FAE70002C00310B5036804464BB1E1
:104B3000094A23F47E13934206D1043000F0D6FADA
:104B400000232360002010BD4022002109F037FD22
:104B50006FF08800F7E700BF0002C0032DE9F843BB
:104B6000D0F8009005460E461746B9F1000F30D137
:104B700023F47E140360184B9C420FD100F104080B
:104B8000404609F04AFB318872884B46204609F0BE
:104B900060F8014658B96FF0850416E04022494696
:104BA00009F00DFD6FF085042046BDE8F88340460E
:104BB00000F0B8FA20B972883946404609F04CFB3B
:104BC00008F0F7FB04460028EED02846FFF7ACFFBC
:104BD000EAE76FF08804E7E70002C00310B5036856
:104BE0005BB1074C23F47E13A34206D1043009F0D5
:104BF00059FBBDE8104008F0DCBB6FF0880010BD29
:104C00000002C003043004289ABF034B33F910009C
:104C10006FF08300704700BF06050400014B09F0E8
:104C2000C9B900BFD8FB030070B5144688B006466A
:104C30000D46204621460C4A09F01AFA2246214622
:104C40006846FFF7EBFF6A4631463046FFF7E6FF5E
:104C5000224669466846FFF7E1FF6A46294628462C
:104C6000FFF7DCFF08B070BDD8FB030030B5044689
:104C700089B009F064F90C4A2146684609F0F7F852
:104C800001210546684609F0D6F86A46214668467D
:104C900009F0EDF82DB1003818BF0120404209B0ED
:104CA00030BD4FF0FF30FAE794FB030030B589B018
:104CB000044609F0DCF821460546054A684609F035
:104CC000C0F82A466946204609F0E8F809B030BD28
:104CD000D8FB030070B5044690B00D461146164649
:104CE00009F02DF9234A214608A809F0C0F8012847
:104CF00003D04FF0FF3010B070BD1146204609F0D0
:104D000096F906F12001284609F019F9194A2946B1
:104D100008A809F0ACF80128EBD11146284609F0A3
:104D200086F92A4629466846FFF778FF224621463B
:104D300008A8FFF773FF08A922460846FFF76EFF91
:104D400008A922460846FFF7B1FF08A922460846EF
:104D5000FFF7ACFF08A922460846FFF7A7FF08A9FE
:104D60000846044B044A09F010F908A9684609F0FE
:104D7000A6F8C0E7D8FB030074FB030070B598B039
:104D800004460D4608A811461646FFF747FF344B68
:104D900008AA2146684609F0F8F808AA214610A892
:104DA000FFF784FF10AA694608A8FFF737FF08AA93
:104DB000114668462A4B09F0E8F8294B08AA6946CB
:104DC000684609F0E2F82A46294610A8FFF726FFB0
:104DD00010AA234B1146104609F0D7F810AA214615
:104DE00008A8FFF71BFF08AA1D4B1146104609F043
:104DF000CCF810AA11461046FFF710FF10AA184B66
:104E00001146104609F0C1F86A4669462046FFF788
:104E100005FF08AA21462046FFF748FF08AA2146B9
:104E20002046FFF743FF324629463046FFF7F6FE9D
:104E30000B4B32463146304609F0A7F8224608A906
:104E40002846FFF733FF6A4629462846FFF7E6FE65
:104E500010AA29462846FFF729FF18B070BD00BFE9
:104E6000D8FB03002DE9F04FA3B00C462C9E31492E
:104E70000546924602A83246994608F0F8FFD6F851
:104E800000B031460BF0010202A80DF1480809F00C
:104E900005F80021404608F0CEFF4A4641460AA8E0
:104EA000FFF704FF01225146284608F0F7FF0122D0
:104EB0004946204608F0F2FF1F4A01211AA809F0CE
:104EC000CCF86FEA0B0202F001020AA9204608F0B2
:104ED000E5FFFF277B0922AA02EB830307F01F02ED
:104EE00053F8806CD64086EA0B06F24302F00102CA
:104EF0004946404608F0D2FF06F001020AA94046A2
:104F000008F0CCFF1AAA21462846FFF737FFCDF854
:104F1000008053461AAA2146284609F0EBF8013FC3
:104F2000D8D11AAA21462846FFF77EFE23B0BDE855
:104F3000F08F00BF94FB0300D8FB03002DE9F7437B
:104F400006460D46174698464FF004092021304684
:104F500009F031F980B931462846FFF787FE04464B
:104F600038B9084B084A009541463846FFF77AFFA2
:104F700004E0B9F10109E9D14FF0FF34204603B054
:104F8000BDE8F08334FB030054FB030030B599B057
:104F90000D4610AB694608AAFFF7D0FF2021044652
:104FA000684600F079F86CB9084A08A9284609F063
:104FB0008FF8064A10A905F1200009F089F820466B
:104FC00019B030BD4FF0FF34F9E700BFD8FB030044
:104FD00070B5AAB002AD064628461446FFF746FE55
:104FE000C8B9224612A90AA8FFF774FE0446A8B958
:104FF0000AAA22A91AA8009512ABFFF733FF094AA3
:105000001AA9304609F064F82846202100F044F837
:1050100020462AB070BD6FF00204F5E76FF001047E
:10502000F2E700BFD8FB030070B59AB002AE0546A8
:105030003046FFF71BFE0446C0B90E4B0E4A0096E1
:1050400012A90AA8FFF70EFF2021304600F024F82D
:105050000A4A0AA9284609F03BF8084A12A905F1AC
:10506000200009F035F820461AB070BD6FF0020438
:10507000F9E700BF34FB030054FB0300D8FB030037
:10508000014B1B68184700BFA84C0020014B1B6850
:10509000184700BFA44C002010B50A46044619B1B9
:1050A000024B00211B68984710BD00BF1CFC030089
:1050B000F0B50C4B0C4E0446586800B9F0BDC579EC
:1050C000C5F3840556F825502D78A54208D14579B9
:1050D00005F00F07B1EB871F02D1B2EB151FEDD022
:1050E0000833E9E724FC030020FC030010B5044664
:1050F000A8B1806B10B1242109F085F8606B40B134
:105100002368074ADB79C3F3840352F823305B69D1
:10511000984720463C21BDE81040FFF7BDBF10BDB9
:1051200020FC030038B505460C46A9B13C220021FD
:1051300009F045FAE3790A4AC3F3840352F82330AD
:105140001B6913B92C60002038BD9847686300289C
:10515000F8D16FF08C00F7E76FF08600F4E700BF3E
:1051600020FC030070B4DCB2012C25D804681CB309
:10517000E57905F00305012D05D8657905F00F05E2
:10518000B2EB851F18D142600372E5790C4E406B7B
:10519000C5F38405012B56F8255008D0637903F038
:1051A000F004302C03D003F0E003402B02D1AB68B5
:1051B00070BC1847EB68FBE76FF0860070BC704767
:1051C00020FC0300F0B40468049F1CB96FF0860053
:1051D000F0BC704700243C6006683EB3347914F09C
:1051E0001F0423D0767906F0F006102E11D1A242CA
:1051F0001ED13A6002680F4CD279C2F3840254F88F
:10520000222054680A46A44690F90810406BF0BC6E
:105210006047994208D1C369002BD7D1B2FBF4F3A0
:1052200004FB1322002AD1D10348D1E70348CFE77A
:105230000348CDE720FC0300809FFFFF809CFFFF19
:10524000809DFFFF70B50C230024CD5822462EBA56
:1052500042EA460212BAC250043B1A1DC5F3C014FA
:10526000F3D1084B1A680B7882EAD31253085B42D9
:1052700052421343DB17C27B03F087035340C373CF
:10528000002070BDC8A20020C02AF0B544D0B2F5FD
:10529000807F43D0802A40F0BA800A23036003460F
:1052A0000024520943F8044F01EB820251F8044BE9
:1052B00043F8044F8A42F9D103680C2B30D00E2BEF
:1052C0005ED00A2B26D1534D534900F1A006426906
:1052D00055F8044B8768C2F307237C40CB5C6340DE
:1052E000140E10300C5D83EA0443D4B20C5D83EAE3
:1052F0000463C2F307440C5D83EA042350F8044CB2
:10530000836063400468C36063405A400361426144
:105310008642DCD10020F0BD0C23BFE70E23BDE7A1
:105320003C4C3D4900F1C005C26954F8046B8768E4
:10533000C2F307237E40CB5C7340160E18308E5D9F
:1053400083EA0643D6B28E5D83EA0663C2F307465C
:105350008E5D83EA062350F80C6C8360734050F82E
:10536000086CC360734050F8046C036173400668B6
:10537000436173405A408361C2618542D4D1C9E719
:10538000244D254900F1E006446A55F8042B87684E
:10539000C4F307237A40CB5C87695340220E203048
:1053A0008A5C83EA0243E2B28A5C83EA0263C4F362
:1053B00007428A5C83EA022350F8142C836053402E
:1053C00050F8102CC360534050F80C2C036153402C
:1053D000DAB243618A5C7A401F0ECF5D82EA0762CF
:1053E000C3F30727C3F30743CF5DCB5C82EA0722F1
:1053F00082EA034350F8042C836153400268C3617E
:1054000053405C40036244628642BDD182E76FF044
:105410001F0080E774FC0300EB4404002DE9F04F0B
:10542000C9B002AD044628460E46174609F095F865
:105430000023314663603A462846FFF725FF0646BB
:10544000002835D1029F039B3448DFF8D4C0276081
:1054500004A903EB870301EB830251F82330A36017
:105460005368E36093682361D368636104F1180EA5
:10547000103A7B1E984671469146B8F1000F20DC29
:10548000002F4FEA0313C8BF1C46C3F10003D8BF67
:10549000002302EB0300D8BF00240EEB0401D35815
:1054A0004EF8043043684B6083688B60C368CB6000
:1054B00002A84FF48C71FFF7EFFD304649B0BDE80C
:1054C000F08F01F11004A9F1040B01945BF8044F73
:1054D000250E1CF8055050F825A0E5B21CF8055023
:1054E00050F8255085EA3A2AC4F30725C4F3074447
:1054F0001CF805501CF8044050F8255050F8244082
:105500008AEA356585EA344541F8045B019CA1428D
:10551000DCD108F1FF38A9F11009AEE79CFC0300CB
:10552000EB4404002DE9F04F012993B08C469E46D0
:1055300000F274834368176856689568D46850F819
:10554000082B4FEA6208990008F1FF38BCF1000F00
:1055500040F0BC81421850F8233087EA030A5368B0
:105560007340029393686B400393D3686340DDE913
:10557000020404931E46D34B3032554652E9069B33
:10558000CDF814B052F810BCCDF818B052F80CBCDD
:10559000CDF81CB052E9081752F808BCCDF820B07D
:1055A000B8F1000F52F804BCCDF824B002F120028B
:1055B00000F3CA80BCF1000F03D1DDE90204049EB0
:1055C00055465FFA85FC020E53F82CC053F8222092
:1055D00081EA0C0181EA3221C6F307225FFA80FCDE
:1055E00053F8222053F82CC081EA3261C4F30742F9
:1055F00087EA0C0753F8222081EA3241220E5FFA33
:1056000084FC53F8222053F82CC00E9187EA3227ED
:10561000C5F3072289EA0C0953F8222087EA32678A
:10562000C6F30742C4F3072453F8222053F824405A
:1056300087EA3247320EF6B253F8222053F826603A
:105640000F9789EA3229C0F30722C0F3074053F8C5
:10565000222053F8200089EA3269C5F307422D0E53
:1056600053F8222053F82550974B89EA3248059A7F
:10567000CDF84080724082EA352585EA346484EAB8
:1056800030403C0E069A1D5D1190CCB21C5D54401A
:1056900084EA0564C0F30725079A5D5D84EA052462
:1056A000C8F307455D5D84EA05444FEA18650A942E
:1056B0005E5DFDB25D5D554085EA0665C1F3072676
:1056C0009E5D85EA0625C0F307469E5D85EA064590
:1056D000060E0B9513F806C0089ACEF800405FFA44
:1056E00088F6C0B29E5D564086EA0C66C7F3072C6A
:1056F000099A13F80CC086EA0C26C1F3074C090E70
:1057000013F80CC086EA0C4613F801C0195C0C961D
:105710005140C8F30722C7F307479A5CDB5D81EA73
:105720000C6181EA022282EA03430D930AA8CEF8B3
:105730000450CEF80860CEF80C302021FFF7ACFC06
:10574000002013B0BDE8F08F4FEA106C08F1FF386D
:1057500053F82CB05FFA85FC53F82CC081EA0C0C8E
:10576000C6F307218CEA3B2C53F821108CEA316CEC
:10577000C4F3074153F821108CEA314C210E53F841
:1057800021B0C1B253F821107940C5F3072781EA4F
:105790003B2153F8277081EA3761C6F3074753F876
:1057A000277081EA3741370EF6B253F827B00191DE
:1057B000E7B253F8266053F82770059989EA07077E
:1057C000C0F3072987EA3B2753F8299087EA39690C
:1057D000C5F307472D0EC4F3072453F8255053F89B
:1057E000244053F82770C0F30740714053F820005D
:1057F00081EA3526019986EA34665FFA8CF486EAF6
:105800003046080E53F82450069953F8200069409A
:1058100081EA3025C6F3072089EA374753F820008C
:10582000079985EA3065C7F3074053F8200085EAF9
:105830003045380E53F820409DF8040053F82000FE
:10584000414081EA3420CCF3072453F8244080EA15
:105850003460C6F3074453F8244080EA3440340EE1
:10586000F6B253F82490FCB2C7F3072753F824404C
:10587000089953F8266053F82770614081EA39246B
:105880000199C1F30729099953F8299084EA3964E9
:10589000CCF307494FEA1C6C714053F82CC053F805
:1058A000299081EA3C260199C1F3074186EA3766CF
:1058B00053F8211084EA394486EA31464FF0010C4E
:1058C0005CE600BF9CFC0300EB43040050F823306F
:1058D000D44A01447B4002934B68734003938B6826
:1058E0006B400493CB68DDE903056340029C05939C
:1058F00030311E464FF0000C51F810BCCDF818B0F6
:1059000051F80CBCCDF81CB051E9083751F808BC6F
:10591000CDF820B051E906A9B8F1000F51F804BC48
:10592000CDF824B001F1200100F3BA80BCF1000FE2
:1059300003D1DDE90305059E029C5FFA84FC310E6C
:1059400052F82CC052F8211083EA0C0383EA312369
:10595000C0F307215FFA80FC52F8211052F82CC0E6
:1059600083EA3163C5F3074187EA0C0752F8211037
:1059700083EA3143210E0E9352F8211087EA312732
:10598000C5F3072152F8211087EA3167C6F30741B2
:1059900052F8211087EA3147E9B22D0E52F8211052
:1059A00052F825500F978AEA010C010EC0F3074008
:1059B00052F8211052F820008CEA312CC6F307214E
:1059C000F6B252F8211052F826608CEA316CC4F31A
:1059D0000741C4F3072489EA060652F8244052F826
:1059E0002110914A86EA352585EA346484EA3040FC
:1059F000040E069E155D1190DCB28CEA3141145DF7
:105A00001091744084EA0564C7F30725555D84EA64
:105A10000524C1F30745555D84EA05481D0E079C22
:105A2000565DCDF82880FDB2555D654085EA066576
:105A3000C1F30726965D85EA0625C0F30746965D05
:105A400085EA06453E0E0B9512F806C0089CCEF876
:105A50000080CEB2090E965D664086EA0C66C0F301
:105A6000072CC0B212F80CC086EA0C26C3F3074C10
:105A7000C3F3072312F80CC0D35C86EA0C4612F875
:105A800001C0115C09980C96C7F307474140D25DED
:105A900081EA0C6181EA032383EA02430D9345E620
:105AA0004FEA166C08F1FF3852F82CB05FFA84FC0C
:105AB00052F82CC083EA0C0CC0F307238CEA3B2C71
:105AC00052F823308CEA336CC5F3074352F8233085
:105AD0008CEA334CC3B252F823305F40230E52F8A5
:105AE000233087EA3327C5F3072352F8233087EAA8
:105AF0003367C6F3074352F8233087EA33430193F1
:105B0000030EC0F3074052F823B052F82000079F5D
:105B1000EBB22D0E52F8233052F825508AEA0303D7
:105B2000C6F3072AF6B252F82AA052F8266083EA92
:105B30003B2383EA3A6AC4F30743C4F3072489EAA0
:105B4000060652F8244052F8233086EA352686EAC3
:105B5000346686EA30465FFA8CF08AEA334352F8BC
:105B60002040069860400446300E52F8200084EA37
:105B700030240198C0F3072052F8200084EA3064F2
:105B8000C3F3074052F8200084EA30444FEA1C6017
:105B900052F820509DF8040052F82000474087EA50
:105BA0003520C3F3072552F8255080EA3560C6F347
:105BB000074552F8255080EA3540019D2D0E52F8D8
:105BC0002590DDB21B0E52F82550089F52F8233065
:105BD0006F4087EA3925C6F30729F6B252F82990B3
:105BE00052F82660099F85EA3965CCF30749CCF362
:105BF000072C774087EA332652F82C3052F8299048
:105C000086EA3366019BC3F3074785EA394552F8B4
:105C100027304FF0010C86EA33466DE66FF08600C0
:105C20008FE500BF9C000400EB4404000CB430B5C9
:105C30008BB004460D462022002102A808F0BFFCCC
:105C400002238DF80A30002D0C4B0393069412DBCF
:105C500001D06B1E1C440FAA0E99079402A8019252
:105C600000F074F815B1069B00221A700BB0BDE865
:105C7000304002B070470024EDE700BF19E7030091
:105C8000242AF0B5044601D8012A40D1E1F7C6FC28
:105C90002D4B16221A5001B10C600020F0BD2F468A
:105CA0003D4615F8010B2028F9D0A0F10906042E75
:105CB0000346F4D92B282CD02D282CD101262B7863
:105CC000BD1C302B2DD1287840F02000782824D11D
:105CD00032F0100021D16B782C46102202350020C2
:105CE000392B82BF03F1FF3343F02003263B303BC7
:105CF0009A421AD9A0FB02040CB9C01801D346F08D
:105D000002062F462C4617F8013B3D46E8E70746BA
:105D1000C6E70026D3E70026D3E7002A08BF0822FB
:105D2000DDE7002A08BF0A22D9E701B10C60F207BB
:105D300048BF4042B307B1D5E1F770FC024B2222C5
:105D40001A504FF0FF30A9E70C0000002DE9F04F8A
:105D50008BB04368009383789C078046924640F15D
:105D6000F98000250878002800F0F68025280AD060
:105D70004B1C019301354146009B98470028C0F217
:105D8000E3800199EEE74E788B1C252E0193F1D02C
:105D90000027B9463C460A221F2C22D8A6F1200330
:105DA000102B20D8DFE803F0141F1F1A1F1F1F0B32
:105DB0001F1F1F121F171F1F090044F00104019B22
:105DC00013F8016B0193002EE6D13AE044F002048F
:105DD00044F00404F3E744F00804F0E744F010044E
:105DE000EDE77F2C24D8A6F13003092B08D86006F4
:105DF0004EBF02FB073702FB093944F02004DEE7FF
:105E00002A2E0DD161065AF8043B53D4002BA7BFAC
:105E100044F020049946C3F1000944F02804CEE779
:105E20002E2E05D1630600F1978044F04004C6E7AA
:105E30006C2E2ED028D8682E32D06A2E37D04C2E19
:105E400035D0002F46F02003B8BF24F04004A3F162
:105E50006502BCBFA4B20027022A01D9612B2BD155
:105E60000AF1070A2AF0070A9C4E0AF1080A0727D6
:105E7000210760D506EB070B34465C455DD1AE1BB0
:105E8000A219A9EB070959E1742E98D07A2E96D061
:105E9000D7E7260648BF44F4007444F080048EE738
:105EA000E00548BF44F4007444F4807487E744F488
:105EB000207484E71F4682E7A6F16302122A00F2EB
:105EC000D880DFE812F013004D00D600D600D600CF
:105ED000D6004D00D600D600D600D600D600E80089
:105EE000D100D600D6001A00D600A0005AF8043B14
:105EF0008DF81030012704AEBAE75AF8046B784BDE
:105F0000002E08BF1E4614F0400F14BF39464FF054
:105F1000FF31304608F09DFB0746A9E7009B41464C
:105F20002020984700280FDB013CA742F6D34D44C0
:105F30002D1BA1469EE74C46F7E714F8010B009B8A
:105F400041469847002898DA98F8023043F0040355
:105F500088F802304FF0FF3528460BB0BDE8F08FCF
:105F6000220630D5A3052AD50AF1070A2AF007032D
:105F70009A4659685AF8080B24F0100B00291FFAAA
:105F80008BFB2FDA404261EB41014BF4806B04AC98
:105F90000A23224608F069FB1BF0400FA0EB040225
:105FA00000F08E802BF001049742A4B240F38F8062
:105FB000002E40F08E802BF01104A4B21DE05AF8A0
:105FC000040BC117D8E7E0055AF8041B01D40846B2
:105FD000F7E7A2054BBF48B208B241F3C01141F345
:105FE000C031C9E750EA0103D1D16306CFD5002FF4
:105FF000CDD124F01104A4B23A463B4640F206410A
:106000000C4262D124E024F01004A4B20A2314F05C
:10601000800243D014F400711FBF0AF1070A2AF06E
:1060200007029246516814BF5AF8080B5AF8040B3D
:1060300050EA01023ED124F0160B62061FFA8BFBD8
:106040003CD5002F3AD124F01704A4B23A463B467F
:1060500021075AD4E10705D5994572DDA9EB030361
:106060009F184B469B464AE044F0100410237826C4
:10607000CDE7782B04D1C6F1780343F01003C6E7CF
:10608000009B4146252098470028FFF65DAF02356A
:106090004146304670E608230026B8E714F48071C4
:1060A0005AF8040BC4D014F400711ABFC0B21146E0
:1060B00080B2BDE724F006041FFA84FB04AC68E755
:1060C00013465C46E10699D52EB90133C0E7134665
:1060D000F8E73B46F6E70233BAE700BF06420400A2
:1060E000FF410400CDE902324146009B2020984741
:1060F0000028FFF629AFDDE902320BF1010BD9458B
:10610000F0DCEB1A03EB0B055B46E10627D5CDE986
:1061100002324146009B302098470028FFF614AF1A
:10612000DDE902327EB901352F44791B8A4229DB31
:10613000144604AE9CBB2A44A9EB030915469144BE
:1061400042E017468EE7CDE902320235414630463D
:10615000009B98470028DDE90232E5DAF4E640F2D8
:1061600006410C42E0D014F0020F14BF2B20202077
:1061700014F4806FCDE9023205F10105414618BFE4
:106180002D20E5E7CDE902324146009B30209847BB
:106190000028DDE9023205F10105C6DAD4E6013C4A
:1061A000CDE90232305D009B414698470028DDE989
:1061B0000232BFDAC8E6009B4146202098470028FB
:1061C00005F10105FFF6C0AEA9EB0503002BF2DCDB
:1061D000D7E500BFF0B589B004460D46164600214C
:1061E000202268461F4608F0EAF902238DF80230A3
:1061F000002D0A4B019304940EDB01D06B1E1C444E
:106200003A46314668460594FFF7A0FD15B1049B58
:1062100000221A7009B0F0BD0024F1E719E703006D
:10622000704708B506F02BFF4FF47A72A0FB02030B
:1062300002FB0133C00B40EA434008BD08B5DBF761
:1062400069FF831C08BF6FF0850008BD7047BFF36E
:106250005B8F50E8003F40E80012002AF9D1BFF3FD
:106260005B8F704708B506F00AFF4FF47A72A0FB07
:10627000020302FB0131C00B40EA4140C90B08BDDB
:1062800007B501228DF807100DF10701DDF73AFE81
:1062900003B05DF804FBDCF789BDBFF35B8F0068DA
:1062A000BFF35B8F704708B506F0E9FE4FF47A72D2
:1062B000A0FB020302FB0131C00B40EA4140C90BC5
:1062C00008BD08B5FFF7EFFF08BDBFF35B8F50E8CF
:1062D000003F40E80012002AF9D1BFF35B8F7047FE
:1062E00073B5044601A80D46DDF740F90199002376
:1062F000994202D16FF015000EE0024652F80C6B85
:10630000A6420BD1031D2B60406806F0E0F900287F
:1063100014BF00206FF0120002B070BD01331046B0
:10632000E6E737B56946FFF7DBFF88B9009B1868D9
:106330001C790569836801A95B68984740B92B6897
:10634000019858400123A3401840003818BF01208D
:1063500003B030BD13B50C4601A9FFF7C1FFC0B9AA
:10636000019B18681A79012303FA02F103691B687B
:10637000003C03EA010318BF0124003B18BF0123BE
:106380009C42836814BFDB681B6902B0BDE8104003
:10639000184702B010BDDCF793BF2DE9F04F05465A
:1063A000C5B0002867D0642200210DF10C0908F067
:1063B00006F949460320E0F705FA044660B904AF40
:1063C000D9F800003946DDF73FF9D9F800A00446B6
:1063D00030B1504601F052FC204645B0BDE8F08F88
:1063E000BB6801930646BAF1000F3ED08046019B80
:1063F000434522D8D9F8000001F040FC002CEBD135
:106400003F220CA9681C08F011F90F2208A905F118
:10641000410008F00BF9BB686B65FB683A6EAB6531
:10642000B342EA6508BF01237A6E2A6618BF0023CB
:106430002B7018BF6FF04C04CEE7019BA3EB080B49
:10644000BBF1800F28BF4FF0800B5B4624AA08F1F8
:106450008001504601F013FC50B930465A4624A939
:10646000F8F752FCD8440646C1E76FF01504C1E7BF
:1064700004460026BEE76FF01504ADE770B505468B
:10648000A2B020B31822002108F099F801A9032036
:10649000E0F798F90446B8B9019802A9DDF7D4F8F5
:1064A0000446019801F0EAFB74B91B9BDB0711D588
:1064B0001CAE2B46324603CA596022A98A42186094
:1064C000164603F10803F5D1204622B070BD6FF0E7
:1064D0001504F9E76FF08504F6E72DE9F043074668
:1064E000A3B091461E46884651B34BB30023336098
:1064F00001A90320E0F766F9044640B9019802A912
:10650000DDF7A2F8044601982CB101F0B7FB204654
:1065100023B0BDE8F083049DBD42F6D9ED1B4D4587
:1065200028BF4D462B46424607F1800101F0A7FBEC
:106530000446019801F0A2FB002CE8D13560E6E7A3
:106540006FF01504E3E70020704783689B6A03B18E
:106550001847704710B50C46206883685B6C3BB9E0
:10656000206883685B6B3BB92046DDF721FBF3E7CE
:1065700098470028F4D110BD98470028F4D1FAE7D5
:106580000846DDF715BB10B5C0680C46DDF758FDB1
:1065900018B1631E5C425C41047010BD10B5C86840
:1065A0001446DDF74DFD18B1631E5C425C4104707A
:1065B000022010BD7047704701F0C3BA2DE9F843BF
:1065C000042B089F04460D4690461E462AD803B168
:1065D0005FB34FF000092022494688F8009020461A
:1065E00007F0EDFF7C224946284607F0E8FFB6B1E8
:1065F00004EBC6097A781F2A1AD8B91C284607F076
:10660000B7FF3B7823707B786370656008344C4536
:1066100007F1210705F11F05ECD188F80060002083
:10662000BDE8F8836FF00B00FAE76FF01500F7E7AD
:106630006FF07900F4E730B5CC6885B054B12579B6
:10664000029538340194BDF82040009404F09EF87F
:1066500005B030BD6FF00D00FAE7082907D84FF4F8
:106660008B7222FA01F3DB0701D5DDF793BD70478A
:1066700000EBC100408840087047F8B50346FFF7BB
:10668000F7FFB0FA80F0C0F11F0003EB800CCA00E6
:10669000DCF81060171D0C4606328DB256B9012188
:1066A00001FA00F0D9680143D960CCF81040DD53FD
:1066B0009D52F8BDF1000431585AD85303EBC00085
:1066C0009E52C5805D52F4E710B500EBC104E3882B
:1066D0008B4202F104010AD1012303FA02F2C368DA
:1066E00023EA0203C360002340F8213010BDA288D2
:1066F00040F8213000EBC20100EBC300CB80828068
:10670000F4E708B50346FFF7B3FFB0FA80F2C2F131
:106710001F021846BDE80840FFF7D6BF2DE9F84331
:10672000B1FA81F3C3F11F0200EB82090646D9F8E2
:1067300010700D4687B9C3F120034FF0FF349C4021
:10674000F3681C4014D094FAA4F2B2FA82F2131D3A
:1067500056F82340214608E03C464FF00308214606
:106760003046FFF785FF854205D83046FFF7ACFF7E
:106770002046BDE8F88306EBC404B8F10108E488BC
:10678000C9F81040D7D0BC42E9D1D4E738B50446A7
:10679000FFF76EFF0D46034611462046FFF768FFE0
:1067A00003449BB204EBC5055A006A802046FFF7FC
:1067B0005FFF014424F8313038BD70B50446FFF75F
:1067C00057FF0B4604EBC305511A9B1A89B20344C9
:1067D0004E009BB204EBC2006E805D00458024F841
:1067E000321020461146FFF743FF014424F83130B0
:1067F00070BD70B509B9002070BD056801F00703D0
:106800000B33CC0804EBD304AB689C4228BF1C4676
:1068100021462846FFF782FF06460028EBD00146B6
:106820002846FFF725FFA04207D932192846FFF76F
:10683000C4FF11462846FFF720FF05EBC6021046AD
:10684000538843F0010353800430D5E71146FFF726
:10685000D0BF2DE9F84314464A4202EA010931EA61
:10686000020203460BD04A46042A4F4628BF0422A0
:10687000A1EB09096CB900252846BDE8F883042975
:1068800004D82146BDE8F843FFF7B3BF0027042230
:10689000F0E71E68A9EB020204F0070302F007010B
:1068A0000B330B44E10801EBD20101EBD301B368D8
:1068B000994228BF19463046FFF730FF804600282E
:1068C000D9D03D1D05EBC00509F1FF3335441D440A
:1068D000B5FBF9F509FB05F5ED1B2C442B1F07341F
:1068E0009B1B24F00704A41BB0EBD30F4FEAD30784
:1068F0004FEAE40408D201463A463046FFF75DFF0E
:1069000041463046FFF7B9FE39463046FFF7B0FE44
:106910003844844207D230462246FFF74EFF2146D4
:106920003046FFF7AAFE06EBC706738843F0010363
:106930007380A1E7043A2DE9F843CC1D114424F0FB
:10694000070421F00706A6EB04084FEAD807B7FAB8
:1069500087F2C2F12405AD004FF000090735C2F1FE
:106960002002ED0804604946A760C4F80C9092002C
:1069700004F1100007F023FEAAB2530043F0010314
:1069800063807B1B9BB204EBC5015800A4F8009008
:10699000488024F83520A6F8029024F8083004EB4B
:1069A000C70329465A8842F001025A802046BDE8B2
:1069B000F843FFF762BE2DE9F04706460D4617463D
:1069C00098462BB398F8004093F80190DB78A40028
:1069D00004EB430498F802301C4444444FF0000A8E
:1069E000CA4509D3D8F8042008F1080339463046CF
:1069F000AC46BDE8F047604714F8013B48F8234037
:106A00002046D9F7A9FC013004440AF1010AE7E75E
:106A10006FF01500BDE8F08730B502460024002075
:106A200012F8013B43B178B18C4207D1702B04D0EE
:106A3000A3F140053A2D07D8002030BDA3F1400551
:106A40003A2D01D80134EAE7252B08BF80F0010078
:106A5000E6E70020704700F0E8BF0FB407B504A9CF
:106A600051F8040B019100F0E0FF03B05DF804EB76
:106A700004B070470FB407B504A951F8040B019195
:106A8000FFF7E9FF03B05DF804EB04B0704710B501
:106A90000369024613F0080009D11368D4689C42C8
:106AA00097BF126AE31AD31A01200B6010BD0023AE
:106AB0001846FAE713B501A90446FFF7E8FF20B12D
:106AC000019BE268013B13440193206A019BC01AB9
:106AD000013802B010BD10B5044650182269236A6F
:106AE000D20702D5013B184010BD984228BFC01AFA
:106AF000FAE710B504460A46C168FFF7ECFF2369C0
:106B0000E06023F00803236110BD38B50D46C2696B
:106B10008B00016843F0020342F82130044601680B
:106B20002A46FFF7D8FFE36861682060984202BFF9
:106B3000236943F0080323612A462046FFF7CBFF71
:106B4000606038BD2DE9F74FD0F80CB0C6690092EF
:106B500016F82B2002F00302022A08BF56F82B2059
:106B60009A4606EB8B030F4601934FF00001009B02
:106B70000CBFC2F39D09894619600446CAF800108B
:106B8000B9F1000F07D04946FFF7B3FFE368A360F0
:106B90004FF0010804E001698A0705D44FF00008AE
:106BA000404603B0BDE8F08F816906EB8B00884753
:106BB00016F82B1011F001080546EFD08B071DD5F4
:106BC0001FB139462046FFF7A0FF61682A462046DC
:106BD000FFF781FFD4E902138B42606007D12A4698
:106BE0002046FFF778FF4FF000080146A0602369B8
:106BF000216043F00803E1602361D1E701462046AC
:106C0000FFF777FFE168A1601FB12068E16941F8F3
:106C10002090EA19CAF8002021682046FFF75BFFA0
:106C20002269206042F00802226116F82B2022F02F
:106C3000010206F82B20DDE900321A60A8E770B5E2
:106C400004461546FFF747FF2368834205D12369B1
:106C5000216023F00803236170BDE269AB0043F0BB
:106C6000020342F82130204661682A46FFF733FFCD
:106C70006060F1E738B503695B07044606D5456AED
:106C8000FFF718FF85422CBF6562606238BD38B5DA
:106C90000D4604461C22002107F091FCEB68A3611D
:106CA000AB6863612B68E3616B68236200226262F8
:106CB0002A6923B1591E194208BF42F0010222611C
:106CC000012204F128000021BDE8384005F004BF8E
:106CD0002DE9F04F9846036A87B000258B420446A1
:106CE0000E46934603950595AA4638D3EFF31189CE
:106CF000202383F31288BFF36F8F059A2AB12946A8
:106D00002046FFF79CFF0023059304A92046FFF7C8
:106D1000BEFE0499B14207462AD32268E36913F8FC
:106D2000221021F0030103F8221003EB820A2168EC
:106D300032462046FFF7CFFEE3682060984212D02B
:106D4000002789F31188BFF36F8F039929B1626916
:106D50000AB12046904700230393002FC6D1504626
:106D600007B0BDE8F08F236943F008032361E7E72C
:106D700018B12046FFF7C9FEE3E75BEA08031CD021
:106D8000019105F0D5FF0199B8B9B9F1000F14D1FF
:106D900089F31188BFF36F8F5A46434604F12800E8
:106DA000FCF7C2F9EFF31189202383F31288BFF3B4
:106DB0006F8FB0FA80F77F09C3E705AB03AA2046BF
:106DC0002568FFF7BFFE0746BBE770B50446836939
:106DD00008460D4698470246EFF31186202383F3B9
:106DE0001288BFF36F8F2B7843F001032B7061681B
:106DF0002046FFF770FE60602046FFF73BFF86F3FA
:106E00001188BFF36F8F70BD2DE9F843044600274A
:106E10002026EFF3118586F31288BFF36F8F236965
:106E2000A268190702D46368934200D2236A9B1AAE
:106E3000002B42D0E06910F8221011F0030300EBA0
:106E400082093AD0022B04D150F822305FEA93082D
:106E500005D1CB0720D4A369484698478046A1684E
:106E600042462046FFF737FE0127A06041462046F4
:106E7000FFF73FFE3B4685F31188BFF36F8F002B72
:106E8000C7D137B1B9F1000F03D104F12800FCF7E5
:106E900017F94846BDE8F88341F0020100F82210D6
:106EA0004846A369D4F808809847414602462046E0
:106EB000FFF711FE0023A060DDE79946DBE7F8B598
:106EC0000446836908460D4698470646EFF3118746
:106ED000202383F31288BFF36F8F2B7823F00103F5
:106EE0002B7023699B0705D5E268E36903EB8203F6
:106EF0009D421AD12B7823F002032B70D4E9023182
:106F0000994204D132462046FFF7E5FDA0603146A4
:106F10002046FFF7EEFD87F31188BFF36F8F04F172
:106F20002800BDE8F840FCF7CBB82B6860F39F035E
:106F30002B60F0E7EFF31181202383F31288BFF376
:106F40006F8F02698368120702D442689A4200D2A6
:106F5000026AD31A81F31188BFF36F8F181E18BF0E
:106F600001207047F0B564230446042500204FF04B
:106F70000A0C11B1013D01D12570F0BD9A42B2FB5E
:106F8000F3F7FEB202D2012B00D030B13036013916
:106F9000013004F8016BC9B2C0B203FB1722D2B2B0
:106FA000B3FBFCF3E5E7A0F13003DBB2092B02D819
:106FB0000B7000207047A0F16103052B02D85738F1
:106FC0000870F6E7A0F14103052B01D83738F7E741
:106FD0006FF015007047F7B5054601F0010000EBB2
:106FE00051069E424FEA510703D90026304603B0AE
:106FF000F0BD58B128780DF10701FFF7D4FF002844
:10700000F3D19DF8073002F8013B013501351744F3
:10701000BA42EBD015F8010C0DF10701FFF7C3FFE1
:107020000028E2D19DF807402401E4B2147015F85D
:10703000020BFFF7B8FF0028D7D19DF807301C449A
:1070400002F8014BE4E7036800220BB918467047C9
:107050008B4210D10B6842B942680360914200D163
:10706000436000230B60012070471360436899421E
:1070700008BF4260F5E71A461B68E6E7038B13F08A
:10708000070306D10368002B18BF032008BF0020A8
:107090007047022B05D1408BB0FA80F04009800088
:1070A0007047012B04D10368002B18BF0520EDE7C2
:1070B0000020704710B50C4600B111B96FF01500F3
:1070C00010BD081D00F0C6F80028F9D1A368032BF5
:1070D000F6D9F3E72DE9F0410D4607461946281D7C
:1070E00090461E4600F0C7F8044638B13346424683
:1070F00029463846A446BDE8F0416047BDE8F08126
:1071000010B4EFF31182202484F31288BFF36F8F41
:10711000416110BC0121DEF75FB938B50C46054668
:1071200058B151B10B6843B14B6833B11C220021F7
:1071300007F045FA2C61002038BD6FF01500FBE721
:10714000F8B504460E46FFF7B5FF051E3BDBEFF32F
:107150001182202383F31288BFF36F8F638B278BF9
:107160004FF6FF718B4207F007072ED0062F2FD85E
:10717000DFE807F0182E082E180418006FF08505B8
:10718000002303E0013363830225012382F3118886
:10719000BFF36F8FBBB100233A4631462046FFF75D
:1071A00099FF10E000233360636823B9C4E90066E7
:1071B00027B13D46E4E71E606660F9E702212046FC
:1071C000DEF70AF93D462846F8BD6FF00A05D7E715
:1071D0006FF00405D4E710B5EFF31182202383F399
:1071E0001288BFF36F8F048B04F00704022C0AD0BF
:1071F000012C0CBF6FF004006FF0850082F3118842
:10720000BFF36F8F08E0438B013B9BB2438323B9ED
:107210002146DEF7E1F8204610BD2046EEE738B5FE
:10722000A8B1A1B1EFF31185202282F31288BFF338
:107230006F8F048BFFF707FF30B104F0070085F371
:107240001188BFF36F8F38BD6FF07700F7E76FF0ED
:107250001500F8E7034658B1426802F00302012A1C
:1072600003D0032A04D1026812B10020986070474D
:107270006FF0150070474268816002F00302032A34
:107280004FF0000203460CBF006810465A6070477A
:1072900070B50C8806468888241A3069A4B28442E6
:1072A00085B224BF641BA4B22D1BA8B2984228BF8C
:1072B00018463368234413600B8803440B8070BD69
:1072C00070B4838985880669ED1AADB2731B934249
:1072D00028BF134670BC0A46011DFFF7D9BF70B422
:1072E0000E460146C58831F80A3FEC1AA3B2934214
:1072F00028BF1346324670BCFFF7CABF10B54B8893
:107300000C88E41AA4B294420ED31A4492B28B8829
:107310004A800A800069D21A92B2824201D20020C9
:1073200010BD03448B80FAE76FF01500F8E72DE9F4
:10733000F34106460F4615464FF000082A4601A9BC
:107340003046FFF7BDFF044640B10246394601987A
:1073500007F00EF92D1BA0442744EFD14246311D02
:107360003046FFF7CBFF404602B0BDE8F0812DE983
:10737000F34107460E4615464FF000082A4601A97C
:107380003846FFF7ACFF044648B12EB102460199DA
:10739000304607F0EDF826442D1BA044EED14246BE
:1073A00007F10A013846FFF7A9FF404602B0BDE8E1
:1073B000F081704710B484686468A44610BC6047CC
:1073C00070B4C6680468806A0D0C06FB054414FAA4
:1073D00081F184682468A44670BC60472DE9F043BD
:1073E0001C46C36A1D686D4289B00646884617462A
:1073F00005F020051CB9204609B0BDE8F083AC4279
:10740000A14628BFA9464B466A4641463046FFF78B
:10741000D7FF0028F0D16B46484502D1241A80449A
:10742000E8E713F8012BBA4201D10130F4E701205B
:10743000E2E70B6803F580330B60008A1A0CB0EBAF
:10744000134F04BFA3EB02430B60704700F070BB07
:1074500038B5C26803680D0C090C04462D04806A17
:1074600002FB013100F0B1FD50B9E26AE3685279E4
:1074700029462046FFF7B2FF002818BF6FF005002D
:1074800038BD10B5014604460722FF20F7F726FC59
:10749000E07110BD2DE9F04F07465368D0680344F2
:1074A0005069C34293B003D1002013B0BDE8F08F00
:1074B000FC683B68D7F82CB0080C04FB003313FAC7
:1074C00081F592E8030004AB83E80300D2E90201EE
:1074D00006AB83E80300D2E90401DBF8008008ABC7
:1074E00083E803000024C8F10003A146019312AB16
:1074F00003EBC90A4FEAC9015AF8346CAEB909F175
:107500000109B9F1030FF2D1002CCDD00AAE9BF8DE
:107510000510A8EB0402301907F051F8B86A434689
:1075200032462946FFF746FFBFE7B4B9019B334017
:1075300013D05AF8382CB86A2946CDE90223FFF750
:1075400039FF0028B1D1DDE902231A44F61A4AF8BE
:10755000382C4AF8346C1D44C9E7A8EB0402B24247
:1075600028BF3246A2B101F148030DEB030A0AAB72
:107570005AF8381C1819CDE9021206F0F9FFDDE9B6
:1075800002121144B61A4AF8381C4AF8346C1444F2
:107590004445ACD1B86A23460AAA2946FFF70AFF38
:1075A000002882D125440446A1E7F8B507220D46FC
:1075B0000646FF204C888F88F7F790FBEB798342D3
:1075C00005D13C44B4428CBF00200120F8BD00200E
:1075D000FCE70368012B81BFC91801F1FF315B4251
:1075E00019400846704738B50D460A46816804467A
:1075F000FFF750FFEB68696819446B69024619444C
:10760000E06AFFF7E6FFA3680344A360104638BDB5
:1076100070B586B0466804460D46182200216846BB
:1076200006F0CDFF02956A460825314620460395AF
:10763000FFF730FF29460246E06AFFF7CAFF63689A
:107640001B1A1046636006B070BD13B54FF6FF738A
:1076500000220446ADF800308DF806308368ADF89E
:1076600004206846ADF80230FFF70BFF694620465C
:10767000FFF7CEFF02B010BD70B506460C46C06ADB
:107680000821FFF7A6FF0546F068401B214680B29F
:10769000FFF78BFF80B1A08878B922884FF6FF737F
:1076A0009A4209D16288F3689B1AB3FBF5F205FB95
:1076B0001230B0FA80F0400970BD0020FCE7F7B549
:1076C00004460D46C06A0821FFF783FF2968074674
:1076D00008232046FFF774FE0646002836D12B68A3
:1076E0003B442B60E26899B2D21B91422ED11A0C16
:1076F00003BF228A02F1FF3203EB0241A3F580317E
:10770000296008236A462046FFF75AFEE8B9E36A73
:107710005A796B4613F8011B8A420CD101300828B4
:10772000F8D1636805E02B68BDF802206FF30F0302
:1077300013442B600AE069462046FFF79DFF0028AE
:10774000F1D129462046DDF767FF0646304603B0F3
:10775000F0BD2DE9F04F0446A1B024220D4617A834
:10776000002106F02CFFE06A0821FFF732FF636872
:1077700081466FF30F0306A920460693FFF759FED3
:10778000069BE66801931E44A6EB0906082309AA96
:10779000314620460796FFF713FE0028C0F21681F7
:1077A000E36A09AA5979002312F8010B814240F0DB
:1077B000FC800133082BF7D1A36862684B449A42DE
:1077C00080F0EC8001992046FFF742FEFEE0BDF814
:1077D00026306FF30F061E4407960BAA07A9204612
:1077E000DDF81CA0FFF76BFF002840F0EF800BA92D
:1077F0001FFA8AF0FFF7D9FE48BB039B9A45ECD1EC
:107800001022002113A806F0DAFE1F9E129617AB75
:10781000119395B1D4F82C8008214046FFF7D9FE8A
:107820002F890246F1194046FFF7D3FEA16863682D
:1078300002440A44934280F09280002EBCD011A9E9
:107840002046FFF7D0FE002840F0C080B4E766680D
:1078500008960DAA08A92046FFF731FF002840F03E
:10786000B580BDF83420BDF82C309A4245D0089B35
:1078700062689A423FD15645BFD1BDF83060002EB4
:10788000BBD03DB12A88BDF82C309A4202D12B8959
:10789000B342B2D9BDF82E801F9A4FEA1A431B0497
:1078A0009844E36A1B68591E5B4203F0200304936B
:1078B000A368164401EA06001344009026EA010674
:1078C000ADF82E3006BB009B5BB11F9A17A99B1A1F
:1078D00020460A444146FFF773FD002876D1009BFD
:1078E0001F930BA8FFF7CDFD0BA92046FFF790FED5
:1078F000002882D06AE01E46ABE70DA9B0B2FFF7C0
:1079000054FE0028B3D0B6E7049B1F9FB34228BFA4
:107910003346A3EB070B17AA02933A445B46414652
:107920002046FFF74DFD002850D11F9B01465B44C8
:10793000182211A8059306F042FE17AB139311A964
:10794000059B14932046FFF74EFE00283ED11F9B57
:107950001F90FF1A029B3744FE1AD844B2E7314405
:107960006B68ADF83E10204611A9CDE91337FFF73B
:107970003AFE58BB2B88ADF83C302B89ADF840302F
:107980000FA8FF238DF84230FFF77BFD0FA920469B
:10799000FFF73EFED0B90123AB720DE72046FFF79B
:1079A00054FE00283FF40EAF10E0A6EB090309A92E
:1079B00020460393FFF760FE00287FF408AF07A975
:1079C0002046DDF729FE00283FF407AF21B0BDE8CF
:1079D000F08F00231A46DDF7FBBF13B50024009497
:1079E000DEF7DAF802B010BD03785B075FBF03680B
:1079F0004288C3F34A2303EB12105DBF173020F017
:107A000007008008002070470020704704F032BA59
:107A10000346BFF35B8F53E8000F421C43E800218D
:107A20000029F8D1BFF35B8F70471FB50023CDE964
:107A30000201CDE900331A4619461846DEF72CFC40
:107A400005B05DF804FB0120DEF7D8B900207047CF
:107A50004368DA7143681960436801225A71DEF79E
:107A6000BFB970B515460C4669B1D2E901369B1B0A
:107A700099420AD813680A460146981906F078FD1B
:107A8000AB682344AB60204670BD6FF01B00FBE782
:107A900070B50E4615461946044618B9BDE8704043
:107AA000DEF7ACB933B1C2F34A231030120D1844DB
:107AB00006F05EFDC4E900562046BDE87040DEF7E2
:107AC0004BBB2DE9F3415F1C4FEA8708064608F1DE
:107AD000170020F0070080080C461546DEF710FA64
:107AE0000023ADF805308DF807308DF8047068B1CB
:107AF0000346019A43F8102FA8F104012A462944AD
:107B000052F8045B43F8045F8A42F9D1A20102F4FF
:107B1000E07242EA482222F07F4222F470020023FF
:107B200022F03F02314602B0BDE8F041FFF7B0BF9E
:107B300007B50123019201AAFFF7C3FF03B05DF867
:107B400004FB07B5CDE9002302236A46FFF7B9FF1E
:107B500003B05DF804FB1FB5CDE90123069B039339
:107B600001AA0323FFF7ADFF05B05DF804FBF8B5EC
:107B700006460D4614461F4604B9F8BD2146284660
:107B80003A46B047241A0544F6E710B542688168C2
:107B90000446D2E900230068FFF7E9FF636800228A
:107BA0001A6010BD38B54B681A68CB689A42054612
:107BB0000C4602D10846FFF7E8FF6368BFF35B8F0E
:107BC00053E8002F511C43E800100028F8D1BFF300
:107BD0005B8FA3689D54002038BD0A2838B5044641
:107BE0000D4602D10D20FFF7DDFF29462046FFF7A5
:107BF000D9FF002038BD2DE9F043054689B008467D
:107C00000E8891F80090D1F808800C461746DEF7F0
:107C100095FB011EC6F38216C9F3C2091FDB484655
:107C2000DEF7ACFA03462146608851F8102B029625
:107C3000C2F34A22002A01EB0204C0F30B1008BF72
:107C400000210022CDE90507CDE90314CDE900228A
:107C500041462846DEF79EFB09B0BDE8F0830023CD
:107C6000E1E7002908DB8068884205D9401A904284
:107C700034BF00200120704700207047704770B566
:107C800016461A4605460C46FFF7EBFF48B16968F1
:107C9000E8682144826814683246A446BDE8704012
:107CA00060476FF0150070BD70B516461A46054660
:107CB0000C46FFF7D6FF48B16968E868214482683E
:107CC00054683246A446BDE8704060476FF0150026
:107CD00070BD10B50B460446FFF7C3FF30B16168B5
:107CE000E0681944BDE8104000F06FB96FF015006E
:107CF00010BD08B5C0688368DB689847006808BD98
:107D000030B54C680368A34201D2012030BD8A68B7
:107D10002244934201D30020F8E7D1E9045295426E
:107D200003D36FF00B038B61F5E7CA681B1B42F8A6
:107D300035304368086902EBC00253600B690133B8
:107D40000B61E2E737B50C46C0B201A91546DEF774
:107D500039FD00280CDB019850B121462A46DEF798
:107D600057FD04460198FFF789FF204603B030BD58
:107D70006FF01504F9E7F0B587B01F4604460D46CD
:107D8000164601F004FB022302930DF11603019342
:107D9000BDF83030ADF81600009332463B46294618
:107DA000204602F0F3FC07B0F0BD2DE9FF411F466D
:107DB0000D4616460446E2F735FE8046D8F7CCFA63
:107DC000BDF82830009380B2CDE901803B463246B1
:107DD0002946204602F0DAFC04B0BDE8F08100201C
:107DE000DEF778BD00221146DEF742BD034610B52E
:107DF00008460AB10021116053B1D0B1411E11F8FB
:107E0000010F80B113F8014BA04201D13D28F6D1FA
:107E100000200EE0013313600AE03D2808D0B0FADC
:107E200080F0400905E018782F28F6D1002AF1D11A
:107E3000012010BD10B509B100230B6058B10346F5
:107E40001A781C4601332AB13D2A03D02F2AF7D1D4
:107E500001B10B60201A10BD0830704710B51346F1
:107E600014460A4681880068FFF7B7FDA042A8BF04
:107E7000204610BD2DE9F04F97B0044601929A4676
:107E8000894600297AD0DAB1BAFA8AF67609258FBE
:107E90000135ADB2A84604F1080B6F1EBFB2B7F5AD
:107EA000004F39D04A2303AA39465846FFF795FDBB
:107EB000002807DA10F1020F08BFB8463D46ECE78C
:107EC0000126E4E700F158030DEB0300002300F85E
:107ED0004C3C03A94846D8F72DFA0028EED106BB42
:107EE000B846B8F5404F4CD0238F434504F1080500
:107EF00038D308F58041019A534689B22846DDF708
:107F000067FD00280ADB46B14846D8F725FA4A46FD
:107F10000346414628461EE016B3002017B0BDE8D0
:107F2000F08F39465846FFF754FD0028F6DB05F57B
:107F30007F513F3189B25846FFF74BFD0028EDDBFA
:107F4000238FBB42E9D12246013B22F8383F4FF450
:107F5000004102235846DDF73BFD00EAE070DDE713
:107F60000126BEE72246022322F8388F4FF4004153
:107F70002846DDF72DFD0028BBDACFE76FF01500AE
:107F8000CCE76FF00B00C9E773B5C36B036304461E
:107F9000C3B100F108063046DDF770FB054670B945
:107FA00002230DF106024FF400413046FFF715FDA4
:107FB0000028ACBFBDF806304FF4004323872846A5
:107FC00002B070BD6FF01205F9E72DE9F041876846
:107FD000FB6804460D4616469847BB682BB13246EF
:107FE00029462046BDE8F04118476FF05700BDE82C
:107FF000F08106F0E4BA06F0BBBA01460068DEF78D
:1080000097BE08B5DEF7F0FEBDE80840DFF792BA8C
:108010000A460121FFF78CBD00210120DEF788BE52
:108020006FF08500704761B662B680F31188BFF3C8
:108030006F8F704772B6002383F31188BFF36F8F81
:10804000BFF34F8F30BF62B6BFF36F8F704772B60A
:10805000002383F31188BFF36F8FBFF34F8F20BFCF
:1080600080F31188BFF36F8F62B67047202809D95B
:10807000B0F1004F08D80138B0FA80F0C0F11F000D
:1080800040007047082070473E20704708B5D1E98E
:1080900004319847002008BD08B5DFF761FC0020D7
:1080A00008BD7047002303824369C3607047C169FC
:1080B0008968DFF713BDEFF31182202383F3128861
:1080C000BFF36F8F00230B60436833B9C0E9001121
:1080D00082F31188BFF36F8F704719604160F7E733
:1080E00010B50346EFF31181202282F31288BFF30B
:1080F0006F8F006828B15C6802681A60A04208BFF0
:108100005A6081F31188BFF36F8F10BD027A01327C
:1081100002727047034618465B68002BFBD170471C
:10812000426810B52AB10B461C465B68002BFBD198
:108130006260416010BD10B5044620B90B7A01336E
:108140000B72084610BD034618465B68002BFBD136
:10815000FFF7E6FF2046F5E710B508B14B6843602E
:108160004C68002308464B60DFF736FD204610BD03
:1081700083680B440360704703680B6043684B607F
:1081800083688B6070478388026819448180D018A7
:10819000704730B484880568A3188380281930BCE0
:1081A00006F0E6B910B5838802685C1C8480D1545F
:1081B000D01810BD30B5838802689D1CD418858006
:1081C000D154090A617030BD83885B1A9BB28380E9
:1081D000006818447047034600689A88401A1144A2
:1081E0001860998070470268531E036083880133CA
:1081F000838002F8011C70478288521A03468280ED
:108200000068084418607047034600689A88521A4C
:1082100001449A801960704710B503681C780121E9
:10822000FFF7EAFF204610BD10B503681C88022145
:10823000FFF7E2FF204610BD4FF0FF324FF0FF3353
:108240000430FAF749BEFAF7B9BE90F86C00C0F3F3
:1082500041107047F8B504461E460D461746FFF715
:10826000EBFF94F86C309B0715D425B1012D10D08D
:108270006FF0150508E0216F0029F9D09DF818303E
:108280000F714E718B710025201DFFF7DCFF284612
:10829000F8BD616FF0E76FF07705F5E790F86C00D7
:1082A000C0F3800070470246034652F8640F9042C4
:1082B0000BD100207047027A8A42FBD09A6E82422C
:1082C000F7D000680028F6D170470028F3D1704736
:1082D00038B504460D46FFF7AFFF94F86C30DB0766
:1082E00018D42B690BB9EB68BBB1636E1BB904F1F1
:1082F0006403C4E919332B6893B9A26E04F16401D5
:10830000C5E900121560A5661D46201DFFF79BFFFD
:10831000284638BD4FF0FF35F7E76FF01505F4E755
:108320006FF07705F1E710B50446034654F84C0F9B
:10833000A0420DD100200DE0447D8C4204D10329E0
:1083400009D1047A944205D01C6D8442F2D00068B1
:108350000028F1D110BD0F29F5E72DE9F0410546C0
:108360000C46061D4FF0FF324FF0FF333046FAF750
:10837000B3FD2F6F002F6DD095F86C30DB0769D4FB
:10838000EB6C1BB905F14C03C5E913332368002BD3
:1083900063D1637D0F2B09D1237A012B0CD02B6D78
:1083A00005F14C02C4E900231C602C65637D032B9E
:1083B0000FD04FF0000806E0E1682846FFF788FF7D
:1083C00080460028EBD03046FAF7F8FD4046BDE87D
:1083D000F081EA6C05F14C0090421ED1002329E0A7
:1083E00091F815C0BCF1030F10D0013323724B6814
:1083F000C4E900131C604C60637A022B24D0032B69
:1084000025D0012BD5D1237ABB73D2E791F808C0D0
:108410000CF1FF3C6345E8D11268002ADED0517DA3
:108420002B6D03290DD19A42137A02D011680029CD
:10843000D6D1013323722B6DC4E900031C602C6577
:10844000DAE79342E8D1C9E7237AFB73B1E7237AED
:108450003B74AEE74FF0FF38B5E76FF07708B2E74F
:108460000346006800B1187A70478388C288816823
:10847000D21A03685B1AD01A70470346C08808B145
:108480001878C009704770B50C461546E0F764FED1
:1084900040B1406883681B6823B12A462146BDE885
:1084A0007040184770BDF8B50446866803690D46EC
:1084B0001746BFF35B8FD3F8A030BFF35B8F9B07EA
:1084C0000ED5B36A7BB1F36B9847B36A29463A4637
:1084D00020469847336C0546204698472846F8BD05
:1084E0004FF0FF35FAE76FF08505F7E770B5044602
:1084F000866803690D46BFF35B8FD3F8A030BFF3E6
:108500005B8F9B070BD5F36B9847736A2946204610
:108510009847336C054620469847284670BD4FF073
:10852000FF35FAE710B5044619B9002084F8300089
:1085300010BDDFF76BFC0028F7D0F9E74FF0FF32F2
:108540004FF0FF330430FAF7C7BCFAF737BD21B15B
:1085500001290DD000231B68FFDE5430006848B1AC
:1085600043685B79934205D000680028F8D17047D2
:108570005C30F3E7704710B590F83030022B0446BA
:1085800009D1FFF762FE94F8382001462046BDE885
:108590001040FFF7DCBF002010BD08B5FFF7D7FF84
:1085A000003818BF012008BD4FF0FF324FF0FF33F5
:1085B0000430FAF791BC08B583681B6B0BB1984780
:1085C0000346002023B153F8042B0AB1127802B9F4
:1085D00008BD1044F6E710B51C46FFF7B8FF48B1D8
:1085E0000122C06802FA04F320B10269134201D1EA
:1085F0000068F9E710BD10B50C46FFF7BCFF48B1A5
:108600000123C06803FA04F120B10369194201D1C2
:108610000068F9E710BDD1F81A0083681B6903B13F
:1086200018476FF08500704738B50C46FFF7A3FF79
:1086300080B1C06870B14368DA681AB1117900235B
:10864000994201DC0068F5E71568ED5CA54201D0B0
:108650000133F5E738BDF8B5CC6806460CB92046BD
:1086600022E004F10C070125E268AAB165F07F035E
:10867000D9B203F07F031033DA40D2070ED4E36897
:10868000EB40DB0705D5B0693A46E9B200F09CF84B
:1086900050B90135102DE7D12468DFE7B0693A46BB
:1086A00000F092F80028EAD0F8BD2DE9F3475768AA
:1086B000002497F8058005460E46A1463B79A34263
:1086C00003DC002002B0BDE8F0875FFA84FA31468F
:1086D000534642462846FFF77EFF014650B1CDF88B
:1086E0000090534601222846E0F7C0FD0028E9D15A
:1086F0000134E3E76FF03C00E4E72DE9F7438046FF
:108700000D461746FFF777FF064628B96FF00104BC
:10871000204603B0BDE8F0830F2DF7D808EB05091C
:10872000014699F83A4000972B4600224046E0F770
:108730009DFD0028EAD100942B4602223146404696
:10874000E0F794FD04460028E2D100972B46012271
:1087500031464046E0F78AFD04460028D8D17068CB
:1087600083685B6813B13A462946984789F83A709E
:10877000CEE711F0800F18BF21F0800102684FF0A2
:10878000010318BF10318B4022EA030303607047D6
:1087900037B58B7900938B880C461546CA78897853
:1087A00002F0E1FD70B994F90230A1782A68002B3B
:1087B000B8BF21F080014FF00103B8BF10318B40EA
:1087C00013432B6003B030BDF8B506460D4617467F
:1087D00002F0F2FD044658B929463846FFF7C9FFB2
:1087E00029463046F6F768FB044608B9FBF7CCF992
:1087F0002046F8BD0A468069802102F0BFBE43686A
:108800009869F6F789BB70B591F918304668002B66
:1088100005460C4607DBC4F81A50B0692146BDE88E
:10882000704002F03FBE3046FFF738FD0028F2D01E
:108830004FF0FF3070BD806902F0C5BE38B5054607
:1088400080690C4602F0D4FD60B914F0800F18BFA7
:1088500024F080046A6B4FF0010318BF1034A3406A
:1088600013436B6338BD70B5054680690E4602F050
:10887000E9FD044620B9314605F13400FFF779FFE0
:10888000204670BD0B0648BF21F08001406B48BFF9
:108890001031C84000F00100704782B0C3698DF804
:1088A000001001922BB102AB13E9060002B0E0F711
:1088B000DBBD02B0704782B0C3698DF80010019231
:1088C0002BB102AB13E9060002B0E0F7CDBD02B058
:1088D0007047704703695B68D868704743680361F5
:1088E000037A63B1012B0CBF022303234375437A40
:1088F0005A1E032A05D8DFE802F005050505012305
:10890000F4E700230375837A062B09D0072B09D0DF
:10891000052B0CBF002303238375837EC37570472B
:108920000123F9E70223F7E7036993F8400030B128
:10893000DA6B9388918910695B1A9BB2C01A7047F1
:10894000036993F838007047036993F8402012B91F
:1089500093F838007047012070470369C3E9071294
:1089600070470229036907D0042907D0012907D1DC
:108970001B691360002070471B7EFAE75B7EF8E7F7
:108980006FF085007047CB79026923B1012B02D0CB
:108990006FF085007047937600207047BFF35B8FC0
:1089A0000068BFF35B8F084100F001007047036966
:1089B0001B69BFF35B8F883353E8001F41F002014E
:1089C00043E80012002AF7D1BFF35B8F704710B560
:1089D0000469606BFEF7CBFC10B1012384F83930D9
:1089E00010BD10B50469606B4289C3889A4202D1F8
:1089F0004FF0FF3010BD0122FEF7B9FC0028F7D080
:108A000004F17800FAF760FD0020F3E738B5046957
:108A1000EFF31185202383F31288BFF36F8FE06B90
:108A2000FEF785FC85F31188BFF36F8F10B101232A
:108A300084F8413038BD026913690B6053694B609B
:108A40000020704738B5034640681B695D68AC6814
:108A5000A37A84F8223094F82D3084F823306968A2
:108A600041B1237C33B9FFF778FC18B96868FFF788
:108A7000F7FC2074002038BD01238B40DB43BFF39B
:108A80005B8F50E8002F1A4040E800210029F8D100
:108A9000BFF35B8F7047006902218830FFF7ECBF9E
:108AA000006903218830FFF7E7BF08B5036918693B
:108AB00000218830FFF7E0FFBDE808400121FFF703
:108AC000DBBF0369186901218830FFF7D5BF2DE9A5
:108AD000F04750F8483C00F140045B68064600212E
:108AE0002046D3F80090FFF759FF002850D001210D
:108AF0002046FFF753FF0746002849D1BFF35B8F9D
:108B000054E8003F43F0200244E800210029F7D157
:108B1000BFF35B8F9B063BD4D9F810305B689B6832
:108B2000402293F836104846FFF769FE054650B9D3
:108B300020460521FFF7A0FF30462122BDE8F0477F
:108B40000023FAF731BD8246428A5AF80C1F56F8C4
:108B50000C0CFEF70CFC804601465046FFF713FB59
:108B6000B8F1000F04D008F03F08B8FA88F77F0981
:108B700006F82D7C29464846FFF745FE40B12846B9
:108B8000DFF72AF820460521BDE8F047FFF774BF5C
:108B9000BDE8F08740297FB534D00DD8102933D0F7
:108BA00006D801296BD0082930D06FF0150426E0D3
:108BB0002029FAD1042308E0B1F5807F28D0B1F54F
:108BC000007F27D08029F0D1102304699BB2E1896E
:108BD00012B30B4342F2A1014FF40032E381CDE91D
:108BE00001120669ADF80C3043681C6806F1880371
:108BF00000211846FFF7D2FE88B96FF00C0420461A
:108C000004B070BD0823E0E70223DEE70123DCE7C0
:108C10002023DAE74023D8E721EA0303DAE701213A
:108C20001846FFF7BBFE0028E7D123695B689B6805
:108C30000A2293F826102046FFF7E1FD0546D8B139
:108C40000A2201A90C30FFF7A4FA20462946FFF7B3
:108C5000DAFD044618B12846DEF7BEFFCFE74FF035
:108C6000FF324FF0FF3306F18C00FAF75DFA0B305C
:108C700008BF6FF08B04C2E76FF00B04BFE700245E
:108C8000BDE7F8B50D46016947680C6949682B7E58
:108C90008968064691F83D102AB3994204D104210F
:108CA00004F18800FFF7E8FE33692A7E5B689B6861
:108CB00093F836309A4204D1052104F18800FFF779
:108CC000DBFE33692A7E5B689B6893F826309A4204
:108CD00003D104F18C00FAF74DFA29463846BDE875
:108CE000F840FFF7A8BD994214D12A8AE968606B61
:108CF000FEF71DFB28B1E3691BB104F12400FAF76C
:108D0000E3FB04F188000421FFF7B6FE04F17800CC
:108D1000FAF7DAFB33692A7E5B689B6893F8363092
:108D20009A4215D1E3691BB104F12400FAF7CCFB98
:108D3000052104F18800FFF79FFEE36B5A89DB8869
:108D40009A4205D00022002304F14800FAF72CFCD7
:108D500033692A7E5B689B6893F826309A42BCD1BF
:108D600004F18C00FAF7ACF9B7E738B550F8083CD5
:108D70000446002B4FD050F8243C5B6800F164059A
:108D80001A6800238382838302212846FFF706FEA8
:108D9000B8B154E9023110699847637D1BB104F101
:108DA0005400FAF791FB05212846FFF7F7FD98B923
:108DB000637F6BB10022002304F12400FAF7F4FB77
:108DC0000AE003212846FFF7E9FD0028E1D1E4E7A6
:108DD00014F8093C002BEDD102212846FFF7DEFDF7
:108DE00038B123695A89DB889A4202D02046FAF7C3
:108DF0006BFB03212846FFF7D1FD60B1A269938880
:108E0000918912695B1A9BB29A4204D02046BDE850
:108E10003840FAF759BB38BD38B550F8783C5B6834
:108E20001D6800F11003024600211846FFF7B6FD49
:108E3000002836D001211846FFF7B0FD88BB52F854
:108E4000441C8A8888890969121A92B28A1A3F2AB0
:108E500027D9BFF35B8F53E8002F42F0100143E89E
:108E600000100028F7D1BFF35B8FD30619D42B690C
:108E70005B689B68402293F83D102846FFF7BFFCD3
:108E8000044670B1438A402B28BF402343820146E9
:108E90002846FFF7B8FC20B12046BDE83840DEF791
:108EA0009BBE38BD08B5036903F188020221104654
:108EB000FFF774FD28B1596B4889C988401A18BF5B
:108EC000012083F8380003211046FFF767FD40B109
:108ED000DA6B908891891269401A80B2801A18BFA3
:108EE000012083F84000012008BD0069BFF35B8FBB
:108EF00000F1880353E8001F41F0080143E8001225
:108F0000002AF7D1BFF35B8FC26B938891891269F6
:108F10005B1A9BB29A4202D02430FAF7D5BA704756
:108F200038B50469BFF35B8F04F1880555E8003F4D
:108F300043F0040345E80032002AF7D1BFF35B8F0A
:108F4000636B5A89DB889A4203D004F12400FAF754
:108F5000BBFA04212846FFF721FD28B904F1780067
:108F6000BDE83840FAF7B0BA38BD70B503691C697E
:108F7000BFF35B8F04F1880555E8002F42F0010232
:108F800045E800210029F7D1BFF35B8F0221284675
:108F9000FFF704FD10B11846FFF7C2FFE36BDA8854
:108FA0005B899A420AD103212846FFF7F7FC68B192
:108FB00004F12400BDE87040FAF786BA04F14800D5
:108FC0000022BDE870400023FAF7EEBA70BD7FB50D
:108FD00014460A888B78ADF8002006460D22002141
:108FE0000DF103008DF8023005F0E9FA6A46694692
:108FF0003046F3F70FFA28B9BDF800209DF802308B
:109000002280A37004B070BD13B50C4601AA0331D1
:10901000FFF7DDFF48B9032201A9204605F0D7FA82
:10902000B0FA80F0400902B010BD0020FBE770B537
:10903000CE1C05460C4630460321F3F7E9F960B92A
:10904000637903F03F0343F04003637122463146E6
:109050002846BDE87040FFF7BABF70BD70B50D4639
:1090600000210446FEF7E6FE0D2818D1237B302BA5
:1090700013D1002305F8063B04F10C062A462046CE
:10908000012302210234FDF7A6FFB44205F1FF35AA
:10909000F4D1002070BD0123ECE7312BFBD06FF041
:1090A0001500F7E70020704710B50C4601782278CC
:1090B0008A4288B00ED06946E0F716FD04A9204622
:1090C000E0F712FD10220DEB0201684605F07FFA71
:1090D00008B010BD012A06D0022A07D072B9408814
:1090E0006388C01AF4E740686368FAE71022611CDD
:1090F000013008B0BDE8104005F069BA6FF0150006
:10910000E6E7042A0AD0102A0DD0022A4FF0000305
:1091100015D103700B884380012070470123037031
:109120000B684360F8E7022300F8013B01F11003EC
:1091300051F8042B40F8042B9942F9D1ECE718467A
:109140007047012310B50621044600F8013BF3F7F0
:109150005FF918B9A37963F03F03A37110BD0B68E1
:1091600003608B8883808B798371037823F00203FB
:10917000037070470078C0F34000704738B504466C
:10918000807ADEF781FC6169054649B1637ADB07C5
:1091900004D4C3691B6820469B6898470023636119
:1091A00021462846BDE8384003F088BC2DE9F0414F
:1091B0000C4601F10C08054600F10C01404617462B
:1091C0001E46FEF7D9FF6269E3682F829B1A13FAE5
:1091D00087F36B8201236B7239464046FFF70CF828
:1091E000E3687360628A0023E360728163823460A3
:1091F0002846BDE8F08138B5D1E90032DA600B6865
:109200004A895A820C4605460868DEF7E5FC204686
:109210001022002105F0D3F92846BDE83840FFF7B9
:10922000ADBF438A23B9C068B0FA80F040097047E7
:1092300000207047D0F8A43083B15A7CD1070DD5F7
:10924000D2060DD51B7C102B0CBF042303234372C5
:10925000807A98428CBF0020012070470223F6E7F5
:109260000323F4E70F2806D80D280BD8052814BFD0
:10927000022003207047132804D01A2814BF0220AC
:109280000120704701207047FEF752BC10B503461D
:10929000BFF35B8F53E8000F40EA010243E800246C
:1092A000002CF7D1BFF35B8F10BDFEF74ABC0B4615
:1092B00001461878E0F7A8BC0023DCF76DBFBFF3C8
:1092C0005B8F50E8003F0B4040E80032002AF8D1A5
:1092D000BFF35B8F704710B5E2F7C4FC6FF4807189
:1092E00004461030FFF7EBFF2046BDE8104000F0C9
:1092F0005EBAC368DB78012B01D1FFF7ECBF704782
:10930000C0F307231070000E5370D0700023C1F318
:109310000720090E9370137150719371D1717047CA
:10932000C368DB78012B01D1FFF7D5BF704738B593
:1093300004460D46E0F756FE5F3005D1294620462B
:10934000BDE83840E0F784BD38BD0120704710B556
:10935000028843889A4218D8052A16D9B3F5486F6F
:1093600013D88488B4F5FA7F0FD2C188A1F10A021C
:1093700092B240F67640824207D804FB0333B3EB47
:10938000810F34BF0120002010BD0020FCE7002029
:10939000704708B5E8F798FC18B1408A003818BF44
:1093A000012008BD70B506460D464FF0FF304FF066
:1093B000FF31E1F75BF9044668B103210C30FEF799
:1093C000E2FE0680857021460022BDE8704040F232
:1093D0000640E1F785BB6FF0680070BDC368187880
:1093E00008B1E1F7DBB81846E1F760BC38B54FF0DB
:1093F000FF3105464FF0FF30E1F738F9044668B118
:1094000002210C30FEF7BFFE2B880380214600228C
:10941000BDE8384042F21600E1F762BB6FF0680029
:1094200038BDF8B507460E464FF0FF304FF0FF311C
:109430001546E1F71BF9044678B106210C30FEF71A
:10944000A2FE3B8803804680858021460022BDE83D
:10945000F84042F22200E1F743BB6FF06800F8BD2C
:1094600070B506460D464FF0FF304FF0FF31E1F783
:10947000FDF8044618B9BDE87040E0F7DFBC0321F1
:109480000C30FEF780FE06808570214642F22100F6
:10949000BDE87040E1F7D2BA033138B5C9B205462C
:1094A0000E20E1F717FF032104460C30FEF76BFE98
:1094B00001230370A0F80150204638BD70B5054661
:1094C0000E460F200421E1F705FF042104460C306D
:1094D000FEF759FE0122067042704580204670BD9D
:1094E00008B5072205F073F8B0FA80F0400908BD0E
:1094F000FEF71EBB0B6803608B8883808B798371BA
:109500007047BFF35B8F0068BFF35B8F7047F8B5A0
:109510000F46144638BB4FF0FF304FF0FF31E1F7F4
:10952000A5F8054610B327210C30FEF72CFE39466E
:10953000FFF7E0FF06462246C31D04F1100152F872
:10954000040B43F8040B8A42F9D11022002106F1E2
:10955000170005F034F829460022BDE8F84042F231
:109560002700E1F7BDBA6FF01500F8BD6FF0680095
:10957000FBE7037A5B07024605D501462E3211F858
:10958000010BFFF7C4BF704738B54FF0FF310546F8
:109590004FF0FF30E1F76AF8044658B129460C3025
:1095A000FEF700FE21460022BDE8384042F22D00C1
:1095B000E1F796BA6FF0680038BD10B400F11003FF
:1095C000BFF35B8F53E8002F22F4005143E80014EF
:1095D000002CF7D1BFF35B8F930403D510BC01219E
:1095E00000F0E3B810BC70472DE9F041D1F80480D9
:1095F00086B004460D46B8F1000F1DD1037A5B0713
:109600001AD50E68411C701CFFF76AFF2E36162211
:1096100041460746684604F0D2FF102269463046AC
:1096200004F0D5FF58B137B9102204F12E013046AD
:1096300004F0CDFF00B96C6006B0BDE8F081002FEA
:10964000F9D1F9E700F1100208B503461046FFF71B
:1096500058FFC10511D5BFF35B8F52E8000F40F4EE
:10966000005042E800010029F7D1BFF35B8F184694
:109670000021BDE8084000F098B808BD10B50C46C0
:1096800030B919B1E8F7E2FA00B1441C204610BD28
:109690000024FBE718B111B10846E1F793BE6FF063
:1096A0001500704713B5044680B106216846F2F7ED
:1096B000AFFE48B99DF80530694603F03F032046E8
:1096C0008DF80530FFF7E6FF02B010BD6FF0150012
:1096D000FAE7003818BF01207047037AD90704D58C
:1096E00023F001030372E1F7FDBF990704D523F0CE
:1096F00002030372E2F710B8704700207047034678
:1097000010F4004F14BF06200720DA0348BF00F012
:1097100005009B0348BF00F0FB007047BFF35B8F61
:109720000068BFF35B8F7047012303FA01F15AB160
:10973000BFF35B8F50E8003F0B4340E80032002A44
:10974000F8D1BFF35B8F7047C943BFF35B8F50E81D
:10975000003F0B4040E80032002AF2D0F7E770B536
:10976000064686B00D464FF0FF304FF0FF31E0F770
:109770007DFF0446B0B10C3095B10121FEF712FD1A
:1097800006F1100203A9204600950823E0F75CFFCC
:109790000022214642F20A00E1F7A2F906B070BDAC
:1097A0002946EBE76FF06800F8E7FFF7D8BF1830FD
:1097B00003F073BA01F12003013813F8012D00F80A
:1097C000012F8B42F9D1704700230B60436813B916
:1097D000C0E900117047196041607047D0F8B400CB
:1097E000003818BF01207047084689691160C269B6
:1097F0001A60C27A0021183004F0E1BEFEF7A1B968
:1098000010B50346BFF35B8F53E8000F40EA010237
:1098100043E80024002CF7D1BFF35B8F10BD437BDE
:10982000072B01D1E2F708BE70472438E2F77EBE6D
:10983000036800220BB9184670478B4210D10B68A1
:1098400042B942680360914200D1436000230B603B
:109850000120704713604368994208BF4260F5E7F2
:109860001A461B68E6E710B50446006918B1DEF732
:10987000B3F90023236110BD10B500F1C802BFF396
:109880005B8FD0F8C830BFF35B8F7BB1BFF35B8FCA
:10989000591C52E8004F9C4204D142E8001CBCF124
:1098A000000FF6D1BFF35B8FE7D110BD1846FCE780
:1098B00010B5437B023B0446062B16D8DFE803F0C5
:1098C00009041515150B0900017300212046E2F764
:1098D00087FF002010BD0088FFF764FD0028F9D144
:1098E000637B072BF5D10821F0E76FF07F00F1E7EC
:1098F00010B50446D0F8A40028B9207A04F170010C
:10990000E8F7E2F938B1E278438A2AB903F0210096
:10991000003818BF012010BD03F02400F8E738B567
:109920008378012B044627D1437B072B27D10B06D5
:1099300001F07F050CD54FF400410430FFF760FFC4
:10994000A5722046E7F702FC08B1637AA37238BD1E
:10995000437AAB4216D2837AAB4213D2BFF35B8F0A
:10996000031D53E8001F21F4004143E80012002AC0
:10997000F7D1BFF35B8FE3E76FF01500E7E76FF018
:109980007F00E4E70020E2E78378012B0CBF407AF8
:109990000020704738B5037A8B420446154615D12E
:1099A00000F170010722284604F011FE80B1E3782F
:1099B000072243B904F17E01284604F008FEB0FAFC
:1099C00080F0400938BD04F17701F5E70020F9E7A0
:1099D0000120F7E78378012B0CBF7030002070471F
:1099E000F8B507460D464FF0FF304FF0FF31E0F776
:1099F0003DFE0646D0B10E210C30FEF7C4FB0E2210
:109A00000446002104F0DBFD3B8823802B88638023
:109A10006B88A380AB88E380EB88238131460022EA
:109A2000BDE8F84042F21300E1F75AB86FF0680061
:109A3000F8BD704710B50446FAF760F8234653F8AE
:109A4000402BD2F8B41061B92164D2F8B81061B9D2
:109A5000C2E92D33FAF766F82068BDE81040E2F756
:109A60009BBE8B42F6D00968EDE70B60C2F8B830B8
:109A7000F0E703682BB141681A6802608B4208BFA7
:109A80004260704770472DE9F843446B2CB154F89D
:109A9000085905B1083D00270CB9BDE8F883D4E9A1
:109AA00000682EB3FAF72AF8D6F8B43004F1400172
:109AB000002263B1994233D1236C4ABBD6F8B82057
:109AC000C6F8B430914201D1C6F8B8302764FAF72D
:109AD00029F804F13009002200234846F9F7BEFABC
:109AE000064600BBD8F804300BB1204698472760E3
:109AF000E3680BB120469847D8F820300BB12046D8
:109B00009847DDB1AB6803B1083B2C461D46C3E75F
:109B10001360D6F8B830994208BFC6F8B820D5E728
:109B20001A461B68C5E7B36923B1F16920686FF075
:109B30006D0298473046DEF74FF8CCE72B46E4E756
:109B400038B5406B0D4620B150F8084904B1083CC7
:109B500000B938BD43689B680BB1294698472CB1C2
:109B6000A36803B1083B20461C46F1E72346FAE709
:109B7000F8B50F4600210546164600234FF4803203
:109B80000846E3F7D7FB044620B92846E3F79EFBD7
:109B90002046F8BD04210C30FEF7F5FA0570477039
:109BA0004680F5E7406B30B1838B8B42A0F1080013
:109BB00001D08068F7E7704710B54AB989B2FFF75E
:109BC000F1FF28B143689B6913B1BDE81040184705
:109BD00010BD38B50D460521FFF7E4FF00231A46F6
:109BE0002946E3F7C1FB044610B12846DDF7F4FF30
:109BF000204638BD406B30B183898B42A0F108000C
:109C000001D08068F7E7704770470346006828B1C5
:109C1000596802681A60884208BF5A607047034654
:109C2000002003B970471A8A5B681044F9E710B541
:109C3000D4682378023113B92170012010BD8B4202
:109C4000FBD0038A023B038200201061F6E7FDF798
:109C50006FBF2DE9F04104468868FFF7E0FF638D90
:109C6000628B934228BF134683420D461DD3216564
:109C7000D1F8088000278F60F9F740FF4146204661
:109C8000E3F768FD064638B1C5F808802765F9F79F
:109C900049FF3046BDE8F081618D638B994228BF52
:109CA0001946284600F0E7FEF1E76FF07906F0E785
:109CB00073B51446014605464FF49572206800F0CE
:109CC0002FFE207530B92068294600F0D7FE20B954
:109CD00008232375002002B070BD237AB3B1A3F12D
:109CE0001802534253419B000193638A0093AE686C
:109CF000238AE26820682946B047002808DB238AC7
:109D000098420CD1002323750120E4E70223EBE7FE
:109D100010F1FF0F03D34042C0B22075DAE70E20E6
:109D2000FBE738B504460D46E3F714FD30B129468C
:109D300004F15400BDE8384002F0B5BE38BDF8B5B6
:109D40009368166805460F46144663B950680121AA
:109D50000C30FEF718FAA0602B681B78002B14BF9C
:109D6000022301230370A3681B78012B03D0022B6D
:109D70001FD000201CE02B681B78002BF9D16068F5
:109D800004210C30FEF7FFF9E06007802A68E368E1
:109D900052885A806168728D738B088A9A4294BF88
:109DA000C0EB0200C0EB0300042894BF0020012098
:109DB000F8BD2B681B78022BDBD1606812210C30B8
:109DC000FEF7E1F9E06007802B68E268591C023277
:109DD000113351F8040B42F8040B9942F9D1616830
:109DE000728D738B088A9A4294BFC0EB0200C0EB5D
:109DF00003001228D9E770B40668F2695AB3144612
:109E000054F8983903B1983B002211467CB9438D30
:109E1000408B8B4201D890421FD9824238BF024604
:109E20009942306838BF194670BCE6F735BB8442AA
:109E300007D0658D648BA94238BF2946A24238BF3E
:109E4000224633B1D3F8985005B1983D1C462B46B5
:109E5000DCE71D46FAE71146D9E770BC7047D068C9
:109E60000378043113B90170012070478B42FBD095
:109E700091680B8A0020043B0B82106170471FB56C
:109E8000CDE90123002300931A46E5F79FFB05B0B7
:109E90005DF804FB0368002203B970478B420FD1C1
:109EA0000B683AB942680360914200D143600023D5
:109EB0000B60704713604368994208BF4260F6E741
:109EC0001A461B68E8E7BFF35B8F50E8003F43F09A
:109ED000080240E800210029F7D1BFF35B8FC3F3EC
:109EE000C00070472DE9F041064690461F460D46DA
:109EF000B9B104220121E3F7FDFC044618B9BDE81D
:109F0000F041E3F7CDBC04210C30FEF73CF90570BD
:109F1000A0F80180C77021463046BDE8F041FFF748
:109F200000BFBDE8F08137B50C46054601F10C00D5
:109F3000FEF77AF9228A0192E26800920346132220
:109F400012212846E3F72EFD03B030BD37B50C468D
:109F5000054601F10C00FEF767F9228A0192E268DA
:109F600000920022034611462846E3F71BFD03B08A
:109F700030BD70B504460E46002200230846F9F7AE
:109F80006DF8054658B101462046E3F7E3FB044669
:109F900018B12946304602F091FD204670BD6FF0A1
:109FA0000104FAE707B5CA681388528800920C21A9
:109FB0000D22E3F7FDFE03B05DF804FB07B5CB68A7
:109FC00000221B8800920A210B22E3F7F1FE03B066
:109FD0005DF804FB2DE9F041CB681F88BBB2162B5E
:109FE00005461BD90321E3F7A7FD0646C0B10221B0
:109FF0000C30FEF7C8F800244FF0410880F80080CC
:10A00000447031462846FFF78CFE2846A5F81A8092
:10A010006F85FFF7F0FE2046BDE8F0810420FBE7E6
:10A020000E20F9E72DE9F04F064685B01046904620
:10A030009946FFF7F4FD738B728D934228BF134648
:10A0400083428B4675D9736803934046FEF762F8E6
:10A050004FF0000A04464046FFF7E1FDE168228A1E
:10A06000658A6369778BCB1AAD1AED1A738D9F429F
:10A0700094BFC0EB0700C0EB0300854228BF054634
:10A0800025BB98F80A00DDF7FFFC00220023FEF74D
:10A090000EF8044608B9574627E001464046FEF749
:10A0A0004AF84046FFF7BBFDE168228A658A63698A
:10A0B000778DCB1AAD1AED1A738B9F4294BFC0EB0C
:10A0C0000700C0EB0300854228BF0546CDF800908D
:10A0D000DBF8047003980A44ABB25946B847071E30
:10A0E00007DABAF1000F18BF5746384605B0BDE889
:10A0F000F08F0E9BABB9394604F10C00FEF743F824
:10A100004046FFF78CFD738D728B934228BF134638
:10A11000B9448342BA441FFA89F9BCD9AF429AD0F4
:10A12000B9E70F9A0E9B3946204698470028E2D19E
:10A13000B1E70027D9E72DE9F3411768D7F8048084
:10A14000002314461373014606469522404600F04C
:10A15000E7FB0546207330B93146404600F08CFCE1
:10A1600028B908232373002002B0BDE8F081A0685D
:10A17000798D7A8B038A914294BFC3EB0103C3EBC1
:10A180000203012BEFDD02210C30FDF7FCFFCDE9CE
:10A1900000558046A388A26831463846FFF742FF43
:10A1A000031E06DA13F1FF0F26BF5B42DBB20E235C
:10A1B000D8E7A8F800300120D6E72DE9F341176869
:10A1C000D7F80480002314461373014606469522EF
:10A1D000404600F0A5FB0546207330B931464046A5
:10A1E00000F04AFC28B908232373002002B0BDE820
:10A1F000F081CDE900553146A388A2683846FFF7C3
:10A2000011FF002807DA10F1FF0F26BF4042C0B24D
:10A210000E202073E9E70120E8E7F8B50546071F9F
:10A2200000F1480350F8044CBFF35B8F53E8001F64
:10A2300021F0040143E80012002AF7D1BFF35B8F3D
:10A24000FCB1EB6C83B9636873B1201DFFF7DDFCD3
:10A25000064601463846FFF7FCFC90B16368336060
:10A26000A368666003B9A66005F150013846FFF7A0
:10A2700080FE30B104F10C013846BDE8F840FFF72C
:10A2800078BEF8BD2DE9F041C469074644B154F8E1
:10A29000986906B1983E0022154607F104080CB9EA
:10A2A000BDE8F081236D9BB905B98AB94046FFF737
:10A2B000ACFC054658B101462046FFF7CAFC002811
:10A2C000EED07B682B60BB687D6003B9BD60224621
:10A2D00036B1D6F8983003B1983B34461E46DEE7D7
:10A2E0003346FAE738B50546BFF35B8F0B68BFF31B
:10A2F0005B8FDB0716D550F8040C98B1EB6C8BB96B
:10A300000430FFF782FC044660B10146281FFFF7C6
:10A31000A0FC38B155F8043C5A6822609A685C6029
:10A3200002B99C6038BDE5F7E9B808B500230A8A90
:10A33000C968E4F70BFA002008BD70B50D46E4F7D4
:10A340009DF8044628B92846DDF746FC6FF07F00EB
:10A3500070BD00F10C062946304602F0A4FBE4690A
:10A36000C4B154F8985905B1983D0022104607E051
:10A3700022467DB1D5F8983003B1983B2C461D4656
:10A38000831C01D1002AF4D131462046FFF7F1FDAC
:10A390000028EDD10020DBE738B505460C46F9F77B
:10A3A000ADFB2846E4F76AF820B9F9F7BBFB6FF07C
:10A3B0007F0038BD0023236083683BB9C0E90144B6
:10A3C000FFF760FFF9F7AEFB0020F2E71C60846046
:10A3D000F6E70120704708B5E4F750F898B1C36973
:10A3E0008BB1BFF35B8F983B03F14C0252E8000F37
:10A3F00020F0080042E800010029F7D1BFF35B8F8D
:10A40000D3F89830ECE708BD08B50421FFF7F2FB5C
:10A4100030B1BFF35B8F806CBFF35B8FC0F3C000C4
:10A4200008BD036800220BB9184670478B4210D153
:10A430000B6842B942680360914200D14360002337
:10A440000B600120704713604368994208BF426067
:10A45000F5E71A461B68E6E710600020704710B564
:10A46000029CA36833B1B1F5807F28BF0E21CAB228
:10A4700021469847A37DE268013BDBB2A37522B178
:10A480001BB92046BDE81040104710BD10609180F8
:10A490000020704700207047FDF753BBF0B50768F8
:10A4A0003D7889B006461446DDB97B88B3F5245F54
:10A4B00004D010D8A3F52053032B12D8ADF80A10FE
:10A4C00002220DF10A012046E4F77CFA68B16FF030
:10A4D0001503E36406E003F55643FF339BB2042BF8
:10A4E0001FD90125284609B0F0BD7B88ADF80A3098
:10A4F00002220DF10A012046E4F764FA0028E6D1B1
:10A50000009003AA776813233146B847021E01DA88
:10A51000E264E7E703A92046E4F754FA0028E0D014
:10A52000D5E7ADF80A1002220DF10A012046E4F742
:10A5300049FA0028CBD17B88ADF80A3002220DF110
:10A540000A01E8E708B5072204F041F8B0FA80F004
:10A55000400908BD10B503789342044607D1013085
:10A56000FFF7F0FF002814BF2046002010BD002098
:10A57000FCE710B50346BFF35B8F53E8000F40EADA
:10A58000010243E80024002CF7D1BFF35B8F10BD1C
:10A5900010B50346BFF35B8F53E8000F00EA0102DA
:10A5A00043E80024002CF7D1BFF35B8F10BD0B688C
:10A5B00003608B8883808B7983717047BFF35B8FD7
:10A5C0000068BFF35B8F7047FDF7B2BA70B50D46F8
:10A5D000064611F8010BE2F70DFD044610B12C8977
:10A5E000E2F7AEF86B89A34207D0EB686C8123B128
:10A5F00021463046BDE87040184770BD38B5BDF8FB
:10A600001040A24215460CD84CB16BB1A41A8C4232
:10A61000A8BF0C46A4B22246591903F0A9FF204650
:10A6200038BD6FF00604FAE76FF00D04F7E730B5B8
:10A6300085B0C96814461D46E4F7E0FA00B1008908
:10A64000ADF80E0002230093BDF820200DF10E039B
:10A6500029462046FFF7D2FF05B030BD1FB50C4696
:10A660001946E3681C781046BDF818203CB1102448
:10A670000133069404B0BDE81040FFF7BFBF5B880C
:10A68000ADF80E30022300930DF10E03FFF7B6FF75
:10A6900004B010BD30B585B01D46002314468DF8BA
:10A6A0000C30E4F779FA10B1037A8DF80C300123FD
:10A6B0000093BDF8202003AB29462046FFF79EFFFC
:10A6C00005B030BD10600020704770B500F1700615
:10A6D00005463146007AFEF75CFE04463146287A8C
:10A6E0001CB1BDE87040E4F7EFBBE4F7D7F910B157
:10A6F00004604460846070BD022A10B508D1002354
:10A7000000F170011A46007AE4F7E6FA022010BD63
:10A71000FFF7DBFFFAE708B50C3029B10121FFF79D
:10A7200028FFC043084008BD6FF00101FFF730FF6C
:10A7300000F00100F7E710B50446FFF7ECFF38B171
:10A7400021460122BDE8104011F8010BE4F76ABA76
:10A7500010BD38B504461546FFF73BFE48B120460C
:10A76000E4F71AFA28B1037ADB0702D50121FFF7D3
:10A77000E2FF55B9207A04F17001E4F78FF920B1B6
:10A780008560BDE83840E4F78FBA38BD38B5BDF80C
:10A790001010BDF81840059DA14210460CD84CB1D0
:10A7A0006DB1641A9C42A8BF1C46A4B2224629443B
:10A7B00003F0DEFE204638BD6FF00604FAE76FF0C6
:10A7C0000D04F7E713B5044610B9002002B010BD20
:10A7D00000238DF80430006842F6030301A9ADF8A8
:10A7E0000630FEF761FC0028EFD1E3689888002866
:10A7F000ECD12046E4F7BAFE013080B2E6E770B54E
:10A80000CC6888B008461E46A3798DF80C301546F2
:10A81000FFF7D8FFADF80D00246823786BB9638883
:10A82000ADF80F3005230093BDF8302003AB31465F
:10A830002846FFF7E3FE08B070BD631C0DF10F0260
:10A84000113453F8041B42F8041BA342F9D113231B
:10A85000E9E71FB5CDE90123002300931A46E4F789
:10A86000B5FE05B05DF804FBE4F7F4BF38B5044667
:10A8700059B100F170052946007AE5F793F9207A7D
:10A880002946BDE83840E4F739BB38BDF8B506467F
:10A890000F46E4F7E1F8394604463046FEF779FD05
:10A8A00068B364B304F108056FF001012846FFF7AF
:10A8B0006FFEC20703D539463046E5F773F96FF0EE
:10A8C00002012846FFF764FE830703D53946304668
:10A8D000E4F714FB2846FFF771FE80B9234603F81E
:10A8E000010BC4F80100C3F80300BFF35B8F55E808
:10A8F000003F45E80002002AF9D1BFF35B8FF8BDA5
:10A9000010B50446A0F1170110F8180CFFF7BEFFB0
:10A9100014F80C0CA4F10B01BDE81040FFF7B6BF12
:10A9200038B54C8AD3070546C4F30E0404D514F099
:10A93000950F2AD04B6843B3900704D514F4957F44
:10A9400025D08B681BB3144014F4DE7F0DD0EB7A56
:10A950002BB92846FEF7CCFFD8B9052038BD14F036
:10A96000300F04D114F4C07F07D10020F6E7284649
:10A97000FFF70AF80228F5D8EFE7D5F8A430002B46
:10A98000EBD05B7CDB06E8D5EFE70220E6E70320AF
:10A99000E4E70F20E2E7F8B514460F469422616819
:10A9A0000646FFF7BDFF20BB616801223046E5F790
:10A9B000EBF908B3A2891B2102323046E3F758FEB7
:10A9C0000546E0B1A1890C300231FDF7DCFB20F82F
:10A9D000027BA289A16803F0CBFDD4E904122846CA
:10A9E0000123E3F7DDFF29463046BDE8F840FFF7D5
:10A9F000A4BC4FF0FF30F8BD6FF01500FBE76FF01F
:10AA00000B00F8E72DE9F04105468846E4F7C4F865
:10AA10000446E0B1037ADB0719D500F10C0738468C
:10AA2000FFF7CCFD10F0010611D1B8F1000F0FD0E7
:10AA30006FF002013846FFF7ABFD10F0020F284619
:10AA400009D0FFF7C8FC01212046FFF774FE01265C
:10AA50003046BDE8F081FFF7BCFC0028F8D028465E
:10AA6000FFF7D2FC0028F3D06FF002013846FFF761
:10AA70008FFD2846E5E770470120704701207047A9
:10AA800013B5C068144668B100238DF8043001A9DD
:10AA90004FF4C053ADF80630FEF706FB10B923683B
:10AAA00001332360012002B010BD07207047FDF77D
:10AAB0003FB8BFF35B8F0068BFF35B8F084100F0C6
:10AAC0000100704738B50A46034609B9012038BD70
:10AAD000488A10F0240FF9D0197D5D7B147CA942BF
:10AAE00028BF29468C4201D90020F0E7800607D410
:10AAF000517CC9070BD4187A003818BF0120E6E74B
:10AB00000521181DFFF7D5FF0028F1D1ECE7197AD0
:10AB10000029E9D00521181DFFF7CBFF18B9197AD4
:10AB200001390129E0D9527CD207CFD4E3E70123D0
:10AB30008B40DB43BFF35B8F50E8002F1A4040E8A7
:10AB400000210029F8D1BFF35B8F7047FCF7F9BFF4
:10AB500010B50621FFF74EF8044618B9E5F7ACFD2D
:10AB6000204610BDA0F1EC04FAE74FF47022002358
:10AB700000F59C70F8F74CBD0720704701238B400F
:10AB8000BFF35B8F50E8002F1A4340E800210029F3
:10AB9000F8D1BFF35B8F704708B50E21FFF7EEFFCA
:10ABA000002008BD70B5051D0E4628460421FFF79C
:10ABB00080FF68B10022002100230846E2F7BAFBBB
:10ABC000044640B904212846FFF7D8FF204670BD4F
:10ABD0004FF47022EFE701210C30FDF7D4FA067034
:10ABE000F4E738B504210446FFF7DCFF054698B1C9
:10ABF00010210C30FDF7C7FA04F1270304F13702E6
:10AC000053F8041B40F8041B9342F9D1204629460F
:10AC1000E5F768FD002038BD0820FCE770B5D0F8E6
:10AC2000EC30DB78012B044619D1CD68061D1021CC
:10AC30003046FFF77CFF2B4604F1B70205F1100107
:10AC400053F8040B42F8040B8B42F9D1072130462C
:10AC5000FFF72FFF28B109213046FFF78FFF0020B3
:10AC600070BD0A213046FFF724FF0028F3D12046AB
:10AC7000BDE87040E5F74CBE0720704707207047DD
:10AC80000720704730B5012303FA01F1CA43BFF32F
:10AC90005B8F50E8003F03EA020440E80045002DC6
:10ACA000F7D1BFF35B8F01EA0300003818BF012022
:10ACB00030BD38B50446031D0025BFF35B8F53E854
:10ACC000002F43E800510029F9D1BFF35B8F04F551
:10ACD0009C7001F0E2FF2572BFF35B8F54E8003FE8
:10ACE00044E80052002AF9D1BFF35B8F20460121CE
:10ACF000BDE83840FFF742BF70B500F17006054669
:10AD00000C4607220968304603F061FCB8B9636855
:10AD10001A682A679A88A5F874209B7985F8763096
:10AD2000D5F8A4305BB1A268934208D0626811687C
:10AD3000C3F801109188A3F805109279DA7170BDFB
:10AD40002DE9F84FDDF82C80BDF828900446924696
:10AD50001F46FFF7FDFE054600285CD0061DB9F131
:10AD6000000F27D15AEA070324D103213046FFF709
:10AD7000A0FEF8B101213046FFF79BFED0B12C7D3B
:10AD80006B7B9C4228BF1C46224605F1470140468A
:10AD900003F0EEFB0F2C06D8C4F11002494608EB75
:10ADA000040003F00CFC30460121FFF7E7FE012010
:10ADB000BDE8F88FD4F8A43083B904F1700B217A80
:10ADC0005A462020E6F72CFFC4F8A40030B9217AB7
:10ADD0005A460120E6F724FFC4F8A400B9F1000F99
:10ADE0000CD15AEA070709D1D4F8A41031B14B8A23
:10ADF0009B0603D50C7C1E312246C8E70F21304646
:10AE0000FFF757FE20B1022206212046E2F790F814
:10AE10002846FFF74EFF0020CAE76FF08500704715
:10AE200070B504460820E5F7F7FB0546E0B1061DBE
:10AE300008213046FFF77BFEBCB30721FFF777FE02
:10AE4000234605F1970204F1200153F8040B42F860
:10AE5000040B8B42F9D10A213046FFF72AFE70B16C
:10AE600009213046FFF78AFE0720E5F7D5FB0446A7
:10AE7000E8B1E5F755FCD0B10821204612E01021D9
:10AE80003046FFF716FE09210028EAD13046FFF7C9
:10AE900010FE0028E8D02846E5F73AFD01460028D4
:10AEA000E2D02846E6F7A6FADEE70B21F9E770BD07
:10AEB00070B50446A0F1EC0650F84C3BE83CD3F8E2
:10AEC000A45001F0EAFE03212046FFF7F2FDA0B1F5
:10AED00008213046E6F7FCF93DB16B8A13B16B7C73
:10AEE0009B0702D5284600F034F830464FF4B8727C
:10AEF000BDE87040002103F062BB01212046FFF74E
:10AF0000D8FD0028E4D10F212046FFF7D2FD00280C
:10AF1000DED1E1E708B5072203F059FBB0FA80F073
:10AF2000400908BD0121E0F789BA70B504460D4615
:10AF30001646E6F775FE38B931462846E6F7D6FDDF
:10AF400010B1438A1C43448270BD438A1943418235
:10AF5000704710B5037A5B07044601D5E0F7DCFBC8
:10AF6000214611F8010BDEF789FD20464822BDE895
:10AF70001040002103F023BB531E1944024411F872
:10AF8000013900F8013B9042F9D1704710B5431EDA
:10AF900000F11002073013F8011F12F8014D1C7068
:10AFA00083421170F7D110BDF0B597B014460E462C
:10AFB0002022014605A81D461C9FFFF7DDFF202229
:10AFC00031460DA8FFF7D8FF2146102201A88DF8C1
:10AFD0005450FFF7D1FF3B46412205A901A8E7F7EE
:10AFE000AFF8044610B93846FFF7D0FF204617B037
:10AFF000F0BD2DE9F04397B00446164605A810228F
:10B000001D46DDE91F98219FFFF7B6FF102231464C
:10B0100009A8FFF7B1FF102229460DA8FFF7ACFFE2
:10B020001E99032211A8FFF7A7FF4946D9F801008E
:10B0300011F8013B8DF8473012908B88ADF84C30F9
:10B04000062212A8FFF798FF4146062211F8013B9D
:10B050008DF84E30D8F80130CDF84F300DF14F005B
:10B060008B88ADF85330FFF787FF2146102201A8E7
:10B07000FFF782FF3B46412205A901A8E7F760F8E8
:10B08000044610B93846FFF781FF204617B0BDE8E7
:10B09000F08338B50446807ADCF7F6FC6169054632
:10B0A00049B1637ADB0704D4C3691B6820469B68F7
:10B0B00098470023636121462846BDE8384001F0E7
:10B0C000FDBC30B50906847C054614D414F040005C
:10B0D00016D0298AC3F30A00C1F30A01884222D894
:10B0E00002F00300022809D003280AD0012811D059
:10B0F00004F0010004E014F02000E9E7C4F380004C
:10B1000030BD14F00200FBD013F4C05F09D0C4F3CB
:10B110000010F5E714F0080205D013F4C05FEFD07B
:10B12000F5E70120ECE70020EAE7BFF35B8FD0F8FA
:10B13000A000BFF35B8F00F001007047BFF35B8F8F
:10B14000D0F8A000BFF35B8FC0F34000704701F060
:10B150000F030906026948BF103352F823007047F5
:10B16000007DC0F300107047037D61F30413037585
:10B17000704708B502691046FFF7D7FF60B9087E2F
:10B1800000F00F03000648BF103342F823100846B2
:10B1900001F05AFC002008BD6FF00C00FBE7002214
:10B1A0000023F7F75BBF01F093BC01F07CBC407E4D
:10B1B000C0F3C0007047437E23F008034376704716
:10B1C0001FB504698DF80410CDE90220D4F8983039
:10B1D00001A9984704B010BD1FB5046903460620B5
:10B1E0008DF804002046CDE90213FFF79EFF40B121
:10B1F000C1F81E20D4F8982001A91846904704B041
:10B2000010BD4FF0FF30FAE738B505460C46204632
:10B21000FFF7C5FF014600B938BD6FF07002284640
:10B22000FFF7DAFFF3E72DE9F84306690746D6F89A
:10B230000090D6F840800D464FF0FF324FF0FF33BC
:10B2400006F18400F7F748FE4046FFF7A8FF0146E5
:10B2500018BB4846FFF7A3FF044620BB99F81430FB
:10B2600023F0100389F8143098F8143023F01003F9
:10B2700088F8143024BB012286F8B020EDB12B6889
:10B28000C6F8A8306B68C6F8AC3086F8B1203869CB
:10B290008430BDE8F843F7F791BE6FF06702384697
:10B2A000FFF79AFFD0E7637EDB07D7D46FF0670222
:10B2B00021463846FFF790FFCBE786F8B150E6E726
:10B2C0002DB10822294604F10C00FCF762FF002290
:10B2D00021463846FFF780FFD9E72DE9F8430546B8
:10B2E000D0F80890884614461F46FFF730FF064600
:10B2F000002835D0D9F83C302846984741463B884D
:10B3000022463046FFF7DDFE804690B18BB92B69AF
:10B3100093F88030DB0758BF402204F0030446BF97
:10B320004FF480624FF400711146022C0DD0032CB3
:10B3300011D02846D9F840309847B8F1000F14BF13
:10B3400000206FF08500BDE8F883338A8B4228BF68
:10B350000B463B80EDE7338A934228BF1346F8E75C
:10B360006FF01200EFE72DE9F3411F464B06D0F8CE
:10B37000088004460D4616461BD0D8F83C30984746
:10B380002069FFF7DBFE88B19DF820300093294645
:10B390003B4632462046F3F721FD0546D8F84030BB
:10B3A00020469847284602B0BDE8F0814FF0FF35AF
:10B3B000F4E76FF01505F5E770B54B0686680446AF
:10B3C0000D4612D0F36B98472069FFF7AEFE48B1E7
:10B3D00029462046F3F746FD0546336C204698473C
:10B3E000284670BD4FF0FF35F7E76FF01505F7E71A
:10B3F00070B586680546F36B0C4698472869FFF7D9
:10B400009DFEB0B121462846FFF7A1FE014698B146
:10B41000037DDB0710D5437E03F00303012B0ED021
:10B42000F3682846984704462846336C98472046D8
:10B4300070BD4FF0FF34F7E76FF01204F4E76FF0E0
:10B440008504F1E7F8B587680646FB6B0C4698471C
:10B450003069FFF773FEE0B121463046FFF777FE13
:10B460000546C8B1037DDB0716D5437E03F0030311
:10B47000012B14D001463B6930469847044618B961
:10B480002B7D60F341032B7530463B6C984720467B
:10B49000F8BD4FF0FF34F7E76FF01204F4E76FF0F8
:10B4A0008504F1E72DE9F04186680769F36B0546ED
:10B4B0000C4698472869FFF741FE98B394F8188026
:10B4C00028464146FFF743FE014670B3037DDA0785
:10B4D0002BD518F07F0F20D197F8B030EBB1637EF9
:10B4E000DB0717D597F8B13033B1082207F1A8016F
:10B4F00004F10C00FCF74DFE002287F8B020214635
:10B500002846FFF769FE04462846336C98472046D4
:10B51000BDE8F0816FF06702F1E7736822462846C4
:10B520009847F0E74FF0FF34EEE76FF01204EBE7D7
:10B5300070B5866805460C46F36B98472146284649
:10B54000FFF705FE48B101F0C3FAB0FA80F46409D0
:10B550002846336C9847204670BD0124F8E708B5AB
:10B5600003691B6800215A8BF3F7D6FC28B1437E90
:10B5700023F0070343F00103437608BD08B539B94A
:10B5800003691B685B8B013A1A44B2FBF3F25A431E
:10B59000F3F7C2FC28B1437E23F0070343F0020314
:10B5A000437608BD08B561B903691B685A8BF3F788
:10B5B000B3FC28B1437E23F0070343F00403437632
:10B5C00008BD0022F3E770B586680D46F36B0446AC
:10B5D00098472846DCF700FB2046336C984700204C
:10B5E00070BD70B586680546F36B98472869FFF70C
:10B5F000A5FD044620B133683BB128469847044670
:10B600002846336C9847204670BD0124F8E7F8B50A
:10B6100087680669FB6B044698472069FFF785FD3C
:10B62000D8B12069FFF78AFDD0B9FB6A2046984758
:10B63000054668B9BFF35B8F06F1A00353E8001F0E
:10B6400041F0020143E80012002AF7D1BFF35B8FFB
:10B6500020463B6C98472846F8BD4FF0FF35F7E78A
:10B660006FF07705F4E7F8B587680669FB6B044669
:10B6700098472069FFF762FDB0B13B6B20469847C1
:10B68000BFF35B8F054606F1A00353E8001F21F0CE
:10B69000020143E80012002AF7D1BFF35B8F204676
:10B6A0003B6C98472846F8BD6FF07705F7E72DE922
:10B6B000F0410546D0F80880066914460F4631B3BC
:10B6C0002AB3D8F83C3098472869FFF72EFDD8B93F
:10B6D000C6E926742846D8F834309847044660B93D
:10B6E000BFF35B8FA03656E8003F43F0010346E806
:10B6F0000032002AF7D1BFF35B8FD8F840302846DC
:10B7000098472046BDE8F0816FF07704F5E76FF0C9
:10B710001504F6E7F8B587680669FB6B0446984799
:10B720002069FFF70BFDD0B92069FFF7FEFCC8B117
:10B73000BB6B20469847BFF35B8F054606F1A0031D
:10B7400053E8001F21F0010143E80012002AF7D15D
:10B75000BFF35B8F20463B6C98472846F8BD6FF0DF
:10B760000F05F7E76FF07705F4E74FF08053D3F854
:10B770003021082A05D1D3F83401003818BF012040
:10B78000704700207047C343C3F3C01300F00F009D
:10B7900000EB03107047FCF7CBB901238B40BFF3DC
:10B7A0005B8F50E8002F1A4340E800210029F8D1B0
:10B7B000BFF35B8F704700698430F7F7FFBB006908
:10B7C00084304FF0FF324FF0FF33F7F785BB10B5F1
:10B7D000807A0C46DCF758F9C36921465868BDE801
:10B7E000104000F0D1BFF7B50D46807A17461E46CF
:10B7F000DCF74AF92C68C369033424F00302586863
:10B800002A600421CDE90076F7F74CFA00B92860E8
:10B8100003B0F0BD0369C9B20C2202FB0133186CFE
:10B8200000F00700704770B50346C9B20069EFF336
:10B830001186202484F31288BFF36F8F0C2505FB3B
:10B840000104246C14F0C00401D0A24211D105FB04
:10B85000010001220264002086F31188BFF36F8F7C
:10B8600030B95B680C2202FB01335B68984700200B
:10B8700070BD4FF0FF30EFE78022FFF7D4BFF8B57F
:10B88000069F04690546C9B2EFF3118C202080F3AE
:10B890001288BFF36F8F0C2606FB0146306C00F058
:10B8A000070EBEF1010F10D1376400268CF311880A
:10B8B000BFF36F8F3EB90C2041430C44C4E90E2303
:10B8C0006B685B5898473046F8BD00F0C00087426F
:10B8D0000CBF6FF077064FF0FF36E7E713B5802413
:10B8E0000094FFF7CCFF02B010BD10B40069CBB2DA
:10B8F0001C2404FB0300002110BC10471046F7F77E
:10B90000DFBB00F05DBBF6F71FBCF7B51C46164663
:10B91000002382682360A36053690D4601AA69462B
:10B920009847019B5A1E01921BB96FF0150003B096
:10B93000F0BD0098A26847682168676085B9B31AAE
:10B94000D0F800C0634528BF63461A4403FB0711C3
:10B950002160A26002689A4206D808300090E0E7B1
:10B960006B1AB3FBF7F3EBE70020E0E71346002286
:10B97000FFF7CBBF2DE9F047836886B05B69884647
:10B98000914601A902AA98470024A2462546029B97
:10B99000AB4202D806B0BDE8F087019F07EBC507B0
:10B9A00000267B6804933A68B2420AEB060302D889
:10B9B00001359A46EBE703940593494603A8C0472F
:10B9C0000028E7D0049B01361C44ECE710B50C4678
:10B9D00000F0CAFD0023C4E90003184610BD38B5C5
:10B9E00005460C4600F0C0FD002D07DBA84205D936
:10B9F000401B84428CBF0020012038BD0020FCE7A2
:10BA000070B50D462846194616461C46FFF7E7FF57
:10BA100030B921462846F4F77FFF6FF0150070BD5E
:10BA200024B122462946304602F0A2FD0020F6E766
:10BA300070B5044600F09EFD237B05460BB1F0F780
:10BA4000A3FD0026F4F7A8FFD8B96068F6F77EFDDD
:10BA5000A3685B1BA36063682B446360F4F784FFF7
:10BA6000237B01363BB9A368002BEBD1A0680038DB
:10BA700018BF012070BD3046D6F70AF90028F2D071
:10BA8000F4E76FF08B00F5E743685B68D3F8103597
:10BA90000B600020704743685B6802EA010021EAFE
:10BAA0000201C3F80805C3F80C150020704743686D
:10BAB0005B680020C3F80815704743685B68002086
:10BAC000C3F80C15704743685B68D3F8042521EA76
:10BAD00002001140C3F80805C3F80C150020704798
:10BAE00030B50369586800B30024884219D108684A
:10BAF0008CB99C685860A14200D198600020086011
:10BB00002AB15A680A609A68596002B9996000209F
:10BB10000FE02846E9E720609868814208BF9C60F2
:10BB2000ECE705680446002DF3D1002AE9D16FF057
:10BB3000150030BDF6F718BC13B54FF08052082938
:10BB4000136E526E28BF082112BA00921BBA0C461F
:10BB50000A466946019302F00BFD204602B010BD73
:10BB600030B543681360057A446804EBC504A3420A
:10BB700002D36FF0010030BD5C798C4203F1080301
:10BB8000F0D10020F7E702690B4692E8030083E852
:10BB90000300002070470120704702690B4692E8BD
:10BBA000030083E803000020704743681B68D3F854
:10BBB0008004C3F88004704742681368D3F810010A
:10BBC00050B19269002012780A70C3F81001D3F8BE
:10BBD000102101221A6070474FF0FF307047002A91
:10BBE0000FDD42681368D3F8100158B10020C3F884
:10BBF00010019269D3F8100112780A7001201860C0
:10BC000070470020704710B543681C680369EFF364
:10BC10001180202282F31288BFF36F8F9A68D17B44
:10BC200039B991739B680122DA734FF48003C4F829
:10BC3000043380F31188BFF36F8F10BD03699A68D6
:10BC4000D17B21B1012191739B680022DA73704787
:10BC5000026991680346C87B40B15B681B68D3F8F2
:10BC6000580118B100230B619368988970474368A5
:10BC70001B68D3F81001003818BF012070474368D3
:10BC80001B68D3F80423D2065CBF1022C3F8042338
:10BC9000704743681B68D3F80423D20644BF1022C0
:10BCA000C3F80823704743681B684FF40072C3F859
:10BCB0000423704743681B684FF40072C3F80823DD
:10BCC000704738B543681D68D5F804335B020446F5
:10BCD00005D4D5F8040310F0100006D138BDFFF7E5
:10BCE000B7FF0028F5D00120F8E72046BDE838402E
:10BCF000FFF7BDBF012070470369986801609B682A
:10BD00005A60704702680346D2F8580140B95B6830
:10BD1000DB0706D4D2F82001003818BF0120704795
:10BD20000120704710B4436802691B68D3F80413FC
:10BD3000C90517D5D3F82011A1B1EFF31181202443
:10BD400084F31288BFF36F8FD3F8204134B10024FD
:10BD5000C3F82041D3F820410124DC6081F311882D
:10BD6000BFF36F8F9168D3F8584171B17CB1002453
:10BD70000C619168C97B19B94FF48001C3F80813AD
:10BD800091688C7B1CB100238B7310BC7047D3F877
:10BD9000241121B10021C3F82411D3F82431926871
:10BDA0001368002BF1D0516810BC184713B501AAD5
:10BDB0000446FFF7D5FE002805DB019B22681979B0
:10BDC0001868F5F731F902B010BD2DE9F0410669A8
:10BDD000B3689C89BFF35B8F94420546A8BF1446A5
:10BDE0001033012753E8002F002A03D143E80070E5
:10BDF0000028F7D1BFF35B8F0CBF3B4600232BD14C
:10BE0000B3682246986802F0B3FBEFF31188202351
:10BE100083F31288BFF36F8F69680846FFF772FFDC
:10BE2000B26840B91061044688F31188BFF36F8F80
:10BE30002046BDE8F0810B689268C3F844250022D3
:10BE4000C3F84845C3F82021D3F82011C3F858217E
:10BE5000D3F858219F60E7E71C46E9E700F150035B
:10BE60009B009BB203F1804303F5883300221A60E4
:10BE70001B68704708B5F5F7D5FD08BD4FF0805336
:10BE8000D3F83021082A03BFD3F83401B0FA80F088
:10BE900040090020704703460020184700F0FBBB14
:10BEA00010B502461168B1B1BFF35B8FB1FA81F3EF
:10BEB000C3F11F000123834021EA030352E8004F2E
:10BEC0008C4204D142E8003CBCF1000FF6D1BFF334
:10BED0005B8FE7D110BD6FF00B00FBE710B5036877
:10BEE000CB40DB0714D401238B400268BFF35B8F88
:10BEF00043EA020150E8004F944204D140E8001C9C
:10BF0000BCF1000FF6D1BFF35B8FEED1002010BD66
:10BF10006FF01500FBE770B50C460021054608469A
:10BF20001646F6F735F848B93378DB0003F180435D
:10BF300003F5F833C3F81055C3F8144570BD10B1BC
:10BF4000012802D07047F6F7FFB8F6F7AFB818B17E
:10BF5000012803D100F019B800F032B8704708B5D5
:10BF6000F6F7C0F8BDE80840F6F72EB94FF0805359
:10BF7000D3F83021082A06D1D3F8340102288CBF27
:10BF800000200120704700207047F6F755B838B5FB
:10BF90004FF080440223C4F808330123E3600023F8
:10BFA000C4F80431D4F8043142F21075D4F81834CE
:10BFB000DB0304D50120FFF771FF013DF6D138BD49
:10BFC000FFF7E5BFF7B5019001A8DDE90847164680
:10BFD0001D46F6F731F9019BB6F1000C18BF4FF082
:10BFE000010C00EB83000B1E18BF0123002D43EA58
:10BFF0004C030CBF4FF0000C4FF00C0C002C43EA2C
:10C000000C030CBF4FF0000C4FF4E06C002F43EA20
:10C010000C03D0F800270CBF4FF0000C4FF4403C4D
:10C0200043EA0C0322EA030301B109780EB1367822
:10C03000760019430DB12D78AD0031430CB1247851
:10C04000240229430FB13F783F040C433C43C0F81E
:10C05000004703B0F0BD1FB50DF10F03019300239E
:10C060008DF80F1000931A461946FFF7ABFF05B085
:10C070005DF804FB10B504460846F6F7EDF804EB4E
:10C080004004207DC0F3401010BD10B504460846A2
:10C09000F6F7E2F804EB4004207DC0F3400010BD49
:10C0A00010B504460846F6F7D7F804EB4004A08A1A
:10C0B000400B10BD70B5044608461646F6F7CCF89E
:10C0C00008300D4634F81030DA0509D5C3F34323A0
:10C0D00004EBC302314654F833305268284698477F
:10C0E000A3682BB1E26831462846BDE87040184786
:10C0F00070BD10B504460846F6F7AEF804EB4000F4
:10C10000838ADA051DD5C3F3432123F4F8538382D0
:10C1100004F1120204F1720032F8023F13F4807F3E
:10C1200003D0C3F3432399420BD08242F4D104EBF2
:10C13000C10300225A6004F17800BDE81040FFF707
:10C14000CDBE10BDF0B5034600F580740020054655
:10C150000127844695420AD1D3F87C2132B10022CE
:10C16000C3F87C21D3F87C3140F00040F0BD25F0CD
:10C17000404607FA06F6314209D0D4F800E0BEF195
:10C18000000F04D0C4F800C0D4F800E030430135FB
:10C190000434DFE738B504460D46FFF76BFFA8B15E
:10C1A0002046FFF772FF88B92046FFF779FF226823
:10C1B00001238340C2F80833236803EB8000D0F8E2
:10C1C000103523F00303C0F8103538BD2846002190
:10C1D000BDE83840FFF73FBF2DE9F043174685B073
:10C1E00004460846F6F738F8D7F800800E460546AC
:10C1F000B8F1000F1ED02046FFF747FF18B12046C8
:10C20000FFF738FF20BB0023CDE900338DF80E3057
:10C210008DF80F300DF10F0243460DF10E0130463F
:10C22000FFF7D0FE04EB4502938A23F0020343F0AC
:10C23000010393827B689BB33146204693F80080CC
:10C24000D3F80490FFF721FF28B1B9F1000F1FD0F8
:10C250006FF0150027E004EB4500838A23F4604368
:10C2600023F020038382B9F1000F11D0B8F1030F3E
:10C27000EED87B6821685B6893F800C04FEA8C03B6
:10C280001944B8F1000F11D1C1F81085C1F810851B
:10C2900004EB4502938A23F01C0343EA880393824C
:10C2A000BB6843BB002005B0BDE8F083D1F8102582
:10C2B00022F00302C1F8102522681344D3F8102598
:10C2C00022F44F3222F44072C3F810253202D3F820
:10C2D000101502F47C5242EA08420A43C3F81025C2
:10C2E00004EB4C03A3F87C60838A43EA4C3343F0AD
:10C2F00020038382CCE7D3E9007831462046FFF75C
:10C30000F8FE002FCED063689F4206D004F178007B
:10C31000FFF7C6FD002804DAC5E7A3689845F5D104
:10C32000002004EBC003C3E9017804EB4505C0B26B
:10C33000AB8A43EA402343F48073AB82B2E72DE932
:10C34000F043054685B0084616461F46F5F784FFBC
:10C350000C46804626B32846FFF797FE18B92846B4
:10C36000FFF788FE18BB05EB4809B9F8143003F055
:10C370001C0313B17378012B19D001238DF80F30F2
:10C380000023CDE90063721CB31C0DF10F012046A0
:10C39000FFF718FEB9F8143043F00303A9F814307E
:10C3A000002F3FD021462846FFF76FFE20B96FF0DF
:10C3B000150005B0BDE8F0833E782B6803EB8603DB
:10C3C0000022C3F81025C3F8102505EB48024FEAF8
:10C3D000860C938A23F4604323F0200393827878B9
:10C3E00000B32968BF7861440004D1F8103523F404
:10C3F000991323F4F853C1F81035230200F44030A8
:10C4000003F47C5303433805D1F8105500F4801031
:10C4100003432B43C1F81035938A43EA463343F074
:10C42000200393820020C4E7C0E90312704770B56F
:10C4300004461546FFF71EFE48B10846F5F70CFF07
:10C4400004EB40040020A38A5B0B2B7070BD6FF0DF
:10C450001500FBE738B590F88C4005469CB9602282
:10C460002146143002F0ABF82868C0F87C41D0F8BF
:10C470007C3140F30730DAF79DFF012385F88C30DB
:10C48000AB67204638BD6FF07700FBE790F88C0073
:10C49000003818BF01207047F5F718BF2DE9F341A8
:10C4A00004461746FFF7E6FD0D462668F0B1204624
:10C4B000FFF7EBFD8046C8B92046FFF7F1FD82008B
:10C4C00002F5807346F80380F35823681344D3F8C9
:10C4D000102542F00102C3F8102527B1226801237C
:10C4E0008340C2F8043302B0BDE8F081D6F80433CB
:10C4F000002BA4BF4FF00043C6F804332846F5F7DD
:10C50000ABFE04EB4004A38AC3F38203042B12D0D6
:10C51000052B12D001A80195F5F78EFE019BD0F8EE
:10C520001015D94001F001010231284602B0BDE8E2
:10C53000F041FFF790BD0321F7E70221F5E7FFF790
:10C5400029BE82B04FF0FF33019300F0030001AB2E
:10C5500003440A44914202D1019802B0704711F895
:10C56000010B03F8010BF5E74FF080531A69586986
:10C57000504370474FF08053186970474FF0805315
:10C580005869704700F180431A68002A1FBF0022D3
:10C590001A601B68012008BF002070474FF08043DD
:10C5A0004FF46072C3F8042370474FF080434FF498
:10C5B0006072C3F80823704708B5F6F77BF8BDE84A
:10C5C0000840FFF7CCBC08B5F8F77AF9002818BF87
:10C5D0006FF0040008BD0369C26893429CBF816884
:10C5E0005B18013B981A70472DE9F041D0E90284AD
:10C5F0000546A8EB04064068964220440F461444C2
:10C6000004D901F0B5FFEC60BDE8F0813246A4EB3F
:10C61000080401F0ADFF68682246B919F1E72DE979
:10C62000F843C5680646894617464FF00008336947
:10C63000B46870689D4228BF1B19641BBC4203F19B
:10C64000FF3328BF3C465B1B9C4228BF1C46494623
:10C650002844224601F08CFFB3682544AB4208BF52
:10C6600000253F1BA044A144F560E0D14046BDE851
:10C67000F88308B5F6F750F9002008BDEFF31180F4
:10C68000202383F31288BFF36F8F704780F31188E4
:10C69000BFF36F8F704708B1DBF7D8BA704710B59A
:10C6A000436904463BB90020E268537843F0010334
:10C6B0005370404210BD98470028F4D00028B8BFFE
:10C6C0004042E368FF28A8BFFF201870ECE740B1A4
:10C6D000C368587810F001001EBF1878B0FA80F0D7
:10C6E00040097047EFF31183202383F31288BFF3CF
:10C6F0006F8FFEE72DE9F04F89B0DDE912680592F2
:10C7000043460546324606A80F4600F0BAFCDDE96E
:10C710000634CDE90234EFF311844FF0200989F398
:10C720001288BFF36F8F05F10C0A05F1140B059AFF
:10C73000149B39462846984730B184F31188BFF3DB
:10C740006F8F09B0BDE8F08F56EA0806F5D0DDE935
:10C75000022306A800F0BAFCDDE906685246CDE9DE
:10C76000006821465846F7F727F9EFF3118489F35B
:10C770001288BFF36F8FDAE710B400F10C04C0E940
:10C78000034410BCFAF7D6B838B50446EFF3118568
:10C79000202383F31288BFF36F8FD8F7CBF904F10E
:10C7A0000C0000F07DFB30B1294604F11400BDE817
:10C7B000384000F05ABB85F31188BFF36F8F38BD46
:10C7C00010B542696AB1836842EA0301890708D15A
:10C7D0000169A2FB011424B95B182CBF01210021BF
:10C7E00002D36FF0150005E0C1609B1A02698A420E
:10C7F00001D8002010BDC2681A604269C3600131CF
:10C800009B1AF3E72DE9F04105460F46EFF3118837
:10C81000202383F31288BFF36F8FC668FEB90468C4
:10C82000A0421CD0DCB1D4E9003213605A60237CF2
:10C83000A66023F002032374C4E9006604F1180023
:10C8400000F0E4FB2046C4F88060676100F0B3FAB2
:10C85000414605F10800BDE8F04100F006BB3E602E
:10C86000AB69EF60013BAB6188F31188BFF36F8F59
:10C87000BDE8F08108B52024EFF3118384F312881A
:10C88000BFF36F8FFBF7D6FBF6E7D0E900321360FA
:10C890005A60027C002322F00202C0E900330274D5
:10C8A0008360704713B501240094F6F74BFA02B089
:10C8B00010BDF8B50546EFF31186202383F31288E7
:10C8C000BFF36F8F0468A0421AD0CCB12046FFF7A7
:10C8D000DCFF04F1180000F099FB6FF02207C4F8A8
:10C8E0008070204600F067FA2C68A54215D0A4B1EC
:10C8F0002046FFF7CAFF04F1180000F087FBEEE7BF
:10C90000002300222A62EA69AA6143B1314605F197
:10C910000800BDE8F84000F0A8BA0123F1E786F36B
:10C920001188BFF36F8FF8BD90F90E308B4201D0A4
:10C93000F7F764B80020704703460020C3E90200FF
:10C94000C3E900337047D0E9003213605A60027CBB
:10C95000002322F00202C0E90033027483607047B2
:10C960002DE9F843904604469DF820200D46EFF34C
:10C970001187202181F31288BFF36F8F02B14568C0
:10C98000A66804F10809B14516D0AEB13046FFF7EC
:10C99000DAFF002406F1180000F038FB3046C6F834
:10C9A0008040C6F8148000F006FA4846394600F088
:10C9B0005CFA2046BDE8F883A3B10820F7F700FD34
:10C9C000002832D00122C0F804800260016801F022
:10C9D00003015DB922680A430260626820606AB997
:10C9E00060600BE0C8F800304046EFE72A68032A91
:10C9F00010D80160616839B9C4E90000002087F3EC
:10CA00001188BFF36F8FD5E70A6802F00302024373
:10CA10000A60E5E722F003020A4302602A6802F096
:10CA2000030240EA02032B60E8E76FF00B00E6E741
:10CA300010B5044630B10268930703D0446809B1C9
:10CA400000F0F5FB204610BD0023C0E9003300F1E3
:10CA50000803C0E90233704770B5EFF31185202356
:10CA600083F31288BFF36F8F846800F10806A64233
:10CA700014D09CB12046FFF766FF04F1180000F0C7
:10CA8000C5FA00232046C4F88030636100F093F9B2
:10CA900029463046BDE8704000F0E7B985F31188BB
:10CAA000BFF36F8F70BD07B50123009300230A46C3
:10CAB0001946FFF755FF03B05DF804FB07B50023E7
:10CAC0000A4600931946FFF74BFF03B05DF804FBDD
:10CAD00000680021FFF7ACBF3AB18A4205D3C0E934
:10CAE0000212C0E90000002070476FF01500704787
:10CAF000026801238B4022EA0303036022FA01F05B
:10CB000000F001007047704710B5032104460C3057
:10CB1000FFF7EEFF30B104F1100000F077FAB0FA41
:10CB200080F0400910BD20B100221146943000F081
:10CB3000FFB9704770B5C368C3F340069B0704464E
:10CB400016D4856802210C30FFF7D2FF80B1D5F8EA
:10CB50008C206AB194421DD122689EB9D5F89030DC
:10CB6000C5F88C209C4201D1C5F890200023236099
:10CB7000E36813F01F001EBF43F00203E36040F0C0
:10CB8000020070BD3260D5F89020944208BFC5F80D
:10CB90009060EBE716461268DBE773B50446EFF3E7
:10CBA0001185202383F31288BFF36F8F0023019335
:10CBB000D0E90423B3F1004F08BF012A05D085F363
:10CBC0001188BFF36F8F02B070BDA0F11006032172
:10CBD0000438FFF78DFF0028F1D0A369019301A964
:10CBE0003046F6F7E3FBEAE738B504460D46102277
:10CBF000002101F0E4FC656038BD13B501900846E2
:10CC0000EFF31184202383F31288BFF36F8F01A900
:10CC1000F6F7CCFB84F31188BFF36F8F02B010BD21
:10CC200010B5FFF7EAFF041E08DDEFF311802023A3
:10CC300083F31288BFF36F8FF6F74CFF204610BDC9
:10CC400070B50D46EFF31186202383F31288BFF3EE
:10CC50006F8FF6F7FDFB044686F31188BFF36F8FE5
:10CC600038B14FF0FF324FF0FF3305F11000F6F707
:10CC70005BFA204670BD08B5A822002101F09FFC98
:10CC800008BD38B5302204460D46002101F097FC5E
:10CC90004FF480736560E36038BD38B50446EFF348
:10CCA0001185202383F31288BFF36F8FFFF72CFFCA
:10CCB0002046FFF73FFF85F31188BFF36F8F38BD24
:10CCC000F8B504460D46EFF31187202383F312884D
:10CCD000BFF36F8FC36803F01F03002B14BF01263F
:10CCE000002609D0FFF710FF2046FFF723FF294653
:10CCF0002046F6F73DFB034687F31188BFF36F8F9D
:10CD00003BB14FF0FF324FF0FF3305F10800F6F76B
:10CD10000BFA3046F8BDD0E9003213605A60027C4D
:10CD2000002322F00202C0E90033027483607047DE
:10CD3000EFF30580003818BF012070476FF05700EF
:10CD4000704700207047D0E9003213605A6000231A
:10CD5000C0E90033704708B5FFF7F5FF037C23F007
:10CD6000020303740023836008BD38B504460D46F2
:10CD7000F6F7A0FD237C43F002032374D5B1A56030
:10CD80002B689D4209D16B68C4E900531C606C603C
:10CD900010E06A689A42F6D01B68002BF3D093F932
:10CDA0000E1094F90E209142F3DD5A68C4E9003266
:10CDB00014605C6038BD10B5EFF31184202383F359
:10CDC0001288BFF36F8FF6F735FD84F31188BFF338
:10CDD0006F8F10BD08B5EFF31181202282F3128806
:10CDE000BFF36F8F83680BB1FFF7B5FF81F3118835
:10CDF000BFF36F8F08BD08B5037C13F0280F014601
:10CE00000CD183680BB1FFF7A6FF0B7C23F0040362
:10CE10000B740846BDE80840F6F70CBD08BD10B518
:10CE2000EFF31184202383F31288BFF36F8F183838
:10CE3000FFF7E1FF84F31188BFF36F8F10BD08B5D2
:10CE40000346EFF31181202282F31288BFF36F8F24
:10CE50000068834207D008B1FFF77DFF81F3118896
:10CE6000BFF36F8F08BD0020F8E70846F6F75ABDFC
:10CE700038B504680546AC424FF0000000D138BD1B
:10CE8000002CFCD02046FFF766FF04F1180000F0EC
:10CE9000BDF82046F6F7CEFC2C680120A542EDE750
:10CEA00010B5EFF31184202383F31288BFF36F8F43
:10CEB000FFF7DEFF84F31188BFF36F8F10BD38B525
:10CEC0000C460546F6F7A2FEB4F1FF3F08BFB5F1E8
:10CED000FF3F1FBF47F6FF7300224FF47A71E0FB5C
:10CEE00001321ABFD80B40EA42404FF0FF3038BD44
:10CEF00038B50446EFF31185202383F31288BFF37E
:10CF00006F8F037C5B070ED5183000F07FF8237C11
:10CF100023F0040320462374F6F78CFC2846BDE872
:10CF20003840F6F7FFBC85F31188BFF36F8F38BD2B
:10CF300038B5EFF31185202383F31288BFF36F8F89
:10CF40000468A04213D0A4B1C4F8801062612046E6
:10CF5000FFF701FF04F1180000F058F82046F6F73B
:10CF600069FC012085F31188BFF36F8F38BD002065
:10CF7000F8E72046F6E72DE9F04706460F469146CA
:10CF80009A46EFF31188202383F31288BFF36F8F43
:10CF90000068864206D028B17368984214BF0568BD
:10CFA000002568B90024B9F1000F02D0514620468F
:10CFB000C84788F31188BFF36F8F2046BDE8F0871C
:10CFC0005146B84704460028EDD135B17368AB42ED
:10CFD00000D02C6828462546E3E72C46FAE708B53A
:10CFE0000246F6F785FF70B1D0E904319B1A61EB78
:10CFF000E272B3F1004F72F1000104DA002AACBF13
:10D000001846002008BD6FF00040FBE738B5024627
:10D01000EFF31185202383F31288BFF36F8F03682A
:10D02000D3B1F6F765FF04461046F6F773FF00220A
:10D030004FF000438442C0E9042305D0002085F36B
:10D040001188BFF36F8F38BDF6F75AFFFFF7C7FFA0
:10D050000021F4F751FEF1E7D0E90413B3F1004FDA
:10D0600008BF012904D100204FF00041C2E90401AA
:10D070006FF01500E3E708B5F7F754F808BDF7F7C8
:10D0800051B8B3F1FF3F08BFB2F1FF3F70B506469C
:10D090001D46144614D01A4316D0002B08DBF7F7B0
:10D0A00041F8041941EB0501C6E90041304670BD65
:10D0B0006FF001031C1B4FF0FF3363EB0501F3E737
:10D0C0004FF0FF342146EFE70024FBE7B3F1FF3FC9
:10D0D00008BFB2F1FF3FF8B5074616461C4610D010
:10D0E00054EA020311D0F7F71DF8B0420A46A141F5
:10D0F00003460AD2F31A64EB0204C7E90034384647
:10D10000F8BD4FF0FF331C46F7E70023FBE7002391
:10D11000C0E9081200F11802C0E90622C0E9003394
:10D120000363436370472DE9F3470446DDE90A983A
:10D1300015460E4659B302F0010AF6F7A3FD07465D
:10D14000EFF31181202383F31288BFF36F8FA807B9
:10D1500044BF0023A360A36803EA0600BAF1000FEE
:10D160000CD086420CD16A0744BF8343A36081F38D
:10D170001188BFF36F8F02B0BDE8F0870028F2D1AD
:10D1800059EA080305D181F31188BFF36F8F00209E
:10D19000F1E7C7E918652246CDE9009804F10C00D3
:10D1A000F6F70AFC0028F2D1386EE4E710B5044621
:10D1B000D0E918020B6812F0010F03EA000301D056
:10D1C000984210D17BB12366520742BF4A681A4386
:10D1D0004A6004F11800FFF719FF0023C4F88030FB
:10D1E0002046FFF708FE002010BD0A46F7F7A0B85A
:10D1F0000A460021F7F79CB85200FFF794BF0432AB
:10D2000070B504460ED2EFF31185202686F31288FE
:10D21000BFF36F8F41F00401984785F31188BFF386
:10D220006F8F08B9002070BD40F8044BFBE720B1B8
:10D23000011F50F8040CFFF7A7BA704700F4E04054
:10D24000B0F5805F04D0A0F50053584258417047B4
:10D25000012070473AB1002918BF0023D21A2121BA
:10D26000184401F0ACB9704738B513464FF480420A
:10D270000D46F7F725FA044640B9286843681B0AAB
:10D2800004D000F0B6FC2C606FF08504204638BD59
:10D290002DE9F04F89B09B4600238DF81B30159B7C
:10D2A000DDF85080002B91460B460E460CBF4FF424
:10D2B00000624FF4806207A9DDE912A7F7F700FAD0
:10D2C0000446F0B9079D0DF11B0229883046F7F797
:10D2D00061FA0446A8B99DF81B30BB4223D86868A0
:10D2E0006A6E000A05F1200120D1CDE90338CDE9AD
:10D2F00001BACDF800903346284600F0D9FC044628
:10D3000008B1C8F80070D8F800303A4621465046B7
:10D31000FFF7A0FF079800F06CFC002C18BF204618
:10D3200009B0BDE8F08F6FF08904EAE76FF086047A
:10D33000E7E72DE9F341D0F8048047690446404609
:10D340000E4600F058FC054660BB5FFA88F31BB937
:10D350003FB16FF0860525E0013F6FF040439F42EB
:10D36000F7D2A06820F47F4020F003000028F0D11D
:10D3700062884FF6F8739A4218D8277907B901A83E
:10D380003146F7F731FB054660B90FCCD6F800C03F
:10D3900066460FC694E8030086E8030017B9019BB0
:10D3A000CCF81430284602B0BDE8F0816FF0850556
:10D3B000F8E700F6FF7240F67E739A4243D9434283
:10D3C00013F07F0306D0202BC3F1000015D16FF0BE
:10D3D0008500704710F1920F0FDA10F5994F2AD09F
:10D3E0002CDC10F5C54F26D010F5C14FEFD010F54D
:10D3F000C74F23D16FF09600704710F11F0F15DA59
:10D4000010F13D0F1DD010F13C0F07DA10F1400F65
:10D4100014BF6FF083006FF09300704710F1220F7C
:10D4200014BF6FF083006FF085007047002818BFAD
:10D430006FF0830070476FF0860070476FF08300D5
:10D4400070476FF09300704741F2052398421AD855
:10D45000B0F5905F09D241F2010398420CD0B0F5CB
:10D46000885F09D06FF085007047A0F5905080B2BA
:10D470002923C340DB07F5D511F0070F14BF6FF068
:10D48000860000207047B0F5105FEBD121F040031B
:10D49000802B06D0B1F5807F14BF6FF0860000208E
:10D4A000704700207047F8B504460F4600881E46B6
:10D4B000154692B1FFF7C2FE78B1089BD100196002
:10D4C0002088FFF7C1FF044628B93946304601F0ED
:10D4D0004FF8079B1D602046F8BD6FF08504FAE702
:10D4E00010B5436E04461BB141212030F7F7D4FD3F
:10D4F0000020606610BD38B50446FFF7F1FF237EBB
:10D50000012B0FD0023B012B0FD8E369012B14BF75
:10D510006FF09605002568220021204601F04FF8A3
:10D52000284638BDE369002BF1E76FF09605F2E776
:10D5300008B1FFF7E0BF704713B5A0B101A9F7F735
:10D540009BFA80B90198037E022B0ED10323037648
:10D550000379FF2B0CBF6FF08404002400F034FB30
:10D56000002808BF204602B010BD6FF09604F5E712
:10D5700070B514460288049E10461D46FFF75EFEF5
:10D5800068B922F4405044F20103984207D002F4F3
:10D590004F42B2F5824F02D0B2F5844F0ED1B44261
:10D5A0000FD82246284600F0E3FF321B002128193D
:10D5B00001F005F8059B00201C6070BD6FF0850030
:10D5C000FBE76FF08900F8E72DE9FF4188461F4629
:10D5D000164612B300233B60012203A9F7F770F847
:10D5E000044698B9039D6B686A6E1B0A05F1200119
:10D5F00010D1CDE9006743462846FFF7B9FF04463E
:10D60000284600F0F6FA002C08BF0446204604B075
:10D61000BDE8F0816FF08604F2E76FF08904F5E76A
:10D6200070B514460288049D02F4E040B0F5804FC6
:10D630001CD122F4405644F20100864207D002F485
:10D640004F42B2F5824F02D0B2F5844F0ED1AC42B8
:10D650000FD81846224600F08BFF2A1B00212044D9
:10D6600000F0ADFF059B00201C6070BD6FF08500D1
:10D67000FBE76FF08900F8E7F0B50F4685B01E466E
:10D68000154602B3002333601A4603A9F7F718F8CA
:10D69000044690B9039803885B0411D5CDE9005680
:10D6A0003B46426E00F1200100F0B1FA04460398B7
:10D6B00000F09FFA002C08BF0446204605B0F0BDDC
:10D6C0006FF08604F3E76FF08904F6E72DE9F04F79
:10D6D000984689B00023064689460693C8F800306C
:10D6E0001546002A6DD0B2F1005F6DD206A9FFF792
:10D6F00020FE044650B9069FD7F864A0BAF1000F87
:10D700000FD173681B0A05D06FF086040698FFF7E7
:10D710000FFF52E0412D02D96FF08504F6E77D66D8
:10D72000AA4672687B880793120A07F1200307F163
:10D730006407E9D10DF11C0BCDE9017BCDF800A008
:10D740002A4649463046059300F0E5FA10F1860F67
:10D75000059B044609D1CDE9017BCDF800A02A46FE
:10D7600049463046FFF79FFE0446002CCED106996D
:10D77000079B4A88E2B94B80079A4FF6F8739A42A2
:10D78000CAD83388069A13B111889942BCD17388DC
:10D7900013B151889942B7D15369C8F80030137E4C
:10D7A000012B08D00023C8F800306FF09604ADE7D5
:10D7B0009A42A9D1E0E702231376204609B0BDE8DA
:10D7C000F08F6FF08604F8E76FF08504F5E710B589
:10D7D0000446006858B101280AD104F10800F7F79F
:10D7E000A3F900232360A3886FF30803A38010BD6F
:10D7F0006FF08600F5E72DE9F0430C4685B001682F
:10D8000098460023054617460393002941D100F1AD
:10D8100008094022484600F0D2FEB8F1000F204629
:10D820003B460CBF4FF400624FF4806203A9F6F749
:10D8300047FF044678BB039C2A1D21883846F6F72B
:10D84000A9FF064660BB6B7968F300036B716168E2
:10D85000636E090A04F12002B8F1000F12D009BB6F
:10D8600000972146484600F010FA044698B9012373
:10D870002B60039800F0BDF9002E18BF304605B0AC
:10D88000BDE8F08371B900972146484600F000FAE0
:10D89000EBE76FF088042846FFF799FF2646E8E794
:10D8A0000446F8E76FF08604F5E70123FFF7A3BF0E
:10D8B00038B50546006898B112B90024204638BD35
:10D8C00001280AD105F10800F7F788F90446002875
:10D8D000F3D02846FFF77BFFF0E76FF08604F8E708
:10D8E0006FF08804EAE72DE9F041054600680F462D
:10D8F0001646984610B36A79D2071FD52A79EAB13D
:10D90000B2421ED801281FD105F1080000F0C3F96A
:10D91000044618B10023C8F800602B7137B1D8F85D
:10D920000030324621463846FFF794FC2846FFF780
:10D930004EFF002C18BF2046BDE8F0816FF0880430
:10D94000E8E76FF08904E5E76FF08604E2E71FB5CA
:10D9500001240394089C0294079C0194069C009463
:10D96000FFF796FC04B010BD03681943B1FA81F0CB
:10D97000400970472DE9F04786B005469A460023D6
:10D98000059305F0FE43B3F1106FDDE90E67DDF896
:10D9900040800846914634D12A4605A9FFF764FC29
:10D9A000044680BB0599088820F0FF00B0F5E24FDF
:10D9B00002D0B0F5E44F04D14B880733B7EBD30F57
:10D9C00024D3CDE90178009653464A462846F6F717
:10D9D0003FFE044666B90023C8F80030059800F001
:10D9E00008F9002C08BF0446204606B0BDE8F087C1
:10D9F0000028F3D039463046F6F70EFEC8F800701E
:10DA0000ECE76FF08604002EE5D0F3E76FF08904B1
:10DA1000F9E7F6F701BE08B50088DDE90221FFF756
:10DA20000DFC20B1BDE808401046F6F7F5BD6FF0DB
:10DA3000850008BD2DE9F04F89B01F46DDF84890FC
:10DA40000023C9F800300693438805460E469046E9
:10DA5000002B00F0B280038803F4E043B3F5804F5D
:10DA600000F0AB8039463046FFF77EFF002800F01B
:10DA7000A48006A92846FFF75CFC0446002851D183
:10DA8000069BD3F864A0BAF1000F21D16B681B0A82
:10DA900066D12A8869881046FFF7D0FB00283AD063
:10DAA0001046FFF7D1FC044600283BD147F20103A2
:10DAB0009A424ED14C080134E40804EBC4043B34D0
:10DAC0000794DDE9063ABAF1410F29D8C3F864A0FA
:10DAD0006A68120A03F1200B03F1640367D12A88F4
:10DAE000510445D4CDE901A3CDF800B03B464246F0
:10DAF00031462846FFF78FFF0446002C59D1069B7C
:10DB00005A69C9F800201A7E012A4AD0C9F8004093
:10DB10006FF0960406E002F44F43B3F5824F05D050
:10DB20006FF085040698FFF703FD3CE002F4E04344
:10DB3000B3F5E04FF4D147F201039A42BAD0CC1DBD
:10DB400022F0FF02E408B2F5824F04BF6400013402
:10DB5000B6E744F201039A42F1D1CC081034AFE7A2
:10DB600007A9284600F04EF804460028A9D0D9E7B6
:10DB700002F44F41B1F5824FB4D147F212118A42FB
:10DB8000B0D16A88B2F5807FACD15246594628465A
:10DB9000059300F01FF910F1860F059B0446ACD1E8
:10DBA000A0E702221A76204609B0BDE8F08F6FF098
:10DBB00086040698FFF794FCB4E76FF08604F2E75A
:10DBC0001822002100F0FBBC034668B1017E8A1ECA
:10DBD000012A0BD80329C26903D1012A01D1FFF719
:10DBE0008ABC1AB1013ADA61002070476FF09600E2
:10DBF0007047FFF7E9BFC0B2002814BF6FF085007F
:10DC00000020704700230B606FF0860070472DE9FD
:10DC1000F34747683F0ADDE90A9A04460D4616466F
:10DC2000984611D1CDE9009A00F0ADF810F1860FB9
:10DC30000CD14346324629462046CDE90A9A02B025
:10DC4000BDE8F047FFF7ECBC6FF0860002B0BDE81E
:10DC5000F08773B515461C4600260DF107030DF13C
:10DC600006028DF80760F6F71DFF58B99DF807000A
:10DC700004B120709DF80620294602B0BDE870402E
:10DC8000F7F716BA304602B070BD009BF6F766BFD4
:10DC9000009BF6F763BF38B51C460368154623B1F1
:10DCA000F6F720FF00B9256038BD6FF08800FBE76C
:10DCB0002DE9F04190B004460D461E464022002159
:10DCC0006846DDF85C80199F00F079FC21463346F8
:10DCD0002A466846F6F742FF044648B9B8F1000FF5
:10DCE0000DD118993A466846F6F7FCFE044678B11D
:10DCF0006846F6F719FF204610B0BDE8F081169986
:10DD000042466846F6F76AFF04460028E9D0EFE786
:10DD10001A9B1F60ECE7F8B5089F1E463B68144647
:10DD200033F480720D462BD1028844F212118A42DC
:10DD300013D1412C03D01BB36FF08600F8BD681CD3
:10DD400000F041FA0028F7D14FF480733B60069B46
:10DD50009C420CD96FF08900F0E747F212118A4219
:10DD60000ED1202CE7D1284600F03BFAEAE7224604
:10DD70002946304600F0FCFB079B00201C60DDE7D5
:10DD80006FF08500DAE770B5044618462688648887
:10DD9000B4F5807FDDE9043513D147F21214A642B1
:10DDA0000FD1202A10D1402B11D9042300F8013BB8
:10DDB000F7F73AF908B941232B60BDE87040F6F750
:10DDC00021BF6FF0850070BD6FF08600FBE76FF03C
:10DDD0008900F8E730B5202A91B0084614461D4660
:10DDE00009D16946F7F7D2F800B92C6011B0BDE847
:10DDF0003040F6F707BF6FF0890011B030BD70B545
:10DE00001446202CDDE90426DDE90603089D0CD12B
:10DE1000412E0AD11F2B0BD90132F7F7D9F800B9DF
:10DE20002C60BDE87040F6F7EDBE6FF0860070BD67
:10DE30006FF08900FBE740F8041B1C22002100F072
:10DE4000BEBBF0B5002405462646204652F8247095
:10DE500051F82430DB1946EB06071B1845F824302F
:10DE600004F1010447F10000082CEFD1F0BD0023BC
:10DE700070B50646184652F8235051F82340641BEB
:10DE800065EB0505241A46F8234003F1010365F10B
:10DE90000005082BC5F10000EDD170BD70B5043947
:10DEA0005642041F013A1C3054F8043F51F8045FF5
:10DEB000134035402B4384422360F5D170BD0023CD
:10DEC00030B50446184654F8232051F82350013346
:10DED0006A40082B40EA0200F5D130BD70B5044617
:10DEE0000568166800200346E1FB66532560566806
:10DEF0006568E1FB665365609668A568E1FB66535B
:10DF0000A560D668E568E1FB6653E560166925699A
:10DF1000E1FB6653256156696569E1FB66536561FE
:10DF20009669A569E1FB6653A561D569E269E1FBE4
:10DF30006523E261226A9B182362404170BD10B5DF
:10DF40000438A1F120024B7F0C7F1B0443EA0463D9
:10DF5000CC7F23438C7F043943EA04238A4240F870
:10DF6000043FF0D110BD0B1F1C3153F8042F120ECB
:10DF700002775A8842771A68120A82771A68C2773B
:10DF80008B42A0F10400F0D1704770B588B01E46F6
:10DF90000446FFF756FF3246054621466846FFF71E
:10DFA00066FFC0F101022A4369462046FFF776FF6B
:10DFB00008B070BD2DE9F04F8BB00D460646914676
:10DFC0000021242201A8D3F840A01F4600F0F7FA50
:10DFD000A5F1040B1C355BF8041FD9F80020019B48
:10DFE00001A802FB01334A460AFB03F8FFF776FF5C
:10DFF0003A460446414601A8FFF770FF2022044438
:10E0000002A901A800F0C2FA5D450994E3D13A469D
:10E0100001A93046FFF72BFFC0F101022243C2F1F4
:10E0200001023046FFF73AFF0BB0BDE8F08F0B4618
:10E0300001F120020146FFF7BDBF30B589B00446AB
:10E040000D4668460121FFF7F6FE2B466A4621463B
:10E050002046FFF7AFFF09B030BD38B5044615467E
:10E06000FFF7E9FE29462046BDE83840FFF7DFBF4D
:10E070002DE9F04389B01446064601226846FFF7B1
:10E080000DFF224601213046FFF7E7FF25682746AE
:10E09000023D04F11C094FF02008EB0705D523468B
:10E0A0006A4631463046FFF785FF23466A46694691
:10E0B0006846FFF77FFFB8F101084FEA5505ECD13C
:10E0C0004F4502D057F8045FE5E709B0BDE8F0839B
:10E0D00030B589B00446154668460122FFF7DEFEDA
:10E0E00029466846FFF7A9FF69462046FFF73BFF30
:10E0F00009B030BDF0B599B004460D46164611463C
:10E1000068461F46F6F78AFD3246694608A8F6F7C4
:10E1100085FD3A4669466846F6F780FD08A91E9ACD
:10E120000846F6F77BFD224669466846F6F7BEFDCF
:10E1300008A92A460846F6F7B9FD6A463146304630
:10E14000F6F76CFD6A46694610A8F6F767FD6A4661
:10E1500010A96846F6F762FD10A922460846F6F7B0
:10E160005DFD08AA11462046F6F758FD10AA214683
:10E170002046F6F79BFD10AA21462046F6F796FDAD
:10E180006A4621462046F6F791FD10A92246084628
:10E19000F6F78CFD10A908AA0846F6F73FFD2A46B7
:10E1A00069466846F6F73AFD6A4610A92846F6F72A
:10E1B0007DFD19B0F0BD08B5FFF72BFC003818BF86
:10E1C0000120404208BD00B591B0024608A968464A
:10E1D000F6F780FD002818BF6FF0010011B05DF860
:10E1E00004FB10B588B001466846F6F73FFD2021D4
:10E1F00004466846F6F750FF002C0CBF20466FF02F
:10E20000020008B010BD10B5044608B1F6F744FF8F
:10E210002046BDE81040F6F739BF3C22002100F04F
:10E22000CEB910B5044600F09DF92046BDE8104077
:10E23000F6F72CBF10B54FF48C710120F6F720FFD4
:10E24000044608B100F089F9204610BDF7F7E6B89A
:10E25000F7F71AB8F7F766B938B5054618B96FF089
:10E260008604204638BD0468002CF8D00029F6D07A
:10E270000123F6F777FF04460028F2D12B68002B24
:10E28000EDD09B79023B022BE9D824210120F6F73F
:10E29000F7FE20B1A8631021F6F7FEFEE1E76FF06C
:10E2A0008C04DEE72DE9F04F0F4685B01646804618
:10E2B000002879D00368002B76D0002974D0846BB5
:10E2C000002C71D01D79206A05F01F05F8B12A1ABB
:10E2D000B2421CD21030204400F04AF904F110027E
:10E2E0000023191DA9422CD923441A1B954231D869
:10E2F00003AB00932A46234621464046F6F762FFC9
:10E30000E0B9236A2062EA1A334417445E1B05F120
:10E31000FF394FF0010A0DF10C0BB144B9FBF5F9CF
:10E32000CA4538D34EB1206A1030324639462044AF
:10E3300000F01EF9236A33442362002005B0BDE8D3
:10E34000F08F52F8100C1368434042F8103C04322E
:10E350000B46C6E71A7C19784A4003F8012BC4E73C
:10E36000FA58E0584240E2500B46191D8D4204EB2A
:10E370000302F5D2AB4210D3CDF800B023462A46B3
:10E3800021464046F6F71EFF0028D7D1761B2F44C2
:10E390000AF1010AC4E70023E7E7F85C117841407D
:10E3A00002F8011B0133E5E76FF08600C6E72DE9AF
:10E3B000F04F93B006460391002800F0CB8003682D
:10E3C000002B00F0C780856B002D00F0C380002972
:10E3D00000F0C08006AF102138460DF128081C79E6
:10E3E0000DF13809F6F758FE10214046F6F754FEB5
:10E3F00010214846F6F750FE326804F01F0492B32D
:10E4000092F804A00AF01F0A0DF1140BCDF800B029
:10E410004B46524649463046F6F7D4FE50B9BAF15B
:10E42000100F07D149463846F6F70CFF39464046EB
:10E43000F6F708FF10214846F6F72EFE2B6AA34296
:10E4400005F1100A11D33846CC460022111DA14215
:10E4500065D9A2421ED21AF80210B85C414009F8F0
:10E4600002100132F5E79246CEE74846CC4600223C
:10E4700093423ED91AF802100CF8011B0132944263
:10E48000F6D8C4460022111DA14237D909EB02017A
:10E49000A2423BD348460022A5F1040C111DA14223
:10E4A00046D9A918A2424CD33046CDF800B02B462D
:10E4B00022462946F6F786FE064620B903982246EC
:10E4C000294600F055F810213846F6F7E5FD1021F1
:10E4D0004046F6F7E1FD0023102150462B62F6F787
:10E4E000DBFD10212846F6F7D7FD304613B0BDE816
:10E4F000F08F0CBF01210021C901BDE702685CF863
:10E50000043B5A4040F8042B0A46BCE7087818F848
:10E5100002C080EA0C0001F8010B0132B8E76A186A
:10E5200050F8043BD2685A404CF8042B0A468DE759
:10E530005CF8012050F8043B5A404CF801200A4690
:10E54000ACE719F802C0087880EA0C0001F8010B6A
:10E550000132A7E76FF08606C7E74FF48C720021FF
:10E5600000F02DB818B14FF48C71F6F795BD7047D7
:10E570000A44914200F1FF3300D1704710B511F801
:10E58000014B03F8014F9142F9D110BD884210B5FB
:10E5900001EB020402D98442234607D8431EA1425C
:10E5A00007D011F8012B03F8012FF8E7024482424B
:10E5B00000D110BD13F8011D02F8011DF7E7024458
:10E5C0000346934200D1704703F8011BF9E710B5E9
:10E5D00001390244904201D1002005E0037811F88E
:10E5E000014FA34201D0181B10BD0130F2E7C9B2A0
:10E5F0000346184613F8012B12B18A42F9D170472D
:10E60000002918BF0020704710B56AB1013984187D
:10E6100010F8012B11F8013F9A4203D1A04201D01A
:10E62000002AF5D1D01A10BD1046FCE710B501390B
:10E63000034632B111F8014F03F8014B013A002CA7
:10E64000F7D11A440021934200D110BD03F8011BF9
:10E65000F9E710B5024601448A42134603D01C78FC
:10E660000132002CF8D1181A10BDF0B5C3F13707EC
:10E670000446FFB203F01F031046082BE6B233D066
:10E68000102B3ED06508A40844EA817445EAC175A0
:10E690002D194FEA910242EB5102290941EA027118
:10E6A0006D1842EB1212290A41EA02616D1842EB21
:10E6B0001222290C41EA02416D1842EB1242AD18B8
:10E6C00042F10002EC0844EA4274D10804EB8402EF
:10E6D000A6EB4205EDB2092D0CD90134A5F10A05CE
:10E6E00041F10001EDB212E0E40844EA417406F0A1
:10E6F0000705C908303554EA010200F8015BBCD1B6
:10E70000F0BD240944EA017406F00F050909092D3A
:10E7100084BFED19EDB2EDE7D1E9043293421EBF9B
:10E720005A1C0A6118707047401CFD7F01000000F0
:10E73000957C010000000000B54A010000000000C7
:10E74000157C0100000000000000000008E8030044
:10E7500073C6030000000000812C030000000000CD
:10E76000C12C0300000000000000000024E80300AA
:10E770000000000040E80300FD0503000000000069
:10E780000000000078E803000000000094E80300A7
:10E7900000000000B0E80300000000005CE8030097
:10E7A000991B030000000000B95C0100000000009C
:10E7B0008979010000000000C7C5030000000000C7
:10E7C000E5310300000000005D0F030000000000C1
:10E7D0000000000004E9030000000000CCE8030092
:10E7E00000000000E8E803008D9A0100000000002E
:10E7F0002D89010000000000E19D010000000000E3
:10E80000493A010000000000593F040050FA03009B
:10E8100020EB0300164D0020FC9A0020F5020300B7
:10E8200000000000F23F040070FA0300F0EA030069
:10E830001C4D0020AC9B0020250E030000000000B2
:10E840000040040084FA0300F0EA03001E4D00209B
:10E85000B89B0020250E0300000000009A1D040054
:10E86000F8F103003CEB0300104D0020F004002001
:10E87000ED95010000000000823F04000000000050
:10E88000D0EA0300184D0020509B0020210803000F
:10E89000000000006840040098FA030090EB0300B9
:10E8A000204D00205C4C0020751503000000000086
:10E8B00095400400B8FA0300E4EB0300224D002069
:10E8C000644C00203D18030000000000D4F5030054
:10E8D0000000000014EB0300124D0020A88D002062
:10E8E0000000000000000000333F04002CFA030089
:10E8F000E8F90300144D0020A84B002049F4020061
:10E9000000000000CE3F040000000000D8EA030031
:10E910001A4D0020000000003D0903000000000027
:10E92000B9C5030097BE0300000000001980030072
:10E9300094E803003D130300000000001980030069
:10E94000000000001980030000000000198003008F
:10E950000848002035BB03000000000019800300B8
:10E96000000000001980030000000000198003006F
:10E97000000000001980030000000000B5C502007F
:10E980000000000019800300509B00208D08030048
:10E99000000000004DEC02000000000019800300A0
:10E9A000000000001980030000000000291C030083
:10E9B000000000001980030000000000198003001F
:10E9C000000000001980030000000000198003000F
:10E9D00000000000198003000000000019800300FF
:10E9E00000000000E5C502000000000019800300DF
:10E9F00000000000198003000000000019800300DF
:10EA000000000000198003000000000019800300CE
:10EA100000000000198003000000000019800300BE
:10EA200000000000198003000000000019800300AE
:10EA3000000000001980030000000000198003009E
:10EA4000000000001980030000000000198003008E
:10EA50000000000019800300A1FB020097BE030024
:10EA6000B0E8030025BD030000000000198003008A
:10EA7000000000001980030000000000198003005E
:10EA8000000000001980030000000000198003004E
:10EA9000000000001980030000000000198003003E
:10EAA000E0500020C0AF00200010000061250100F0
:10EAB000000000000000000000000000090000004D
:10EAC00000000000490504000000000000000000F4
:10EAD000CD0703001D07030001BA03000D0C03005E
:10EAE000F109030011090300CDB903000109030076
:10EAF000550C030089BA030097BA0300AFBA0300AC
:10EB0000BBBA0300C7BA0300610E0300E1BA0300F9
:10EB100000000000614B020081490200E148020050
:10EB20004D03030079B80300DDB8030000000000C6
:10EB300015B803000000000000000000E389030096
:10EB4000799501000000000087890300378A0300DF
:10EB50000D8A0300CF890300EB8E0300A18A030016
:10EB600029890300218F0300978A03000000000019
:10EB700041890300000000000000000049890300F3
:10EB8000A58E03005B890300958B03006389030056
:10EB9000C5110300F1140300E911030089130300F8
:10EBA00087BB0300ED150300F911030025120300D4
:10EBB0006D120300991203007912030089120300F9
:10EBC00099120300C1120300D5120300E5120300DD
:10EBD000F512030097BB0300291303000000000097
:10EBE00000000000B9BB030085170300ABBB0300A6
:10EBF000251603009BBB0300CBBD0300DFBB030056
:10EC000007BC03003DBC030051BC03007FBC0300F4
:10EC100093BC030051BC03006FBC0300A7BC0300FE
:10EC2000B5BC0300C3BC0300F5BC0300F9BC030082
:10EC300000000000000000000500000011D30100EA
:10EC4000060000003D0E02000400000055E3010034
:10EC500000000000000000000000000000000000B4
:10EC600000000000F9FB01000000000000000000AF
:10EC7000CD420100614201009D4001000000000002
:10EC800000000000000000001D4201000000000024
:10EC900030F403000800000018F103000700000032
:10ECA000AB13040003000000782B040003000000F5
:10ECB000D933040003000000251F040003000000F6
:10ECC000972F040003000000BC3C04000300000078
:10ECD000D8F703000300000014F70300030000004E
:10ECE000E8F5030003000000B0F703000300000094
:10ECF000C4F70300030000002C1F04000300000001
:10ED0000BE2C040003000000EB37040003000000E9
:10ED1000A8280400030000001F2B040003000000CB
:10ED2000B43C040003000000213104000300000093
:10ED3000ED1D040003000000101F0400030000008C
:10ED4000423B040003000000231104000300000004
:10ED5000743F040003000000331E040003000000A1
:10ED6000B813040003000000E83F040003000000A3
:10ED7000A9120400030000005E400400030000002C
:10ED8000B812040003000000BC12040003000000DD
:10ED9000FB3C040003000000C4400400030000002A
:10EDA000D317040003000000321804000300000021
:10EDB0003A18040003000000493F0400030000006B
:10EDC000A7410400030000007810040003000000C5
:10EDD000FC0F0400030000005007040003000000C3
:10EDE0000306040003000000400A040003000000C2
:10EDF0005E05040003000000860C04000300000010
:10EE0000C108040003000000131F040003000000F9
:10EE10004918040003000000D50B040003000000A3
:10EE20005D11040003000000A34004000300000083
:10EE3000C23D040003000000413F04000300000045
:10EE4000AD1C040001000000261A040001000000AF
:10EE50002E1D040001000000141B0400010000002E
:10EE6000B118040001000000A8180400010000000F
:10EE7000891D0400010000006A1D0400010000005B
:10EE8000A61B040001000000911D04000100000009
:10EE900088F003009C7F00209B1304000100000009
:10EEA0000D1F04000000000000000000F9960100A2
:10EEB000D9990100000000000237040001000000A1
:10EEC0000000000095A40300000000000000000006
:10EED000DF3704000100000000000000BDF3010066
:10EEE0000000000000000000D7370400010000000F
:10EEF00000000000E9E90100D1F801000000000075
:10EF0000AC3C04000100000000000000211D0200D4
:10EF10000D1C020000000000E537040001000000A5
:10EF2000000000004DEF010071EE01000000000044
:10EF3000000000000300000030000000600000003E
:10EF40000000000093270400982704009C27040079
:10EF5000A0270400A4270400A8270400AC2704006D
:10EF6000B0270400B4270400B8270400BC2704001D
:10EF7000C0270400C4270400C8270400CC270400CD
:10EF8000D0270400D427040000010602010000007D
:10EF9000000102010404040401030062746C6500B2
:10EFA0000000000000000000000000000000000061
:10EFB0000000000000000000000000000000000051
:10EFC0000000000000000000000000000001000040
:10EFD0000338FDD870470000000001000000020067
:10EFE00010000100200001003000000024E80300B0
:10EFF000030000003100000024E8030004000000CA
:10F000000100000040E803001100000002000000C1
:10F0100024E80300020000001400000040E80300A0
:10F020001F000000090B0000F00F040001010000A8
:10F03000C84C002007100000FFAD0020A85200209F
:10F0400000010000477A0300E97903000200000094
:10F05000F77B03000000000000000000000000003B
:10F0600000000000000000000000000000000000A0
:10F0700000000000000000008B1304008F13040048
:10F080009313040097130400A96601009D66010014
:10F09000CD66010085660100000000009166010058
:10F0A0000000000029670100A47F002013AE0020AB
:10F0B000100000000600000000000000000000003A
:10F0C0000000010004E903000500000000800F00BB
:10F0D0000080000004E903000100000000000100BE
:10F0E00000E0060004E903000200000000E0070061
:10F0F00000E0060004E903000300000000C00E0069
:10F1000000A0000004E903000400000000600F00FC
:10F110000020000004E90300D20404005DA60300FF
:10F1200000000000CE04040000000100CA04040036
:10F13000FFA7030000000000DC47002000000100E2
:10F14000C2040400AB7D03000000000000000000CA
:10F1500000000100BE040400FFA70300000000003F
:10F16000D447002000000100B6040400777D0300AE
:10F17000000000000000000000000100B2040400D4
:10F18000FFA7030000000000CC47002000000100A2
:10F19000AA0404004568010000000000000000000F
:10F1A00000000100A56B010000000000000000004D
:10F1B00000000000757E030000000000597E03007F
:10F1C000C00400200000000000000B060200000048
:10F1D000D4F10300000000002318040026000202FE
:10F1E000000000202B18040022000B11B97A010046
:10F1F00000000000A3800300C048002000000000C1
:10F20000C94C0020D448002000000000ECF10300AD
:10F210001CF203004A000000000000007C200120D6
:10F22000ECF1030030F203002E00000000000000AB
:10F2300044250120ECF1030044F203000201000028
:10F240000000000018260120D8270400F62704003B
:10F2500011280400212804002E2804003728040067
:10F260003E280400452804004C28040054280400CB
:10F270002E2804005C2804006E2804008328040063
:10F28000962804000E03000071B101000F04000075
:10F290003DB101001A010000F19B010005040000CE
:10F2A0008D9C010013010000ED9E01003E01000055
:10F2B00065A1010001120000F39203000A1E000084
:10F2C00021930300FF010000D9A201003E010000CC
:10F2D000B9A2010005040000D99C01000804000047
:10F2E000A1A701003003000015A7010010010000D4
:10F2F000819D01000112000045AE01000A1E0000C0
:10F30000DD9303000309000075A40100040B000055
:10F31000999E0100060A000079B00100070A00006A
:10F32000519D01000C0500001D9D0100050C000011
:10F33000B5AF0100ECF1030044F303004700000007
:10F340000000000034270120162F0400232F0400A2
:10F35000432F0400372F04004E2F0400652F0400B4
:10F36000752F0400B00D0400892F0400ECF1030098
:10F370007CF303000000000000000000542801207E
:10F38000ECF1030090F303004A00000000000000CD
:10F390007C280120339A0300859A030000000000B6
:10F3A00000000000000000000DD601000000000079
:10F3B0000000000000000000000000000202010048
:10F3C000D59F03000404010015E0010006060100BA
:10F3D00055DF01000804010041DE01000A020100BE
:10F3E000BD9F03000C040100A59F03000E04010053
:10F3F0001DDD01002004010089DC01001004010072
:10F4000099DB010012020100279F03001E00040087
:10F410002BA30300520200004D9F0300ECF10300F8
:10F420002CF403004C00000000000000D42901204F
:10F43000020504005DA6030000000000FE040400B5
:10F4400000000100FA040400FFA703000000000010
:10F45000FC49002000000100F2040400000000004C
:10F46000000000000000000000000000EE040400A6
:10F470002FA60300EDF00100044A00200000030065
:10F48000EA040400FFA7030000000000F449002084
:10F4900000000100E204040095A603005DF20100F3
:10F4A0000000000000000300DE040400FFA70300CA
:10F4B00000000000EC49002000000100D604040018
:10F4C000E1F7010000000000000000000000010062
:10F4D000B90D0200B1AE03001118020000000000D7
:10F4E00000000000F914020000000000000000000D
:10F4F000000000000000000000000000000000000C
:10F50000610F0200060000007DAC03000600000051
:10F51000210B0200100000009507020010000000FF
:10F52000B117020001000000ABAA030010000000A8
:10F5300079AC03000A000000690E02001000000010
:10F54000DD1502000700000081AC03001000000080
:10F5500079AB030001000000F50C02004000000040
:10F560001DAC03001000000099AB03000100000077
:10F57000456D70747920484349207061636B6574F0
:10F5800000000000556E6B6E6F776E204843492077
:10F5900074797065202575004C4C20696E6974691A
:10F5A000616C697A6174696F6E206661696C65640B
:10F5B0003A2025640000000042542043544C52205D
:10F5C000525820707269000042542043544C52201B
:10F5D0005258000062745F6863695F636F6E747293
:10F5E0006F6C6C657200000062745F63746C725FB4
:10F5F0006863695F64726976657200005A65706855
:10F600007972204F532076342E342E3000000000C3
:10F610004E6F2048434920436F6D6D616E642068D2
:10F620006561646572000000496E76616C696420F2
:10F6300048434920434D44207061636B6574206CDE
:10F64000656E6774680000004E6F20484349204192
:10F65000434C20686561646572000000496E766104
:10F660006C6964204843492041434C207061636BBE
:10F670006574206C656E677468000000496E766181
:10F680006C6964204843492041434C2044617461C3
:10F69000206C656E677468005478204275666665F4
:10F6A00072204F766572666C6F770000496E7661E6
:10F6B0006C696420547820456E717565756500002D
:10F6C00068616E646C653A203078253034782C207F
:10F6D0007374617475733A2025782C2074783A20FD
:10F6E00025782C2072783A2025782E007479706560
:10F6F0003A203078253032780000000072656A6563
:10F700006374206F70636F64653A203078253032FF
:10F710007800000062745F63746C725F68636900F4
:10F72000574553545F544F504449522F7A6570687F
:10F7300079722F7375627379732F626C7565746F4C
:10F740006F74682F636F6E74726F6C6C65722F6C60
:10F750006C5F73772F756C6C5F636F6E6E2E6300DA
:10F76000657272203D3D2030207C7C2065727220C5
:10F770003D3D202D31323000415353455254494FC5
:10F780004E204641494C205B25735D204020257367
:10F790003A25640A0000000009706172616D313A17
:10F7A00020257520706172616D323A2025750A003E
:10F7B00062745F63746C725F756C6C5F636F6E6EA6
:10F7C0000000000062745F63746C725F756C6C5F44
:10F7D00066696C746572000062745F63746C725F5A
:10F7E00063727970746F0000574553545F544F50E3
:10F7F0004449522F7A65706879722F7375627379F4
:10F80000732F626C7565746F6F74682F636F6E749D
:10F81000726F6C6C65722F6C6C5F73772F6E6F728A
:10F820006469632F6C6C6C2F6C6C6C5F6164762EFA
:10F8300063000000300000000925733A2041637422
:10F8400075616C204556454E545F4F5645524845AC
:10F8500041445F53544152545F5553203D20257518
:10F860000A000000574553545F544F504449522FEB
:10F870007A65706879722F7375627379732F626C11
:10F880007565746F6F74682F636F6E74726F6C6CD4
:10F8900065722F6C6C5F73772F6E6F726469632F64
:10F8A0006C6C6C2F6C6C6C5F7065726970686572E3
:10F8B000616C2E6300000000558602006586020020
:10F8C000758602008586020000000000000000002E
:10F8D000958602002D870200A58602000000000028
:10F8E0005D87020000000000B58602003D8702002F
:10F8F00000000000C5860200AD870200D586020028
:10F900006D8702007D8702008D8702009D870200BF
:10F91000BD870200CD870200E586020000000000DE
:10F9200000000000000000000000000000000000D7
:10F930004D87020008020B020A03050200000000C6
:10F9400000000000020200000602000004030000A4
:10F950000000090300000000010300000C03000088
:10F96000070300000000000000000000F401FA009E
:10F97000960064004B0032001E0014007072657027
:10F980006172655F63620000707265706172655FCD
:10F990006362000001030405000000006410B71D4D
:10F9A000C8206E3BAC30D9269041DC76F4516B6BAD
:10F9B0005861B24D3C7105502083B8ED44930FF06F
:10F9C000E8A3D6D68CB361CBB0C2649BD4D2D38625
:10F9D00078E20AA01CF2BDBD38FA0300E44D002015
:10F9E000000000000000000000000000C9F5020057
:10F9F00005F40200E5F10200F1F50200000000004C
:10FA000085F1020011F6020041000300E5F3020057
:10FA100000000000B900030061FA0200FDF20200DC
:10FA2000DDF20200BFB70300B7B70300000000001B
:10FA3000030000005DF30200E7B7030000000000D0
:10FA4000CFB70300B10203008102030000000000F1
:10FA5000FD0303007D030300683F040007B90300B2
:10FA600003B903006E3F04000100000000FF000026
:10FA7000FFFF0000000300500848002000000000C5
:10FA800001000000FFFFFFFF0000005008480020B9
:10FA900000000000000000009CFA0300002000406D
:10FAA000A8FA030001000000B0FA03000200000001
:10FAB000140000001300000100800240010000005B
:10FAC00000000000D4FA03000024F4008DAF0020F1
:10FAD0008CAF002000800240E0FA0300010000002B
:10FAE000E8FA030002000000100000000F0000010F
:10FAF00008000000030000005841040066410400B3
:10FB00007A410400894104009541040030E7030074
:10FB100038E70300A0E70300A8E7030000E80300BC
:10FB200008E80300AA4104000001000000000000F2
:10FB3000000000000A5695CE5753F2DD5CE419BA76
:10FB4000E4B84A8B25F321DD8886E8D2855D8825D7
:10FB500018FF71853C14A918D430E77901B6ED5F20
:10FB6000FC95BA75102562772B73FB79C65537A5BE
:10FB7000765F9018DFBDC42962DF9CD8903084780E
:10FB8000CD05F0ACD62E21F7AB20A2E53448870492
:10FB90001D0630DC512563FCC2CAB9F3849E17A749
:10FBA000ADFAE6BCFFFFFFFFFFFFFFFF0000000014
:10FBB000FFFFFFFFA2EE79BE954C2483A66FBD49DF
:10FBC0009C79994659EC6B2B39B245282056D9F3CC
:10FBD000942DE1664FBC00EEFFFFFFFFFFFFFFFF2C
:10FBE000FFFFFFFF00000000000000000000000019
:10FBF00001000000FFFFFFFF030000000000000005
:10FC0000FFFFFFFFFBFFFFFFFEFFFFFFFFFFFFFF09
:10FC1000FDFFFFFF0400000001000000BFE503003E
:10FC20005CFC03000200000054FC03000300000021
:10FC30004CFC03000400000044FC03000000000032
:10FC400000000000DB41040010140400E741040040
:10FC500010130300F3410400101202000200000020
:10FC600055E2030051E203004DE2030035E20300D8
:10FC700023E2030001000000020000000400000075
:10FC800008000000100000002000000040000000FC
:10FC9000800000001B0000003600000051F4A75057
:10FCA0007E4165531A17A4C33A275E963BAB6BCBD4
:10FCB0001F9D45F1ACFA58AB4BE303932030FA5546
:10FCC000AD766DF688CC7691F5024C254FE5D7FCE4
:10FCD000C52ACBD726354480B562A38FDEB15A49F9
:10FCE00025BA1B6745EA0E985DFEC0E1C32F750279
:10FCF000814CF0128D4697A36BD3F9C6038F5FE753
:10FD000015929C95BF6D7AEB955259DAD4BE832D2E
:10FD1000587421D349E069298EC9C84475C2896ADB
:10FD2000F48E797899583E6B27B971DDBEE14FB6F4
:10FD3000F088AD17C920AC667DCE3AB463DF4A18AF
:10FD4000E51A31829751336062537F45B16477E0A1
:10FD5000BB6BAE84FE81A01CF9082B9470486858D8
:10FD60008F45FD1994DE6C87527BF8B7AB73D323B4
:10FD7000724B02E2E31F8F576655AB2AB2EB28079E
:10FD80002FB5C20386C57B9AD33708A5302887F2E2
:10FD900023BFA5B202036ABAED16825C8ACF1C2B80
:10FDA000A779B492F307F2F04E69E2A165DAF4CDD7
:10FDB0000605BED5D134621FC4A6FE8A342E539DDB
:10FDC000A2F355A0058AE132A4F6EB750B83EC395A
:10FDD0004060EFAA5E719F06BD6E10513E218AF908
:10FDE00096DD063DDD3E05AE4DE6BD4691548DB532
:10FDF00071C45D050406D46F605015FF1998FB248B
:10FE0000D6BDE997894043CC67D99E77B0E842BD1B
:10FE100007898B88E7195B3879C8EEDBA17C0A4734
:10FE20007C420FE9F8841EC9000000000980868327
:10FE3000322BED481E1170AC6C5A724EFD0EFFFB5A
:10FE40000F8538563DAED51E362D39270A0FD96499
:10FE5000685CA6219B5B54D124362E3A0C0A67B10C
:10FE60009357E70FB4EE96D21B9B919E80C0C54F6F
:10FE700061DC20A25A774B691C121A16E293BA0A67
:10FE8000C0A02AE53C22E043121B171D0E090D0BF2
:10FE9000F28BC7AD2DB6A8B9141EA9C857F11985A4
:10FEA000AF75074CEE99DDBBA37F60FDF701269F80
:10FEB0005C72F5BC44663BC55BFB7E348B432976A4
:10FEC000CB23C6DCB6EDFC68B8E4F163D731DCCAFD
:10FED000426385101397224084C61120854A247DF1
:10FEE000D2BB3DF8AEF93211C729A16D1D9E2F4B33
:10FEF000DCB230F30D8652EC77C1E3D02BB3166C35
:10FF0000A970B999119448FA47E96422A8FC8CC4F5
:10FF1000A0F03F1A567D2CD8223390EF87494EC768
:10FF2000D938D1C18CCAA2FE98D40B36A6F581CFA0
:10FF3000A57ADE28DAB78E263FADBFA42C3A9DE421
:10FF40005078920D6A5FCC9B547E4662F68D13C248
:10FF500090D8B8E82E39F75E82C3AFF59F5D80BEBA
:10FF600069D0937C6FD52DA9CF2512B3C8AC993B2E
:10FF700010187DA7E89C636EDB3BBB7BCD26780920
:10FF80006E5918F4EC9AB701834F9AA8E6956E65FE
:10FF9000AAFFE67E21BCCF08EF15E8E6BAE79BD9B9
:10FFA0004A6F36CEEA9F09D429B07CD631A4B2AFCD
:10FFB0002A3F2331C6A5943035A266C0744EBC37A3
:10FFC000FC82CAA6E090D0B033A7D815F104984AB5
:10FFD00041ECDAF77FCD500E1791F62F764DD68D86
:10FFE00043EFB04DCCAA4D54E49604DF9ED1B5E367
:10FFF0004C6A881BC12C1FB84665517F9D5EEA0480
:020000040004F6
:10000000018C355DFA877473FB0B412EB3671D5A63
:1000100092DBD252E91056336DD647139AD7618CD2
:1000200037A10C7A59F8148EEB133C89CEA927EE30
:10003000B761C935E11CE5ED7A47B13C9CD2DF5987
:1000400055F2733F1814CE7973C737BF53F7CDEA13
:100050005FFDAA5BDF3D6F147844DB86CAAFF38196
:10006000B968C43E3824342CC2A3405F161DC37245
:10007000BCE2250C283C498BFF0D954139A8017144
:10008000080CB3DED8B4E49C6456C1907BCB846189
:10009000D532B670486C5C74D0B85742C66363A55D
:1000A000F87C7C84EE777799F67B7B8DFFF2F20DFE
:1000B000D66B6BBDDE6F6FB191C5C55460303050EB
:1000C00002010103CE6767A9562B2B7DE7FEFE19BF
:1000D000B5D7D7624DABABE6EC76769A8FCACA45F8
:1000E0001F82829D89C9C940FA7D7D87EFFAFA1582
:1000F000B25959EB8E4747C9FBF0F00B41ADADEC5F
:10010000B3D4D4675FA2A2FD45AFAFEA239C9CBFE6
:1001100053A4A4F7E47272969BC0C05B75B7B7C2D4
:10012000E1FDFD1C3D9393AE4C26266A6C36365A93
:100130007E3F3F41F5F7F70283CCCC4F6834345C07
:1001400051A5A5F4D1E5E534F9F1F108E271719317
:10015000ABD8D873623131532A15153F0804040C0B
:1001600095C7C752462323659DC3C35E3018182820
:10017000379696A10A05050F2F9A9AB50E0707091B
:10018000241212361B80809BDFE2E23DCDEBEB2692
:100190004E2727697FB2B2CDEA75759F1209091BF8
:1001A0001D83839E582C2C74341A1A2E361B1B2D3B
:1001B000DC6E6EB2B45A5AEE5BA0A0FBA45252F6AB
:1001C000763B3B4DB7D6D6617DB3B3CE5229297B62
:1001D000DDE3E33E5E2F2F7113848497A65353F51E
:1001E000B9D1D16800000000C1EDED2C40202060A5
:1001F000E3FCFC1F79B1B1C8B65B5BEDD46A6ABEA3
:100200008DCBCB4667BEBED97239394B944A4ADE94
:10021000984C4CD4B05858E885CFCF4ABBD0D06B5F
:10022000C5EFEF2A4FAAAAE5EDFBFB16864343C5AF
:100230009A4D4DD766333355118585948A4545CF00
:10024000E9F9F91004020206FE7F7F81A05050F008
:10025000783C3C44259F9FBA4BA8A8E3A25151F398
:100260005DA3A3FE804040C0058F8F8A3F9292AD70
:10027000219D9DBC70383848F1F5F50463BCBCDFA6
:1002800077B6B6C1AFDADA7542212163201010309B
:10029000E5FFFF1AFDF3F30EBFD2D26D81CDCD4C39
:1002A000180C0C1426131335C3ECEC2FBE5F5FE162
:1002B000359797A2884444CC2E17173993C4C45756
:1002C00055A7A7F2FC7E7E827A3D3D47C86464ACA8
:1002D000BA5D5DE73219192BE6737395C06060A0B3
:1002E000198181989E4F4FD1A3DCDC7F4422226686
:1002F000542A2A7E3B9090AB0B8888838C4646CA52
:10030000C7EEEE296BB8B8D32814143CA7DEDE790B
:10031000BC5E5EE2160B0B1DADDBDB76DBE0E03B8B
:1003200064323256743A3A4E140A0A1E924949DB34
:100330000C06060A4824246CB85C5CE49FC2C25DCB
:10034000BDD3D36E43ACACEFC46262A6399191A821
:10035000319595A4D3E4E437F279798BD5E7E73288
:100360008BC8C8436E373759DA6D6DB7018D8D8CE8
:10037000B1D5D5649C4E4ED249A9A9E0D86C6CB4D5
:10038000AC5656FAF3F4F407CFEAEA25CA6565AF2E
:10039000F47A7A8E47AEAEE9100808186FBABAD56B
:1003A000F07878884A25256F5C2E2E72381C1C2424
:1003B00057A6A6F173B4B4C797C6C651CBE8E823D5
:1003C000A1DDDD7CE874749C3E1F1F21964B4BDD44
:1003D00061BDBDDC0D8B8B860F8A8A85E0707090C5
:1003E0007C3E3E4271B5B5C4CC6666AA904848D8FA
:1003F00006030305F7F6F6011C0E0E12C26161A397
:100400006A35355FAE5757F969B9B9D01786869105
:1004100099C1C1583A1D1D27279E9EB9D9E1E138DF
:10042000EBF8F8132B9898B322111133D26969BBFA
:10043000A9D9D970078E8E89339494A72D9B9BB62A
:100440003C1E1E2215878792C9E9E92087CECE4936
:10045000AA5555FF50282878A5DFDF7A038C8C8FAA
:1004600059A1A1F8098989801A0D0D1765BFBFDA56
:10047000D7E6E631844242C6D06868B8824141C3BB
:10048000299999B05A2D2D771E0F0F117BB0B0CB43
:10049000A85454FC6DBBBBD62C16163A09040000B8
:1004A000022900000328000000280000042A0000A0
:1004B000042A000003280000012A0000012A00008D
:1004C00003280000002A0000002A00000328000082
:1004D00000180000002800002A2B00002A2B000032
:1004E00003280000292B0000292B0000032800000E
:1004F00002290000052A0000052A00000328000048
:100500000118000000286BFF79FF79FF7CFF0000D5
:1005100052544275732070726F6365737320666105
:10052000696C65643A2025640052544275732069F1
:100530006E697469616C697A6174696F6E20666155
:10054000696C65643A2025640072746275735F7229
:10055000756E74696D655F7468726561640072744C
:100560006275735F72756E74696D65004E61746952
:100570007665207365727669636520737461727441
:10058000206661696C65643A20256400446961678E
:100590006E6F737469637320746573742065766518
:1005A0006E7420726563656976656400646961676D
:1005B0006E6F737469637320616464207061796C19
:1005C0006F61642073697A65206D69736D6174630E
:1005D000683A20257500646961676E6F737469639A
:1005E000732061646420726573756C7420636F6D31
:1005F000706C6574696F6E206661696C65643A2021
:1006000025640072746275735F646961676E6F73ED
:100610007469637300446961676E6F7374696373AF
:100620002074657374206576656E7420706F7374C2
:10063000206661696C65643A202564004150500071
:10064000556E737570706F727465642044465520E2
:100650007461726765743A202573004E617469761F
:100660006520736572766963652073746F702066A8
:100670006F7220444655206661696C65643A202596
:1006800064004446552052454144592077726974AC
:1006900065206661696C656400594D4F44454D2085
:1006A0007265636569766520746573742066616937
:1006B0006C65643A202564004052544255533A0018
:1006C000525442757320434C492069676E6F7265BE
:1006D00064206C696E653A2025730052544275732C
:1006E00020434C4920636F6D6D616E643A20257321
:1006F00000525442757320434C49206C696E65204A
:10070000746F6F206C6F6E6700556E737570706FCD
:1007100072746564205245424F4F54206172677372
:100720003A20257300525442757320434C4920727D
:1007300065626F6F742072657175657374656400AE
:100740005245424F4F5400444655005445535400BF
:1007500072746275735F636C6900594D4F44454D07
:10076000207265636569766520746573742073749F
:1007700061727400594D4F44454D20686561646550
:10078000722072656365697665206661696C65646F
:100790003A20256400594D4F44454D2063616E63F6
:1007A000656C65642062792073656E6465720059BA
:1007B0004D4F44454D207061636B657420726563D5
:1007C00065697665206661696C65643A2025640018
:1007D000594D4F44454D2066696C653A202573009C
:1007E000594D4F44454D20657870656374656420AC
:1007F00073697A653A2025750052544275732069F1
:100800006D6167652073746F726520626567696EDC
:10081000206661696C65643A202564005254427513
:100820007320696D6167652073746F7265206669F6
:100830006E697368206661696C65643A202564009E
:10084000594D4F44454D2072656365697665207446
:1008500065737420646F6E653A20726563656976AE
:1008600065643D25752065787065637465643D2514
:100870007500594D4F44454D20756E657870656320
:1008800074656420626C6F636B3A20676F743D25FA
:10089000752065787065637465643D2575005254F4
:1008A00042757320696D6167652073746F7265208E
:1008B0007772697465206661696C65643A202564A5
:1008C0000072746275735F796D6F64656D006E613F
:1008D000746976655F736572766963653A206173E2
:1008E000796E632072746275735F706F73742066C3
:1008F00061696C6564207461736B5F69643D257523
:10090000206374785F69643D3078253038782070D2
:1009100061796C6F61645F6C656E3D2575207265F1
:10092000743D25640A006170706C69636174696F5D
:100930006E3A204552524F5220696E636F6D70615E
:100940007469626C65204142492076657273696FF3
:100950006E2025752C2072756E74696D6520726528
:100960007175697265732025750A006170706C6914
:10097000636174696F6E3A206C6F616465642065B1
:100980006E7472793D3078256C7820646174613DB5
:100990002575206273733D25752072616D3D307839
:1009A000256C782F25750A006E6174697665006183
:1009B00070706C69636174696F6E3A204552524F72
:1009C00052206E6F2076616C6964206E6174697666
:1009D0006520696D61676520696E20636F6D706F5A
:1009E0006E656E7420736C6F740A006170706C6950
:1009F000636174696F6E3A204552524F5220696D9F
:100A00006167652072656A65637465642028256482
:100A1000290A00525442757320696D61676520721E
:100A200065717569726573202575206279746573C7
:100A30002052414D2C206D6178206973202575006E
:100A400072746275735F696D61676500555342200A
:100A5000636F6E736F6C65204454522072656164DD
:100A60007900555342206C616E677561676520643B
:100A7000657363726970746F72206661696C656416
:100A80003A20256400555342206D616E756661639E
:100A900074757265722064657363726970746F72C5
:100AA000206661696C65643A2025640055534220D4
:100AB00070726F64756374206465736372697074B7
:100AC0006F72206661696C65643A20256400555335
:100AD000422073657269616C20646573637269702A
:100AE000746F72206661696C65643A2025640055F4
:100AF00053422061646420636F6E6669677572613A
:100B000074696F6E206661696C65643A20256400C3
:100B10006364635F61636D5F3000555342207265AB
:100B200067697374657220636F6E736F6C652043C1
:100B300044432041434D206661696C65643A202539
:100B400064005553422064657669636520696E6967
:100B500074206661696C65643A20256400555342CF
:100B60002064657669636520656E61626C652066E8
:100B700061696C65643A2025640055534220636FB7
:100B80006E736F6C652055415254206E6F742072E5
:100B9000656164790055534220696E697420646F01
:100BA0006E650055534220696E697469616C697A9B
:100BB0006174696F6E206661696C65643A202564B2
:100BC00000737461727475705F7573625F636463E0
:100BD0005F61636D00737461727475705F736572C9
:100BE000766963650073657269616C206265676927
:100BF0006E207061796C6F61642073697A65206D15
:100C000069736D617463683A202575007365726954
:100C1000616C20626567696E20726573756C742003
:100C2000636F6D706C6574696F6E206661696C6569
:100C3000643A2025640072756E74696D6520736571
:100C40007269616C20706F727420257520696E69FD
:100C500074206661696C65643A2025640072756E63
:100C600074696D652073657269616C20706F727450
:100C700020257520737461727420736B69707065C0
:100C8000643A2025640072746275735F73657269DB
:100C9000616C00424C4520736563757269747920FC
:100CA00072657175657374206661696C65643A205C
:100CB000256400424C452061707020474154542007
:100CC0007265676973746572206661696C6564201A
:100CD00068616E646C653D2575207265743D2564A0
:100CE00000424C45207374616C6520626F6E642015
:100CF00064656C657465206661696C65643A20653D
:100D000072723D2575207265743D256400424C4524
:100D10002070616972696E67206661696C65643A0A
:100D200020726561736F6E20257500424C452073FB
:100D300065637572697479206661696C65643A20CF
:100D40006C6576656C2025752065727220257500AE
:100D5000424C4520736563757269747920656E61D4
:100D6000626C65643A206C6576656C20257500427E
:100D70004C4520646973636F6E6E65637465643A95
:100D80002030782530327820257300424C4520638E
:100D90006F6E6E656374696F6E206661696C656401
:100DA0003A2030782530327820257300424C452097
:100DB000636F6E6E656374656400424C4520474105
:100DC00050206175746F2073656375726974792042
:100DD00072657175657374206661696C65643A202B
:100DE000256400424C4520616476657274697369BC
:100DF0006E672073746F70206661696C656420642F
:100E00007572696E672072657365743A2025640097
:100E1000424C4520617070204741545420756E72D9
:100E200065676973746572206661696C65642068C2
:100E3000616E646C653D2575207265743D256400A6
:100E4000424C4520656E61626C65206661696C6527
:100E5000643A20256400424C45206175746820691D
:100E60006E666F2063616C6C6261636B2072656794
:100E70006973746572206661696C65643A202564E3
:100E800000424C452073657474696E6773206C6F03
:100E90006164206661696C65643A20256400424C97
:100EA00045206164766572746973696E672077693D
:100EB00074686F75742061707020474154542073BA
:100EC0006572766963657300424C4520616476659E
:100ED00072746973696E67207374617274206661DD
:100EE000696C65643A20256400424C452070616954
:100EF00072696E6720726573756C7420777269749D
:100F000065206661696C65643A20307825303878F0
:100F100000424C452073656375726974792072656F
:100F200073756C74207772697465206661696C658D
:100F3000643A2030782530387800424C45204741CB
:100F40005020696E697420726573756C74207772B5
:100F5000697465206661696C65643A203078253073
:100F6000387800424C4520474154542072656769E7
:100F70007374657220726573756C7420777269740E
:100F800065206661696C65643A2030782530387870
:100F900000424C45206170702047415454206E6FD0
:100FA00074696679206661696C65642068616E6445
:100FB0006C653D257520636872633D2575207265FB
:100FC000743D256400424C452047415454207661CD
:100FD0006C756520726573756C74207772697465C1
:100FE000206661696C65643A203078253038780075
:100FF000525442757320525444756F007274627576
:10100000735F626C65006865617020636F727275F2
:101010007074696F6E20286E6F7420696E2075730E
:10102000653F292061742025700068656170206328
:101030006F7272757074696F6E202862756666656E
:1010400072206F766572666C6F773F29206174201D
:101050002570006865617020636F727275707469C5
:101060006F6E2028646F75626C6520667265653FDF
:1010700029206174202570006F735F6865617000BE
:1010800028756E7369676E656429206368617220D4
:101090002A207573656420666F7220252570206193
:1010A0007267756D656E742E2049742773207265A2
:1010B000636F6D6D656E64656420746F206361732A
:1010C0007420697420746F20766F6964202A20620E
:1010D000656361757365206974206D617920636152
:1010E000757365206D69736265686176696F7220DA
:1010F000696E206365727461696E20636F6E6669E4
:101100006775726174696F6E732E20537472696EA5
:10111000673A2225732220617267756D656E743A95
:1011200025640063627072696E74665F7061636BE0
:10113000616765004661696C656420746F20726543
:10114000626F6F743A207370696E6E696E672065A6
:101150006E646C6573736C792E2E2E0A007379732E
:101160005F6765746F7074004E5653206E6F742005
:10117000696E697469616C697A656400436F756C46
:1011800064206E6F74206F627461696E20666C619A
:10119000736820706172616D657465727300556E5D
:1011A000737570706F7274656420777269746520EE
:1011B000626C6F636B2073697A6500536563746F4B
:1011C000722073697A6520257520746F6F206C61B9
:1011D0007267652C206D6178696D756D206973206B
:1011E000257A7500556E61626C6520746F206765A5
:1011F00074207061676520696E666F00496E766164
:101200006C696420736563746F722073697A65001A
:10121000436F6E66696775726174696F6E2065727F
:10122000726F72202D20736563746F7220636F7507
:101230006E7400256420536563746F7273206F664B
:1012400020256420627974657300616C6C6F632083
:101250007772613A2025642C2025780064617461DE
:10126000207772613A2025642C202578004743209E
:10127000446F6E65206D61726B657220666F756E6E
:1012800064004E6F20474320446F6E65206D61728D
:101290006B657220666F756E643A20726573746157
:1012A0007274696E672067630066735F6E767300A1
:1012B0006C6F6767696E67006C6F67006C6F675F64
:1012C0006D676D74004D6573736167652028222515
:1012D0007322292064726F70706564206265636197
:1012E0007573652069742065786365656473207320
:1012F000697A65206C696D69746174696F6E202804
:10130000257529004D6573736167652064726F7080
:10131000706564206265636175736520697420651A
:101320007863656564732073697A65206C696D699B
:10133000746174696F6E2028257529000D0A001BE1
:101340005B306D00257320005B2530386C755D20A7
:10135000005B253032753A253032753A25303275CA
:101360002E253033752C253033755D20003C2573D8
:101370003E200025732F0025733A20002530327857
:101380002000202020007C00256300657272007719
:10139000726E00696E6600646267006C6F675F6200
:1013A00061636B656E645F7274740053545245419F
:1013B0004D5F464C41534800666C6173685F696DD0
:1013C00067007365742D76616C7565206661696C64
:1013D0007572652E206B65793A20257320657272CF
:1013E0006F72282564290072302F61313A20203035
:1013F0007825303878202072312F61323A20203021
:101400007825303878202072322F61333A2020300E
:1014100078253038780072332F61343A20203078C4
:1014200025303878207231322F69703A2020307898
:1014300025303878207231342F6C723A2020307881
:10144000253038780020787073723A202030782563
:10145000303878004661756C74696E6720696E7308
:101460007472756374696F6E2061646472657373FE
:1014700020287231352F7063293A20307825303892
:101480007800556E68616E646C6564204952516ED7
:101490003A202564002A2A2A2A2A20555341474502
:1014A000204641554C54202A2A2A2A2A002020442A
:1014B00069766973696F6E206279207A65726F0050
:1014C0002020556E616C69676E6564206D656D6F77
:1014D0007279206163636573730020204E6F20630F
:1014E0006F70726F636573736F7220696E7374725D
:1014F000756374696F6E73002020496C6C65676159
:101500006C206C6F6164206F66204558435F5245C4
:101510005455524E20696E746F205043002020496C
:101520006C6C6567616C20757365206F66207468EC
:10153000652045505352002020417474656D7074CD
:1015400020746F206578656375746520756E6465B9
:1015500066696E656420696E737472756374696F11
:101560006E002A2A2A2A2A20425553204641554CE9
:1015700054202A2A2A2A2A002020537461636B6986
:101580006E67206572726F72002020556E737461F1
:10159000636B696E67206572726F720020205072F3
:1015A0006563697365206461746120627573206589
:1015B00072726F7200202042464152204164647270
:1015C0006573733A2030782578002020496D707259
:1015D0006563697365206461746120627573206559
:1015E00072726F72002020496E7374727563746931
:1015F0006F6E20627573206572726F7200202046D4
:101600006C6F6174696E672D706F696E74206C61A8
:101610007A7920737461746520707265736572766F
:101620006174696F6E206572726F72002A2A2A2AAD
:101630002A204D5055204641554C54202A2A2A2A0A
:101640002A002020537461636B696E672065727293
:101650006F722028636F6E746578742061726561A3
:10166000206D69676874206265206E6F74207661F2
:101670006C696429002020446174612041636365C2
:1016800073732056696F6C6174696F6E0020204D12
:101690004D46415220416464726573733A2030783C
:1016A0002578002020496E737472756374696F6EBB
:1016B000204163636573732056696F6C6174696F51
:1016C0006E00526573657276656420457863657057
:1016D00074696F6E20280053707572696F7573207E
:1016E000696E7465727275707420284952512000B9
:1016F000535053454C20696E2074687265616420B4
:101700006D6F646520646F6573206E6F7420696E01
:1017100064696361746520505350002A2A2A2A2A7A
:101720002048415244204641554C54202A2A2A2A16
:101730002A002020427573206661756C74206F6EDC
:1017400020766563746F72207461626C65207265C7
:1017500061640020204465627567206576656E745B
:101760000020204661756C7420657363616C617440
:10177000696F6E20287365652062656C6F7729003C
:10178000415243485F455843455054207769746837
:1017900020726561736F6E2025780A002A2A2A2A32
:1017A0002A204465627567206D6F6E69746F7220C0
:1017B000657863657074696F6E202A2A2A2A2A0068
:1017C0002A2A2A2A2A20257320256429202A2A2A1F
:1017D0002A2A006D7075004661696C656420746F1B
:1017E00020616C6C6F63617465206E6577204D506D
:1017F0005520726567696F6E2025750A0050617209
:10180000746974696F6E2025753A20636F6865721C
:10181000656E636520636865636B206661696C65EE
:10182000642E00464C4153485F30005352414D5F97
:1018300030006E65745F627566006E65745F627518
:10184000665F73696D706C6500736F63005553421A
:101850002064657669636520636F6E74726F6C6C6B
:101860006572206973206E6F7420726561647900FF
:101870004661696C656420746F20656E61626C6599
:1018800020636F6E74726F6C6C6572004275666671
:10189000657220707265616C6C6F636174696F6EE4
:1018A000206661696C656400757362645F64657667
:1018B00000757362645F64657363004661696C659B
:1018C0006420746F20656E71756575652053746151
:1018D00074757320494E20627566666572004661B4
:1018E000696C656420746F20656E7175657565201F
:1018F0005345545550206275666665720043616EAB
:10190000206F6E6C792068616E646C6520636F6E09
:1019100074726F6C207265717565737473004D61BC
:101920006C666F726D65642073657475702070618C
:10193000636B657400556E657870656374656420CB
:10194000627566666572206C696E6B656420746F83
:10195000207365747570004661696C656420746FEE
:1019600020736574206465766963652061646472C0
:101970006573732030782578004661696C65642052
:10198000746F2073657420636F6E6669677572612A
:1019900074696F6E2025752C20256400436F6E6678
:1019A000696775726174696F6E20646573637269CB
:1019B00070746F72202575206E6F7420666F756E5F
:1019C00064004857494E464F206E6F7420696D7011
:1019D0006C656D656E746564206F7220656E616202
:1019E0006C6564004661696C656420746F20656E87
:1019F000717565756520537461747573204F555406
:101A000020627566666572004661696C6564207463
:101A10006F20656E61626C6520544553545F4D4F75
:101A2000444520257500757362645F6368390075ED
:101A3000736264004661696C656420746F20676539
:101A400074206366675F6E642C20646573706974CC
:101A50006520636F6E666967757265642073746173
:101A6000746500556E7265636F76657261626C6550
:101A7000206572726F722025642C2065702030788A
:101A8000253032782C206275662025700046616909
:101A90006C656420746F207365742064656661757D
:101AA0006C7420616464726573732061667465721E
:101AB00020627573207265736574004661696C6598
:101AC0006420746F207365742064656661756C743E
:101AD0002073746174652061667465722062757329
:101AE00020726573657400554443206572726F728D
:101AF000206576656E74004661696C656420746F5C
:101B000020696E6974206465766963652064726912
:101B100076657200757362645F636F726500456E0F
:101B200064706F696E6720307825303278206E6F70
:101B3000742061737369676E6564004661696C65E2
:101B40006420746F2061737369676E20656E6470C2
:101B50006F696E74206164647265737365730046A7
:101B600061696C656420746F20696E697469616C69
:101B7000697A6520636C61737320696E7374616E3A
:101B80006365004661696C656420746F20696E69E5
:101B90007420465320636F6E66696775726174695D
:101BA0006F6E20257500757362645F696E697400DD
:101BB0004661696C656420746F207265736574207A
:101BC000636F6E66696775726174696F6E004665F2
:101BD0006174757265206E6F7420737570706F72AA
:101BE00074656420627920636F6E74726F6C6C65CB
:101BF0007200555342206465766963652073757081
:101C0000706F727420697320696E697469616C69A0
:101C10007A656400537461636B2077617320636F2E
:101C20006D70696C656420776974686F757420489D
:101C30006967682D537065656420737570706F7285
:101C40007400465320636F6E66696720616C72652D
:101C5000616479206F6E204853206C69737400555D
:101C60006E737570706F7274656420636F6E6669F1
:101C70006775726174696F6E207370656564004684
:101C800061696C656420746F2061646420636F6EA9
:101C900066696775726174696F6E20737472696EBC
:101CA000672064657363726970746F720075736224
:101CB000645F6366670055534220646576696365B7
:101CC00020636C617373202573206E6F7420666FC0
:101CD000756E64004E6F20636F6E66696775726122
:101CE00074696F6E20736574202841646472657333
:101CF000732073746174652900436C61737320727F
:101D000065676973746572656420746F206F7468A9
:101D1000657220636F6E74657874206174206469E5
:101D200066666572656E74207370656564007573B0
:101D300062645F636C617373004661696C65642003
:101D4000746F2068616E646C65206F702025642C50
:101D5000206570203078253032782C20626D20305C
:101D600078253038782C20256400757362645F69AB
:101D700066616365006465766963652069732073D5
:101D8000757370656E64656400757362645F657019
:101D900000757362645F6D7367006364635F6163A2
:101DA0006D5F7561727430007075626C696300728A
:101DB000616E646F6D007075626C69632D6964009B
:101DC00072616E646F6D2D696400253032583A255A
:101DD0003032583A253032583A253032583A253088
:101DE00032583A2530325820282573290062745F12
:101DF00072706100496E73756666696369656E74B9
:101E0000206E756D626572206F6620617267756DF8
:101E1000656E74730049676E6F72696E67206964DE
:101E2000656E7469746965732073746F726564207C
:101E3000696E20666C61736800496E76616C6964D6
:101E4000206C656E67746820494420616464726523
:101E5000737320696E2073746F72616765006274BA
:101E60002F25732F2530327825303278253032787F
:101E700025303278253032782530327825752F2577
:101E8000730062742F25732F253032782530327815
:101E90002530327825303278253032782530327846
:101EA00025750073657474696E67735F737562730B
:101EB00079735F696E6974206661696C6564202856
:101EC000657272202564290062742F2573004661B3
:101ED000696C656420746F207361766520494420C5
:101EE000286572722025642900556E61626C652038
:101EF000746F20736574757020616E206964656EFF
:101F0000746974792061646472657373006274002B
:101F100062745F73657474696E6773004254204C19
:101F2000572057510062745F6275660062745F6487
:101F30006174610044617461206275666665722037
:101F40006F766572666C6F7720286C696E6B207493
:101F5000797065203078253032782900556E6162BD
:101F60006C6520746F206C6F6F6B20757020636FD1
:101F70006E6E20776974682068616E646C652025D8
:101F80007500556E61626C6520746F206C6F6F6BAD
:101F9000757020636F6E6E20666F722068616E646C
:101FA0006C652025750048617264776172652065F3
:101FB00072726F722C20686172647761726520633F
:101FC0006F64653A20256400436F756C64206E6F02
:101FD00074207375626D69742072785F776F726BAD
:101FE0003A20256400556E61626C6520746F206133
:101FF0006C6C6F636174652062756666657200550E
:102000006E68616E646C6564206576656E74203000
:102010007825303278206C656E2025753A2025733E
:1020200000657674206E756D5F68616E646C6573B3
:1020300020283D25752920746F6F206C61726765BB
:102040002028257A75203E20257529004E6F2063B3
:102050006F6E6E656374696F6E20666F7220686163
:102060006E646C65202575007061636B6574732008
:10207000636F756E74206D69736D6174636800546D
:102080006F6F20736D616C6C2028257520627974E8
:10209000657329206576656E742030782530327836
:1020A00000496E76616C6964204843492065766515
:1020B0006E742073697A65202825752900496E762B
:1020C000616C6964204C45206D657461206576659E
:1020D0006E742073697A6520282575290057455349
:1020E000545F544F504449522F7A65706879722F6B
:1020F0007375627379732F626C7565746F6F746832
:102100002F686F73742F6863695F636F72652E63E6
:10211000006576745F666C616773202620283155F0
:102120004C203C3C2028302929004153534552542F
:10213000494F4E204641494C205B25735D2040208D
:1021400025733A25640A00496E76616C69642062E1
:102150007566207479706520257500496E76616C0E
:102160006964204843492041434C207061636B659A
:10217000742073697A6520282575290041434C2015
:1021800064617461206C656E677468206D69736D3D
:10219000617463682028257520213D20257529005C
:1021A000556E61626C6520746F2066696E64206391
:1021B0006F6E6E20666F722068616E646C6520259C
:1021C000750062745F6863695F6576745F676574E4
:1021D0005F666C616773286864722D3E657674294A
:1021E0002026202831554C203C3C2028312929002C
:1021F000556E6B6E6F776E206275662074797065B0
:1022000020257500556E68616E646C656420766586
:102210006E646F722D73706563696669632065769D
:10222000656E7420307825303278206C656E2025FC
:10223000753A202573004E6F20636F6D6D616E647B
:102240002073656E7420666F7220636D6420636F07
:102250006D706C65746520307825303478004F706F
:10226000436F64652030782530347820636F6D705B
:102270006C6574656420696E7374656164206F6653
:102280002065787065637465642030782530347813
:1022900000696E74657276616C206578636565644B
:1022A00073207468652076616C69642072616E6762
:1022B00065202575207573006C6174656E637920E7
:1022C00065786365656473207468652076616C6900
:1022D000642072616E676520307825303478007331
:1022E0007570765F74696D656F7574206578636568
:1022F000656473207468652076616C69642072611E
:102300006E676520307825303478004E6F20706518
:102310006E64696E67207065726970686572616C61
:1023200020636F6E6E656374696F6E00556E6578BD
:10233000706563746564207374617475732030789C
:1023400025303278202573004661696C65642074FD
:102350006F2073657420726571756972656420738E
:1023600065637572697479206C6576656C004E6F73
:10237000206368616E676520746F20656E63727993
:102380007074696F6E2073746174652028656E6364
:1023900072797074203078253032782900756E6B30
:1023A0006E6F776E005B305D004843492074726148
:1023B0006E73706F72743A20257300436F6E74727F
:1023C0006F6C6C6572004964656E7469747925730D
:1023D0003A202573004964656E746974795B2564DD
:1023E0005D3A202573004843493A20766572736947
:1023F0006F6E20257320283078253032782920729E
:1024000065766973696F6E203078253034782C20BA
:102410006D616E75666163747572657220307825C2
:10242000303478004C4D503A2076657273696F6E87
:102430002025732028307825303278292073756262
:1024400076657220307825303478004E6F2049440C
:1024500020616464726573732E20417070206D7505
:1024600073742063616C6C2073657474696E677338
:102470005F6C6F6164282900556E61626C65207421
:102480006F2073656E6420746F2064726976657264
:1024900020286572722025642900657272203D3DF6
:1024A00020300009436F6E74726F6C6C657220751A
:1024B0006E726573706F6E736976652C20636F6DD5
:1024C0006D616E64206F70636F64652030782530B5
:1024D00034782074696D656F75742077697468202D
:1024E0006572722025640A006F70636F6465203026
:1024F00078253034782073746174757320307825B2
:10250000303278202573004661696C656420746FF1
:10251000207265616420444C45206D6178206461BF
:102520007461206C656E0074785F6F63746574739A
:102530002065786365656473207468652076616CD6
:1025400069642072616E67652025750074785F7418
:10255000696D6520657863656564732074686520BE
:1025600076616C69642072616E6765202575004E26
:102570006F2070656E64696E6720636F6E6E206693
:102580006F722070656572202573004E6F6E2D4C42
:10259000452063617061626C6520636F6E74726F59
:1025A0006C6C657220646574656374656421004EAB
:1025B000756D206F6620436F6E74726F6C6C657200
:1025C00027732041434C207061636B657473202135
:1025D0003D2041434C2062745F636F6E6E5F747880
:1025E00020636F6E74657874732028257520213DF3
:1025F000202575290041434C2042522F454452204A
:1026000062756666657273206E6F7420696E697498
:1026100069616C697A65640056656E646F72204802
:10262000434920657874656E73696F6E73206E6FB1
:102630007420617661696C61626C65004857205056
:102640006C6174666F726D3A20257320283078258E
:10265000303478290048572056617269616E743AA7
:102660002025732028307825303478290046697277
:102670006D776172653A20257320283078253032D5
:1026800078292056657273696F6E2025752E257521
:10269000204275696C64202575004661696C65642B
:1026A00020746F207265616420737570706F72742E
:1026B00065642076656E646F7220636F6D6D616E08
:1026C0006473004661696C656420746F2072656193
:1026D0006420737570706F727465642076656E64C3
:1026E0006F72206665617475726573004843492096
:1026F000647269766572206973206E6F74207265EA
:10270000616479004254205258205751004843498F
:1027100020647269766572206F70656E20666169EB
:102720006C65642028256429004F7574206F66202D
:10273000636F6D6D616E64206275666665727300AD
:10274000556E657870656374656420484F53545FB7
:102750004E554D5F434F4D504C455445445F50419D
:10276000434B4554532C2073746174757320307837
:102770002530327820257300556E636C6561726573
:10278000642070656E64696E672073656E745F6344
:102790006D6400312E306200312E3100312E320056
:1027A000322E3000322E3100332E3000342E3000E5
:1027B000342E3100342E3200352E3000352E3100CB
:1027C000352E3200352E3300352E3400362E3000B3
:1027D000362E3100362E32005374616E646172649D
:1027E00020426C7565746F6F746820636F6E7472CD
:1027F0006F6C6C65720056656E646F7220737065E5
:10280000636966696320636F6E74726F6C6C657266
:10281000004669726D77617265206C6F61646572E4
:102820000052657363756520696D61676500726547
:10283000736572766564006E5246353178006E526B
:1028400046353278006E5246353378006E52463542
:10285000344878006E524635344C7800496E7465C1
:102860006C20436F72706F726174696F6E004E6F8F
:10287000726469632053656D69636F6E6475637418
:102880006F72004E58502053656D69636F6E6475AA
:1028900063746F7273004573707265737369662039
:1028A00053797374656D730062745F6863695F6305
:1028B0006F726500574553545F544F504449522F2F
:1028C0007A65706879722F7375627379732F626C91
:1028D0007565746F6F74682F686F73742F686369A0
:1028E0005F636F6D6D6F6E2E6300636D642064694E
:1028F00073616C6C6F776564004661696C65642018
:10290000746F2064697361626C65206164647265D0
:102910007373207265736F6C7574696F6E005265A6
:10292000736F6C76696E67206C6973742073697A53
:10293000652065786365656465642E2053776974E6
:102940006368696E6720746F20686F73742E004629
:1029500061696C656420746F20636C6561722072BC
:1029600065736F6C7574696F6E206C697374004663
:1029700061696C656420746F206164642049524B06
:1029800020746F20636F6E74726F6C6C657200538D
:1029900065742070726976616379206D6F6465205B
:1029A000636F6D6D616E64206973206E6F74207348
:1029B0007570706F72746564004661696C6564203F
:1029C000746F207365742070726976616379206D0D
:1029D0006F64650044697361626C696E672061644D
:1029E0006472657373207265736F6C7574696F6E52
:1029F000206661696C6564202865727220256429EF
:102A0000004661696C656420746F2072656D6F7635
:102A1000652049524B2066726F6D20636F6E747231
:102A20006F6C6C6572004F6E6C792072616E646FB2
:102A30006D20737461746963206964656E74697470
:102A400079206164647265737320737570706F723E
:102A500074656400496E76616C696420696E707596
:102A60007420706172616D6574657273004661698E
:102A70006C656420746F2072656164207075626C8F
:102A800069632061646472657373005265616420D8
:102A90005374617469632041646472657373657310
:102AA00020636F6D6D616E64206E6F74206176615E
:102AB000696C61626C65004661696C656420746F65
:102AC0002072656164207374617469632061646459
:102AD000726573736573004E6F20737461746963FC
:102AE000206164647265737365732073746F7265BB
:102AF0006420696E20636F6E74726F6C6C65720017
:102B000043616E27742073657420626F7468204976
:102B100044454E544954592026204E52504100629B
:102B2000745F696400546F6F206269672061647626
:102B30006572746973696E672064617461004661CF
:102B4000696C656420746F207374617274206164B1
:102B50007665727469736572004661696C6564209C
:102B6000746F2073746F702061647665727469731A
:102B7000696E673A2025640062745F61647600467E
:102B800061696C656420746F2067656E657261743D
:102B90006520454343206B657920256400466169C3
:102BA0006C656420746F206578706F727420454383
:102BB00043207075626C6963206B65792025640021
:102BC0004661696C656420746F206578706F7274FB
:102BD000204543432070726976617465206B657986
:102BE000202564004661696C656420746F2064650B
:102BF0007374726F7920454343206B657920494493
:102C0000202564004661696C656420746F20696DDD
:102C1000706F727420746865207072697661746573
:102C2000206B657920666F72206B65792061677211
:102C300065656D656E7420256400526177206B6553
:102C4000792061677265656D656E74206661696C77
:102C50006564202564004661696C656420746F209A
:102C600064657374726F7920746865206B65792070
:102C70002564007073615F696D706F72745F6B655E
:102C80007928292072657475726E65642073746189
:102C900074757320256400427573792070657266BF
:102CA0006F726D696E6720616E6F74686572204522
:102CB000434448206F7065726174696F6E0062747E
:102CC0005F656363004661696C6564207265616479
:102CD0002072656D6F7465206665617475726573C9
:102CE0002028256429005048592030782530327832
:102CF000206E6F7420737570706F72746564004617
:102D000061696C656420746F2073657420646174FC
:102D100061206C656E202825642900556E657870E9
:102D20006563746564206669727374204C32434134
:102D300050206672616D6500556E657870656374CC
:102D40006564204C3243415020636F6E74696E7528
:102D50006174696F6E004E6F7420656E6F75676881
:102D60002062756666657220737061636520666FA8
:102D700072204C32434150206461746100556E658D
:102D8000787065637465642041434C20666C6167AC
:102D9000732028307825303278290041434C206C4C
:102DA000656E206D69736D617463682028257520D8
:102DB0003E202575290028756E6B6E6F776E290091
:102DC0006E6F207472616E736974696F6E20257303
:102DD00000496E76616C69642028257529206F6C26
:102DE0006420737461746500636F6E6E20257020BB
:102DF0006661696C656420746F2065737461626CD0
:102E00006973682E205246206E6F6973653F006EAD
:102E10006F2076616C6964202825752920737461A0
:102E20007465207761732073657400696E636F6DDC
:102E300070617469626C652068616E646C652025E0
:102E4000750054696D656F75742064697363617290
:102E50006465642E204E6F20626C6F636B696E67D1
:102E600020696E2073797377712E00466174616CEE
:102E7000206572726F7220282564292E20446973A0
:102E8000636F6E6E656374696E6720257000466FB0
:102E9000756E642076616C696420636F6E6E656325
:102EA00074696F6E20282570292077697468206105
:102EB00064647265737320257320696E2025732006
:102EC0007374617465200053656E64204C452070F6
:102ED0006172616D20757064617465206661696CF2
:102EE00065642028657272202564290053656E642C
:102EF000206175746F204C4520706172616D207582
:102F00007064617465206661696C6564202865720F
:102F1000722025642900646973636F6E6E65637443
:102F2000656400646973636F6E6E6563742D636FAF
:102F30006D706C657465007363616E2D6265666F9C
:102F400072652D696E6974696174696E6700696E76
:102F50006974696174696E672D66696C7465722D38
:102F60006C697374006164762D636F6E6E65637453
:102F700061626C65006164762D6469722D636F6EA9
:102F80006E65637461626C6500646973636F6E6E15
:102F9000656374696E670062745F636F6E6E00557F
:102FA0006E61626C6520746F20616C6C6F6361741C
:102FB000652062756666657220666F72206F70208C
:102FC000307825303278004E6F20617661696C610F
:102FD000626C65204C3243415020636F6E7465789B
:102FE0007420666F7220636F6E6E202570004578C6
:102FF00070656374696E672031207265662C206786
:103000006F7420256400616C726561647920686169
:1030100076652076696577206F6E202570004C32CA
:10302000434150206C656E677468206D69736D61F3
:103030007463682028257520213D202575290049C5
:103040006E76616C6964206964656E742076616C6B
:10305000756520696E204C32434150205044550024
:10306000496E76616C6964204C4520636F6E6E20FA
:10307000706172616D207273702073697A652028A7
:10308000257520213D20257A75290052656A6563E2
:1030900074696E6720756E6B6E6F776E204C32436D
:1030A00041502050445520636F64652030782530AE
:1030B000327800546F6F20736D616C6C204C32431A
:1030C0004150207369676E616C696E67205044558A
:1030D00000546F6F20736D616C6C204C3243415013
:1030E00020504455207265636569766564004967C0
:1030F0006E6F72696E67206461746120666F722002
:10310000756E6B6E6F776E206368616E6E656C2096
:1031100049442030782530347800636F6E666967E3
:103120000062745F6C3263617000415454206368C4
:10313000616E6E656C206E6F7420636F6E6E65637A
:10314000746564004572726F72207369676E696E90
:103150006720646174610052616E206F7574206F26
:10316000662054582062756666657273206F7220FF
:10317000636F6E74657874732E004661696C656464
:1031800020746F207375626D6974206174745F744C
:10319000785F64657374726F795F776F726B3A20D2
:1031A000256400556E61626C6520746F20637265E2
:1031B00061746520657272207273702050445500EE
:1031C000415454204D5455206578636565646564A9
:1031D0002C206D61782025752C2077616E746564D4
:1031E00020257A7500556E61626C6520746F2063CE
:1031F0007265617465207273702050445500546F7D
:103200006F20736D616C6C204154542050445520E4
:10321000726563656976656400556E68616E646C9D
:1032200065642041545420636F64652030782530F4
:10323000327800496E76616C6964206C656E202579
:103240007520666F7220636F646520307825303298
:103250007800556E61626C6520746F2063726561E1
:10326000746520555549443A2073697A652025755F
:1032700000556E61626C6520746F206372656174C5
:103280006520555549443A2073697A6520256400C4
:103290004E6F20617661696C61626C6520415454A7
:1032A00020636F6E7465787420666F7220636F6E32
:1032B0006E202570004E6F20617661696C61626CD2
:1032C0006520415454206368616E6E656C20666FA2
:1032D0007220636F6E6E202570004E6F7420636FD6
:1032E0006E6E656374656400556E61626C65207412
:1032F0006F2066696E6420415454206368616E6E6D
:10330000656C00476F74206572722025642C206EF6
:103310006F742063616C6C696E6720415454206344
:1033200062004661696C656420746F2072652D735C
:1033300075626D69742025733A202564004E6F20F4
:10334000415454206368616E6E656C20666F722014
:103350004D545520257A75004E6F2070656E646956
:103360006E67204154542072657175657374004412
:103370006973636F6E6E656374696E6720666169F9
:103380006C656420286572722025642900415454BC
:103390002054696D656F757420666F722064657660
:1033A0006963652025732E20446973636F6E6E65B3
:1033B0006374696E672E2E2E00556E61626C6520F7
:1033C000746F206372656174652072657472792010
:1033D00050445520282575290062745F617474007B
:1033E000434D414320757064617465206661696C6A
:1033F0006564202564004661696C656420746F20F3
:103400006465636F64652076616C756520286572FC
:103410007220257A6429004661696C656420746FA6
:103420002073617665204461746162617365204830
:1034300061736820286572722025642900666169BD
:103440006C656420746F2073746F72652053432021
:10345000286572722025642900756E61626C652092
:10346000746F20736176652053433A206E6F20633A
:103470006667206C65667400546F6F206D616E79AD
:1034800020436C69656E7420436861726163746582
:1034900072697374696320436F6E666967757261E0
:1034A00074696F6E2E2053656520434F4E46494721
:1034B0005F42545F53455454494E47535F4343431F
:1034C0005F53544F52455F4D41580A00496E766133
:1034D0006C6964206B6579006661696C6564207451
:1034E0006F2064656C657465205343202865727293
:1034F00020256429004661696C656420746F20731F
:10350000746F726520436C69656E742046656174E2
:103510007572657320286572722025642900556EC6
:1035200061626C6520746F206465636F64652061FF
:1035300064647265737320257300496E76616C69EB
:1035400064206C6F63616C206964656E7469747962
:1035500020256C7500556E61626C6520746F207259
:103560006573746F72652053433A206E6F206366F3
:1035700067206C656674004E6F2073706163652010
:10358000746F2073746F72652043434320636667D2
:10359000004E6F20737061636520746F2073746FC9
:1035A000726520436C69656E7420537570706F721C
:1035B00074656420466561747572657300556E614B
:1035C000626C6520746F20726573746F726520433E
:1035D000463A206E6F20636667206C656674004310
:1035E00068616E67652D61776172652073746174BF
:1035F0007573206E6F7420666F756E6420696E201F
:1036000073657474696E67732C2064656661756C8C
:1036100074696E6720706565722073746174757368
:1036200020746F206368616E67652D756E617761C8
:1036300072650052656164206261636B206261643F
:10364000206368616E67652D6177617265207661C0
:103650006C75653A20307825782C20646566617534
:103660006C74696E6720706565722073746174751F
:103670007320746F206368616E67652D756E617766
:1036800061726500556E61626C6520746F20696DB2
:10369000706F727420746865206B657920666F7234
:1036A0002041455320434D414320256400434D4173
:1036B00043206F7065726174696F6E20696E697402
:1036C000206661696C656420256400434D41432098
:1036D00066696E697368206661696C65642025643B
:1036E00000556E61626C6520746F20726567697346
:1036F0007465722068616E646C65203078253034A2
:10370000780062742F636363004661696C656420AE
:10371000746F2073746F7265204343437320286570
:103720007272202564290052656164206D65746899
:103730006F64206E6F7420736574004661696C65F8
:103740006420746F207265616420617474726962B0
:10375000757465202570202865727220257A642989
:1037600000496E76616C69642072656164206C65E5
:103770006E6774683A20257A6400434343202570BD
:10378000206E6F74207772697461626C65005343B8
:1037900020726573746F726520696E646963617409
:1037A000696F6E206661696C6564004661696C656D
:1037B0006420746F20736574207365637572697417
:1037C0007920666F7220626F6E6465642070656533
:1037D0007220282564290062742F68617368006272
:1037E000742F63660062742F73630062745F676195
:1037F000747400556E61626C6520746F2066696E2A
:103800006420534D50206368616E6E656C00507586
:10381000626C6963206B6579206E6F7420617661DC
:10382000696C61626C65004661696C656420746FE7
:103830002067656E65726174652044484B65790048
:1038400043616C63756C61746520636F6E66697249
:103850006D206661696C656400556E6B6E6F776E86
:103860002070616972696E67206D6574686F64208D
:10387000282575290043616C63756C617465204C63
:10388000544B206661696C65640043616C63756CC0
:10389000617465206C6F63616C2044484B657920CE
:1038A000636865636B206661696C65640043616C85
:1038B00063756C6174652072656D6F746520444832
:1038C0004B657920636865636B206661696C65642C
:1038D0000052656D6F7465207075626C6963206B52
:1038E00065792072656A65637465640052656D6F01
:1038F0007465206973207573696E6720446562750D
:1039000067205075626C6963206B6579005265634E
:10391000656976656420696E76616C69642070758E
:10392000626C6963206B6579004E6F206176616916
:103930006C61626C6520534D5020636F6E746578C6
:103940007420666F7220636F6E6E20257000556E56
:1039500061626C6520746F20676574206B65797394
:1039600020666F722025730054686520696E2D7083
:10397000726F67726573732070616972696E672018
:10398000686173206265656E2064656C657465644A
:103990002100534D5020646F6573206E6F74206159
:1039A0006C6C6F7720612070616972696E67206648
:1039B00061696C7572652061742074686973207028
:1039C0006F696E742E204B6E6F776E2069737375FE
:1039D000652E20446973636F6E6E656374696E67EC
:1039E00020696E73746561642E00546F6F20736D6F
:1039F000616C6C20534D50205044552072656365B6
:103A00006976656400534D5020636F6D6D616E641F
:103A10002028636F64652030782530327829207241
:103A20006563656976656420616674657220746992
:103A30006D656F75740052656365697665642072A3
:103A40006573657276656420534D5020636F6465BD
:103A50002030782530327800556E68616E646C6570
:103A60006420534D5020636F6465203078253032D8
:103A70007800556E657870656374656420534D50A9
:103A800020636F64652030782530327800496E7687
:103A9000616C6964206964656E746974792025734A
:103AA000005265667573696E67206E657720706178
:103AB0006972696E672E20546865206F6C6420629D
:103AC0006F6E64206D75737420626520756E706111
:103AD000697265642066697273742E007061697220
:103AE000696E67206661696C65642028706565721F
:103AF00020726561736F6E203078257829004E6FD3
:103B0000206B65797320737061636520666F722026
:103B1000257300534D502054696D656F75742028CE
:103B2000666C6167733A30782530387820616C6C48
:103B30006F7765645F636D64733A307825303878E9
:103B4000290062745F736D70004661696C65642062
:103B5000746F20726561642076616C7565202865DC
:103B6000727220257A642900556E61626C6520743A
:103B70006F2066696E642064656C65746564206B93
:103B800065797320666F72202573004661696C65E4
:103B90006420746F20616C6C6F63617465206B6569
:103BA000797320666F72202573004B6579732066E8
:103BB0006F722025732068617665206E6F206167C3
:103BC000696E6720636F756E74657200496E766109
:103BD0006C6964206B6579206C656E67746820255C
:103BE0007A6420213D20257A750053746F726564D4
:103BF000206B65797320666F7220257320646F20B7
:103C00006E6F74206D617463682063757272656E87
:103C10007420636F6E66696720666C616773206FDE
:103C2000722076657273696F6E00546865206B65EB
:103C3000797320666F722025732061726520646F2E
:103C4000776E67726164656420746F20756E61754C
:103C50007468656E7469636174656420617320744F
:103C6000686579206E6F206C6F6E676572206D6578
:103C700065742061757468656E7469636174696FD9
:103C80006E20726571756972656D656E747300463C
:103C900061696C656420746F2073617665206B6563
:103CA00079732028657272202564290062742F6B55
:103CB0006579730062745F6B6579730062745F632A
:103CC000727970746F004661696C656420746F204E
:103CD000696D706F727420414553206B65792025A2
:103CE00064004661696C656420746F20636F6D7059
:103CF000757465204D4143202564006D6375626FC6
:103D00006F745F64667500726573756D65005370DE
:103D10007572696F7573202573206576656E740002
:103D200065702030782530327820616C726561646E
:103D30007920656E61626C656400456E64706F69C0
:103D40006E74203078253032782076616C69646139
:103D500074696F6E206661696C65640065702030FF
:103D6000782530327820616C7265616479206469ED
:103D70007361626C6564006570203078253032783C
:103D8000206973206E6F742068616C7465647C6454
:103D9000697361626C6564004661696C6564207476
:103DA0006F20616C6C6F63617465206E65745F6217
:103DB000756620257A642C20657020307825303295
:103DC00078007564630073687574646F776E00497A
:103DD0006E697469616C697A656400556E6B6E6FAB
:103DE000776E20706F776572206576656E7420251A
:103DF0006400507265696E6974007564635F6E7209
:103E00006678004661696C656420746F207265672E
:103E1000697374657220656E64706F696E740053A7
:103E2000555350454E442073746174652064657425
:103E3000656374656400524553554D494E4720668D
:103E4000726F6D2073757370656E640052656D6F6F
:103E500074652077616B65757020696E697469613E
:103E60007465640065702030782530327820717573
:103E700065756520697320656D70747900657020C3
:103E8000307825303278206F6B2C20717565756520
:103E900020697320656D707479004661696C656492
:103EA00020746F2064697361626C6520636F6E7447
:103EB000726F6C20656E64706F696E740046616924
:103EC0006C656420746F2073746F70204846584F7F
:103ED00020256400526573657400627566666572BC
:103EE00020746F6F20736D616C6C3A20723A2025DC
:103EF000752C206C3A202575004661696C6564203C
:103F0000746F20656E61626C6520636F6E74726F92
:103F10006C20656E64706F696E74004661696C65D3
:103F20006420746F207374617274204846584F2067
:103F3000256400757362644034303032373030307D
:103F4000007564635F6E7266006E72665F757362A1
:103F5000645F636F6D6D6F6E00636C6F636B403495
:103F600030303030303030006866636C6B006C6627
:103F7000636C6B00636C6F636B5F636F6E74726F07
:103F80006C0072616E646F6D40343030306430307C
:103F90003000696E76616C69642061646472657377
:103FA000733A2030782530386C783A257A75007568
:103FB0006E616C69676E65642061646472657373B9
:103FC0003A2030782530386C783A257A7500666C5E
:103FD0006173682D636F6E74726F6C6C65724034C0
:103FE0003030316530303000666C6173685F6E72FE
:103FF00066006770696F40353030303033303000E4
:104000006770696F403530303030303030004750A5
:10401000494F20706F7274202573206E6F74207268
:1040200065616479006661696C656420746F206302
:104030006F6E666967757265204750494F20686FDB
:104040006720666F7220706F72742025732070690C
:104050006E202575202865727220256429006770FE
:10406000696F5F686F6773007561727440343030D8
:104070003032303030004661696C656420746F20E6
:10408000616C6C6F636174652050504920436861B6
:104090006E6E656C00756172744034303032383049
:1040A000303000756172745F6E7266785F75617230
:1040B00074650074657374007065726D0072657666
:1040C000657274006D6375626F6F745F7574696C8F
:1040D000005465726D696E616C0048616C74696E44
:1040E000672073797374656D00556E6B6E6F776EB4
:1040F000206572726F72003E3E3E205A455048590C
:104100005220464154414C204552524F5220256482
:104110003A202573206F6E204350552025640046B9
:1041200061756C7420647572696E6720696E746560
:1041300072727570742068616E646C696E670A00D3
:1041400043757272656E74207468726561643A209A
:104150002570202825732900435055206578636514
:104160007074696F6E00556E68616E646C65642072
:10417000696E7465727275707400537461636B203C
:104180006F766572666C6F77004B65726E656C203A
:104190006F6F7073004B65726E656C2070616E6935
:1041A00063006D61696E006F7300737973776F726E
:1041B0006B71002A2A2A20426F6F74696E67205A39
:1041C0006570687972204F53206275696C6420763F
:1041D000342E342E30202A2A2A0A004145532D320B
:1041E00035362D454342004145532D3139322D4559
:1041F0004342004145532D3132382D45434200287A
:104200006E756C6C29002A666C6F61742A004D4FC4
:1042100044554C45205354414745440D0A004552EE
:10422000524F520D0A0052454144590D0A0046535F
:1042300020436F6E66696775726174696F6E0052B4
:10424000414B0052414B00206D657373616765738C
:104250002064726F70706564202D2D2D0D0A002D65
:104260002D2D200030313233343536373839414244
:10427000434445460000FFFFFFFFFFFF0000000032
:10428000000000FFFFFFFFFFFF0000000000003004
:1042900031323334353637383961626364656600EC
:1042A0000000000000001000800000805F9B34FBD5
:1042B00001040002000000020000000000000005F0
:1042C00000000000000000000000000000000005E9
:1042D0000009090909010209090909090909090966
:1042E0000909070909090909060909090909090943
:1042F00009090909090909090905E69D350E480159
:1043000003CCDBFDF4AC1191F4EFB9A5F9E9A78377
:104310002C5E2CBE97F2D203B0208BD28915D08EA2
:104320001C742430ED8FC24563765C15525ABF9AD7
:1043300032636DEB2A65499C80DC6174745F74782C
:104340005F64657374726F795F776F726B5F6861BA
:104350006E646C6572000005061F1F2918120308A1
:10436000020305080A000801030401050405090603
:104370000701010606080000010001000301000317
:104380000202010002000000000002030100036CB1
:10439000888391AAF5A53860370BDB5A6083BE008D
:1043A000070E091C1B1215383F363124232A2D0015
:1043B0000102030405060700203030303030303071
:1043C0003030303030303000010000000000005448
:1043D0005452205245474745530010141400001C06
:1043E0002030401C2000001C20304052096AD5308B
:1043F00036A538BF40A39E81F3D7FB7CE339829B6F
:104400002FFF87348E4344C4DEE9CB547B9432A61D
:10441000C2233DEE4C950B42FAC34E082EA16628EE
:10442000D924B2765BA2496D8BD12572F8F66486E9
:10443000689816D4A45CCC5D65B6926C704850FD4B
:10444000EDB9DA5E154657A78D9D8490D8AB008CE8
:10445000BCD30AF7E45805B8B34506D02C1E8FCA62
:104460003F0F02C1AFBD0301138A6B3A9111414F57
:1044700067DCEA97F2CFCEF0B4E67396AC7422E72D
:10448000AD3585E2F937E81C75DF6E47F11A711D0D
:1044900029C5896FB7620EAA18BE1BFC563E4BC6D3
:1044A000D279209ADBC0FE78CD5AF41FDDA833887C
:1044B00007C731B11210592780EC5F60517FA919ED
:1044C000B54A0D2DE57A9F93C99CEFA0E03B4DAE18
:1044D0002AF5B0C8EBBB3C83539961172B047EBA15
:1044E00077D626E169146355210C7D637C777BF2D6
:1044F0006B6FC53001672BFED7AB76CA82C97DFAD8
:104500005947F0ADD4A2AF9CA472C0B7FD93263634
:104510003FF7CC34A5E5F171D8311504C723C31892
:1045200096059A071280E2EB27B27509832C1A1BB5
:104530006E5AA0523BD6B329E32F8453D100ED200D
:10454000FCB15B6ACBBE394A4C58CFD0EFAAFB43D3
:104550004D338545F9027F503C9FA851A3408F926F
:104560009D38F5BCB6DA2110FFF3D2CD0C13EC5F09
:10457000974417C4A77E3D645D197360814FDC22A8
:104580002A908846EEB814DE5E0BDBE0323A0A4928
:1045900006245CC2D3AC629195E479E7C8376D8D8F
:1045A000D54EA96C56F4EA657AAE08BA78252E1C69
:1045B000A6B4C6E8DD741F4BBD8B8A703EB5664855
:1045C00003F60E613557B986C11D9EE1F898116951
:1045D000D98E949B1E87E9CE5528DF8CA1890DBF0B
:1045E000E6426841992D0FB054BB1600FFFFFFFF54
:1045F000FFFFFFFF00000000E1930100000000004A
:1046000000010000000000000000000000000000A9
:10461000000000000000000000000000000000009A
:10462000000000005CE8030000C201000000080078
:10463000000000000000000000000000000000007A
:10464000000000000000000000000000000000006A
:104650000000000000000000AC4800200000000046
:10466000984800200000000000000000000000004A
:10467000000000000000000000000000000000003A
:10468000000000000000000000000000000000002A
:10469000000000000000000000000000000000001A
:1046A000000000000000000000000000000000000A
:1046B0007C0500207C0500200000000001000000B7
:1046C00000000000000000000000000000000000EA
:1046D00000000000000000000000000000000000DA
:1046E00000000000000000000000000000000000CA
:1046F00000000000000000000000000000000000BA
:1047000000000000000000000000000000000000A9
:104710000000000000000000000000000000000099
:104720000000000000000000000000000000000089
:104730000000000000000000000000000000000079
:104740000000000000000000000000000000000069
:104750000000000000000000000000000000000059
:104760000000000000000000000000000000000049
:104770000000000000000000000000000000000039
:10478000000000000000000000000000C1AE0100B9
:104790000000000000000000000000000000000019
:1047A0000000000000000000000000000000000009
:1047B00000000000000000000000000000000000F9
:1047C00000000000000000000000000000000000E9
:1047D00000000000000000000000000000000000D9
:1047E00000000000000000000000000000000000C9
:1047F00000000000000000000000000000000000B9
:1048000000000000000000000000000000000000A8
:10481000CCE803001F00000000000000FFFFFFFFC6
:10482000FF1F000000000000112601000000000032
:10483000000000000100000000000000AC4C00205F
:104840001807002000000000000000000000000029
:104850000000000000040100000000002E420400DF
:10486000220300000000000000000000000303001D
:104870000000000000000000000300000000000035
:104880000000000000020100000000003F420400A0
:10489000080300000000000000000000000101000B
:1048A0000000000043420400080300000000000074
:1048B0000000000000000000000000009C04040054
:1048C000040300005CE8030000000000000000009A
:1048D00001000000000000000000000000000000D7
:1048E00000000000000000000000000000000000C8
:1048F00000000000000000000000000000000000B8
:1049000000000000000000000000000000000000A7
:104910000000000000000000000000000000000097
:104920000000000000000000000000000000000087
:104930000000000000000000000000000000000077
:104940000000000000000000000000000000000067
:104950000000000000000000000000000000000057
:104960000000000000000000000000000000000047
:104970000000000000000000000000000000000037
:104980000000000000000000000000000000000027
:104990000000000000000000000000000000000017
:1049A0000000000000000000000000000000000007
:1049B00000000000000000000000000000000000F7
:1049C00000000000000000000000000000000000E7
:1049D00000000000000000000000000000000000D7
:1049E00000000000000000000000000000000000C7
:1049F00000000000000000000000000000000000B7
:104A000000000000000000000000000000000000A6
:104A10000000000000000000000000000000000096
:104A20000000000000000000000000000000000086
:104A30000000000000000000000000000000000076
:104A40000000000000000000000000000000000066
:104A50000000000000000000000000000000000056
:104A60000000000000000000000000000000000046
:104A70000000000000000000000000000000000036
:104A80000000000000000000000000000000000026
:104A90000000000000000000000000000000000016
:104AA0000000000000000000000000000000000006
:104AB00000000000000000000000000000000000F6
:104AC00000000000000000000000000000000000E6
:104AD00000000000000000000000000000000000D6
:104AE00000000000000000000000000000000000C6
:104AF00000000000000000000000000000000000B6
:104B000000000000000000000000000000000000A5
:104B10000000000000000000000000000000000095
:104B20000000000000000000000000000000000085
:104B30000000000000000000000000000000000075
:104B40000000000000000000000000000000000065
:104B50000000000000000000000000000000000055
:104B60000000000000000000000000000000000045
:104B70000000000000000000000000000000000035
:104B80000000000000000000000000000000000025
:104B90000000000000000000000000000000000015
:104BA0000000000000000000000000000000000005
:104BB00000000000000000000000000000000000F5
:104BC00000000000000000000000000000000000E5
:104BD00000000000000000000000000000000000D5
:104BE00000000000000000000000000000000000C5
:104BF00000000000000000000000000000000000B5
:104C000000000000000000000000000000000000A4
:104C10000000000000000000000000000000000094
:104C20000000000000000000000000000000000084
:104C30000000000000000000000000000000000074
:104C40000000000000000000000000000000000064
:104C50000000000000000000000000000000000054
:104C60000000000000000000000000000000000044
:104C70000000000000000000000000000000000034
:104C80000000000000000000000000000000000024
:104C90000000000000000000000000000000000014
:104CA0000000000000000000000000000000000004
:104CB00000000000000000000000000000000000F4
:104CC00000000000000000000000000000000000E4
:104CD00000000000000000000000000000000000D4
:104CE00000000000000000000000000000000000C4
:104CF00000000000000000000000000000000000B4
:104D000000000000000000000000000000000000A3
:104D10000000000000000000000000000000000093
:104D20000000000000000000000000000000000083
:104D30000000000000000000000000000000000073
:104D40000000000000000000000000000000000063
:104D50000000000000000000000000000000000053
:104D60000000000000000000000000000000000043
:104D70000000000000000000000000000000000033
:104D80000000000000000000000000000000000023
:104D90000000000000000000000000000000000013
:104DA0000000000000000000000000000000000003
:104DB00000000000000000000000000000000000F3
:104DC00000000000000000000000000000000000E3
:104DD00000000000000000000000000000000000D3
:104DE00000000000000000000000000000000000C3
:104DF00000000000000000000000000000000000B3
:104E000000000000000000000000000000000000A2
:104E10000000000000000000000000000000000092
:104E20000000000000000000000000000000000082
:104E30000000000000000000000000000000000072
:104E40000000000000000000000000000000000062
:104E50000000000000000000000000000000000052
:104E60000000000000000000000000000000000042
:104E70000000000000000000000000000000000032
:104E80000000000000000000000000000000000022
:104E90000000000000000000000000000000000012
:104EA0000000000000000000000000000000000002
:104EB00000000000000000000000000000000000F2
:104EC00000000000000000000000000000000000E2
:104ED00000000000000000000000000000000000D2
:104EE00000000000000000000000000000000000C2
:104EF00000000000000000000000000000000000B2
:104F000000000000000000000000000000000000A1
:104F10000000000000000000000000000000000091
:104F20000000000000000000000000000000000081
:104F30000000000000000000000000000000000071
:104F40000000000000000000000000000000000061
:104F50000000000000000000000000000000000051
:104F60000000000000000000000000000000000041
:104F70000000000000000000000000000000000031
:104F80000000000000000000000000000000000021
:104F90000000000000000000000000000000000011
:104FA0000000000000000000000000000000000001
:104FB00000000000000000000000000000000000F1
:104FC00000000000000000000000000000000000E1
:104FD00000000000000000000000000000000000D1
:104FE00000000000000000000000000000000000C1
:104FF00000000000000000000000000000000000B1
:1050000000000000000000000000000000000000A0
:105010000000000000000000000000000000000090
:105020000000000000000000000000000000000080
:105030000000000000000000000000000000000070
:105040000000000000000000000000000000000060
:105050000000000000000000000000000000000050
:105060000000000000000000000000000000000040
:105070000000000000000000000000000000000030
:105080000000000000000000000000000000000020
:105090000000000000000000000000000000000010
:1050A0000000000000000000000000000000000000
:1050B00000000000000000000000000000000000F0
:1050C00000000000000000000000000000000000E0
:1050D00000000000000000000000000000000000D0
:1050E00000000000000000000000000000000000C0
:1050F00000000000000000000000000000000000B0
:10510000000000000000000000000000000000009F
:10511000000000000000000000000000000000008F
:10512000000000000000000000000000000000007F
:10513000000000000000000000000000000000006F
:10514000000000000000000000000000000000005F
:10515000000000000000000000000000000000004F
:10516000000000000000000000000000000000003F
:10517000000000000000000000000000000000002F
:10518000000000000000000000000000000000001F
:10519000000000000000000000000000000000000F
:1051A00000000000000000000000000000000000FF
:1051B00000000000000000000000000000000000EF
:1051C00000000000000000000000000000000000DF
:1051D00000000000000000000000000000000000CF
:1051E00000000000000000000000000000000000BF
:1051F00000000000000000000000000000000000AF
:10520000000000000000000000000000000000009E
:10521000000000000000000000000000000000008E
:10522000000000000000000000000000000000007E
:10523000000000000000000000000000000000006E
:10524000000000000000000000000000000000005E
:10525000000000000000000000000000000000004E
:10526000000000000000000000000000000000003E
:10527000000000000000000000000000000000002E
:10528000000000000000000000000000000000001E
:10529000000000000000000000000000000000000E
:1052A00000000000000000000000000000000000FE
:1052B00000000000000000000000000000000000EE
:1052C00000000000000000000000000000000000DE
:1052D00000000000000000000000000000000000CE
:1052E00000000000000000000000000000000000BE
:1052F00000000000000000000000000000000000AE
:10530000000000000000000000000000000000009D
:10531000000000000000000000000000000000008D
:10532000000000000000000000000000000000007D
:10533000000000000000000000000000000000006D
:10534000000000000000000000000000000000005D
:10535000000000000000000000000000000000004D
:10536000000000000000000000000000000000003D
:10537000000000000000000000000000000000002D
:10538000000000000000000000000000000000001D
:10539000000000000000000000000000000000000D
:1053A00000000000000000000000000000000000FD
:1053B00000000000000000000000000000000000ED
:1053C00000000000000000000000000000000000DD
:1053D00000000000000000000000000000000000CD
:1053E00000000000000000000000000000000000BD
:1053F00000000000000000000000000000000000AD
:10540000000000000000000000000000000000009C
:10541000000000000000000000000000000000008C
:10542000000000000000000000000000000000007C
:10543000000000000000000000000000000000006C
:10544000000000000000000000000000000000005C
:10545000000000000000000000000000000000004C
:10546000000000000000000000000000000000003C
:10547000000000000000000000000000000000002C
:10548000000000000000000000000000000000001C
:10549000000000000000000000000000000000000C
:1054A00000000000000000000000000000000000FC
:1054B00000000000000000000000000000000000EC
:1054C00000000000000000000000000000000000DC
:1054D00000000000000000000000000000000000CC
:1054E00000000000000000000000000000000000BC
:1054F00000000000000000000000000000000000AC
:10550000000000000000000000000000000000009B
:10551000000000000000000000000000000000008B
:10552000000000000000000000000000000000007B
:10553000000000000000000000000000000000006B
:10554000000000000000000000000000000000005B
:10555000000000000000000000000000000000004B
:10556000000000000000000000000000000000003B
:10557000000000000000000000000000000000002B
:10558000000000000000000000000000000000001B
:10559000000000000000000000000000000000000B
:1055A00000000000000000000000000000000000FB
:1055B00000000000000000000000000000000000EB
:1055C00000000000000000000000000000000000DB
:1055D00000000000000000000000000000000000CB
:1055E00000000000000000000000000000000000BB
:1055F00000000000000000000000000000000000AB
:10560000000000000000000000000000000000009A
:10561000000000000000000000000000000000008A
:10562000000000000000000000000000000000007A
:10563000000000000000000000000000000000006A
:10564000000000000000000000000000000000005A
:10565000000000000000000000000000000000004A
:10566000000000000000000000000000000000003A
:10567000000000000000000000000000000000002A
:10568000000000000000000000000000000000001A
:10569000000000000000000000000000000000000A
:1056A00000000000000000000000000000000000FA
:1056B00000000000000000000000000000000000EA
:1056C00000000000000000000000000000000000DA
:1056D00000000000000000000000000000000000CA
:1056E00000000000000000000000000000000000BA
:1056F00000000000000000000000000000000000AA
:105700000000000000000000000000000000000099
:105710000000000000000000000000000000000089
:105720000000000000000000000000000000000079
:105730000000000000000000000000000000000069
:105740000000000000000000000000000000000059
:105750000000000000000000000000000000000049
:105760000000000000000000000000000000000039
:105770000000000000000000000000000000000029
:105780000000000000000000000000000000000019
:105790000000000000000000000000000000000009
:1057A00000000000000000000000000000000000F9
:1057B00000000000000000000000000000000000E9
:1057C00000000000000000000000000000000000D9
:1057D00000000000000000000000000000000000C9
:1057E00000000000000000000000000000000000B9
:1057F00000000000000000000000000000000000A9
:105800000000000000000000000000000000000098
:105810000000000000000000000000000000000088
:105820000000000000000000000000000000000078
:105830000000000000000000000000000000000068
:105840000000000000000000000000000000000058
:105850000000000000000000000000000000000048
:105860000000000000000000000000000000000038
:105870000000000000000000000000000000000028
:105880000000000000000000000000000000000018
:105890000000000000000000000000000000000008
:1058A00000000000000000000000000000000000F8
:1058B00000000000000000000000000000000000E8
:1058C00000000000000000000000000000000000D8
:1058D00000000000000000000000000000000000C8
:1058E00000000000000000000000000000000000B8
:1058F00000000000000000000000000000000000A8
:105900000000000000000000000000000000000097
:105910000000000000000000000000000000000087
:105920000000000000000000000000000000000077
:105930000000000000000000000000000000000067
:105940000000000000000000000000000000000057
:105950000000000000000000000000000000000047
:105960000000000000000000000000000000000037
:105970000000000000000000000000000000000027
:105980000000000000000000000000000000000017
:105990000000000000000000000000000000000007
:1059A00000000000000000000000000000000000F7
:1059B00000000000000000000000000000000000E7
:1059C00000000000000000000000000000000000D7
:1059D00000000000000000000000000000000000C7
:1059E00000000000000000000000000000000000B7
:1059F00000000000000000000000000000000000A7
:105A00000000000000000000000000000000000096
:105A10000000000000000000000000000000000086
:105A20000000000000000000000000000000000076
:105A30000000000000000000000000000000000066
:105A40000000000000000000000000000000000056
:105A50000000000000000000000000000000000046
:105A60000000000000000000000000000000000036
:105A70000000000000000000000000000000000026
:105A80000000000000000000000000000000000016
:105A90000000000000000000000000000000000006
:105AA00000000000000000000000000000000000F6
:105AB00000000000000000000000000000000000E6
:105AC00000000000000000000000000000000000D6
:105AD00000000000000000000000000000000000C6
:105AE00000000000000000000000000000000000B6
:105AF00000000000000000000000000000000000A6
:105B00000000000000000000000000000000000095
:105B10000000000000000000000000000000000085
:105B20000000000000000000000000000000000075
:105B30000000000000000000000000000000000065
:105B40000000000000000000000000000000000055
:105B50000000000000000000000000000000000045
:105B60000000000000000000000000000000000035
:105B70000000000000000000000000000000000025
:105B80000000000000000000000000000000000015
:105B90000000000000000000000000000000000005
:105BA00000000000000000000000000000000000F5
:105BB00000000000000000000000000000000000E5
:105BC00000000000000000000000000000000000D5
:105BD00000000000000000000000000000000000C5
:105BE00000000000000000000000000000000000B5
:105BF00000000000000000000000000000000000A5
:105C00000000000000000000000000000000000094
:105C10000000000000000000000000000000000084
:105C20000000000000000000000000000000000074
:105C30000000000000000000000000000000000064
:105C40000000000000000000000000000000000054
:105C50000000000000000000000000000000000044
:105C60000000000000000000000000000000000034
:105C70000000000000000000000000000000000024
:105C80000000000000000000000000000000000014
:105C90000000000000000000000000000000000004
:105CA00000000000000000000000000000000000F4
:105CB00000000000000000000000000000000000E4
:105CC00000000000000000000000000000000000D4
:105CD00000000000000000000000000000000000C4
:105CE00000000000000000000000000000000000B4
:105CF00000000000000000000000000000000000A4
:105D00000000000000000000000000000000000093
:105D10000000000000000000000000000000000083
:105D20000000000000000000000000000000000073
:105D30000000000000000000000000000000000063
:105D40000000000000000000000000000000000053
:105D50000000000000000000000000000000000043
:105D60000000000000000000000000000000000033
:105D70000000000000000000000000000000000023
:105D80000000000000000000000000000000000013
:105D90000000000000000000000000000000000003
:105DA00000000000000000000000000000000000F3
:105DB00000000000000000000000000000000000E3
:105DC00000000000000000000000000000000000D3
:105DD00000000000000000000000000000000000C3
:105DE00000000000000000000000000000000000B3
:105DF00000000000000000000000000000000000A3
:105E00000000000000000000000000000000000092
:105E10000000000000000000000000000000000082
:105E20000000000000000000000000000000000072
:105E30000000000000000000000000000000000062
:105E40000000000000000000000000000000000052
:105E50000000000000000000000000000000000042
:105E60000000000000000000000000000000000032
:105E70000000000000000000000000000000000022
:105E80000000000000000000000000000000000012
:105E90000000000000000000000000000000000002
:105EA00000000000000000000000000000000000F2
:105EB00000000000000000000000000000000000E2
:105EC00000000000000000000000000000000000D2
:105ED00000000000000000000000000000000000C2
:105EE00000000000000000000000000000000000B2
:105EF00000000000000000000000000000000000A2
:105F00000000000000000000000000000000000091
:105F10000000000000000000000000000000000081
:105F20000000000000000000000000000000000071
:105F30000000000000000000000000000000000061
:105F40000000000000000000000000000000000051
:105F50000000000000000000000000000000000041
:105F60000000000000000000000000000000000031
:105F70000000000000000000000000000000000021
:105F80000000000000000000000000000000000011
:105F90000000000000000000000000000000000001
:105FA00000000000000000000000000000000000F1
:105FB00000000000000000000000000000000000E1
:105FC00000000000000000000000000000000000D1
:105FD00000000000000000000000000000000000C1
:105FE00000000000000000000000000000000000B1
:105FF00000000000000000000000000000000000A1
:106000000000000000000000000000000000000090
:106010000000000000000000000000000000000080
:106020000000000000000000000000000000000070
:106030000000000000000000000000000000000060
:106040000000000000000000000000000000000050
:106050000000000000000000000000000000000040
:106060000000000000000000000000000000000030
:106070000000000000000000000000000000000020
:106080000000000000000000000000000000000010
:106090000000000000000000000000000000000000
:1060A00000000000000000000000000000000000F0
:1060B00000000000000000000000000000000000E0
:1060C00000000000000000000000000000000000D0
:1060D00000000000000000000000000000000000C0
:1060E00000000000000000000000000000000000B0
:1060F00000000000000000000000000000000000A0
:10610000000000000000000000000000000000008F
:10611000000000000000000000000000000000007F
:10612000000000000000000000000000000000006F
:10613000000000000000000000000000000000005F
:10614000000000000000000000000000000000004F
:10615000000000000000000000000000000000003F
:10616000000000000000000000000000000000002F
:10617000000000000000000000000000000000001F
:10618000000000000000000000000000000000000F
:1061900000000000000000000000000000000000FF
:1061A00000000000000000000000000000000000EF
:1061B00000000000000000000000000000000000DF
:1061C00000000000000000000000000000000000CF
:1061D00000000000000000000000000000000000BF
:1061E00000000000000000000000000000000000AF
:1061F000000000000000000000000000000000009F
:10620000000000000000000000000000000000008E
:10621000000000000000000000000000000000007E
:10622000000000000000000000000000000000006E
:10623000000000000000000000000000000000005E
:10624000000000000000000000000000000000004E
:10625000000000000000000000000000000000003E
:10626000000000000000000000000000000000002E
:10627000000000000000000000000000000000001E
:10628000000000000000000000000000000000000E
:1062900000000000000000000000000000000000FE
:1062A00000000000000000000000000000000000EE
:1062B00000000000000000000000000000000000DE
:1062C00000000000000000000000000000000000CE
:1062D00000000000000000000000000000000000BE
:1062E00000000000000000000000000000000000AE
:1062F000000000000000000000000000000000009E
:10630000000000000000000000000000000000008D
:10631000000000000000000000000000000000007D
:10632000000000000000000000000000000000006D
:10633000000000000000000000000000000000005D
:10634000000000000000000000000000000000004D
:10635000000000000000000000000000000000003D
:10636000000000000000000000000000000000002D
:10637000000000000000000000000000000000001D
:10638000000000000000000000000000000000000D
:1063900000000000000000000000000000000000FD
:1063A00000000000000000000000000000000000ED
:1063B00000000000000000000000000000000000DD
:1063C00000000000000000000000000000000000CD
:1063D00000000000000000000000000000000000BD
:1063E00000000000000000000000000000000000AD
:1063F000000000000000000000000000000000009D
:10640000000000000000000000000000000000008C
:10641000000000000000000000000000000000007C
:10642000000000000000000000000000000000006C
:10643000000000000000000000000000000000005C
:10644000000000000000000000000000000000004C
:10645000000000000000000000000000000000003C
:10646000000000000000000000000000000000002C
:10647000000000000000000000000000000000001C
:10648000000000000000000000000000000000000C
:1064900000000000000000000000000000000000FC
:1064A00000000000000000000000000000000000EC
:1064B00000000000000000000000000000000000DC
:1064C00000000000000000000000000000000000CC
:1064D00000000000000000000000000000000000BC
:1064E00000000000000000000000000000000000AC
:1064F000000000000000000000000000000000009C
:10650000000000000000000000000000000000008B
:10651000000000000000000000000000000000007B
:10652000000000000000000000000000000000006B
:10653000000000000000000000000000000000005B
:10654000000000000000000000000000000000004B
:10655000000000000000000000000000000000003B
:10656000000000000000000000000000000000002B
:10657000000000000000000000000000000000001B
:10658000000000000000000000000000000000000B
:1065900000000000000000000000000000000000FB
:1065A00000000000000000000000000000000000EB
:1065B00000000000000000000000000000000000DB
:1065C00000000000000000000000000000000000CB
:1065D00000000000000000000000000000000000BB
:1065E00000000000000000000000000000000000AB
:1065F000000000000000000000000000000000009B
:10660000000000000000000000000000000000008A
:10661000000000000000000000000000000000007A
:10662000000000000000000000000000000000006A
:10663000000000000000000000000000000000005A
:10664000000000000000000000000000000000004A
:10665000000000000000000000000000000000003A
:10666000000000000000000000000000000000002A
:10667000000000000000000000000000000000001A
:10668000000000000000000000000000000000000A
:1066900000000000000000000000000000000000FA
:1066A00000000000000000000000000000000000EA
:1066B00000000000000000000000000000000000DA
:1066C00000000000000000000000000000000000CA
:1066D00000000000000000000000000000000000BA
:1066E00000000000000000000000000000000000AA
:1066F000000000000000000000000000000000009A
:106700000000000000000000000000000000000089
:106710000000000000000000000000000000000079
:106720000000000000000000000000000000000069
:106730000000000000000000000000000000000059
:106740000000000000000000000000000000000049
:106750000000000000000000000000000000000039
:106760000000000000000000000000000000000029
:106770000000000000000000000000000000000019
:106780000000000000000000000000000000000009
:1067900000000000000000000000000000000000F9
:1067A00000000000000000000000000000000000E9
:1067B00000000000000000000000000000000000D9
:1067C00000000000000000000000000000000000C9
:1067D00000000000000000000000000000000000B9
:1067E00000000000000000000000000000000000A9
:1067F0000000000000000000000000000000000099
:106800000000000000000000000000000000000088
:106810000000000000000000000000000000000078
:106820000000000000000000000000000000000068
:106830000000000000000000000000000000000058
:106840000000000000000000000000000000000048
:106850000000000000000000000000000000000038
:106860000000000000000000000000000000000028
:106870000000000000000000000000000000000018
:106880000000000000000000000000000000000008
:1068900000000000000000000000000000000000F8
:1068A00000000000000000000000000000000000E8
:1068B00000000000000000000000000000000000D8
:1068C00000000000000000000000000000000000C8
:1068D00000000000B0E8030000000000000000001D
:1068E00000000000000000000000000000000000A8
:1068F0000000000000000000000000000000000098
:106900000000000000000000000000000000000087
:106910000000000000000000000000000000000077
:106920000000000000000000000000000000000067
:106930000000000000000000000000000000000057
:106940000000000000000000000000000000000047
:106950000000000000000000000000000000000037
:106960000000000000000000000000000000000027
:106970000000000000000000000000000000000017
:106980000000000000000000000000000000000007
:1069900000000000000000000000000000000000F7
:1069A00000000000000000000000000000000000E7
:1069B00000000000000000000000000000000000D7
:1069C00000000000000000000000000000000000C7
:1069D00000000000000000000000000000000000B7
:1069E00000000000000000000000000000000000A7
:1069F0000000000000000000000000000000000097
:106A00000000000000000000000000000000000086
:106A10000000000000000000000000000000000076
:106A20000000000000000000000000000000000066
:106A30000000000000000000000000000000000056
:106A40000000000000000000000000000000000046
:106A50000000000000000000000000000000000036
:106A60000000000000000000000000000000000026
:106A70000000000000000000000000000000000016
:106A80000000000000000000000000000000000006
:106A900000000000000000000000000000000000F6
:106AA00000000000000000000000000000000000E6
:106AB00000000000000000000000000000000000D6
:106AC00000000000000000000000000000000000C6
:106AD00000000000000000000000000000000000B6
:106AE00000000000000000000000000000000000A6
:106AF0000000000000000000000000000000000096
:106B00000000000000000000000000000000000085
:106B10000000000000000000000000000000000075
:106B20000000000000000000000000000000000065
:106B30000000000000000000000000000000000055
:106B40000000000000000000000000000000000045
:106B50000000000000000000000000000000000035
:106B60000000000000000000000000000000000025
:106B70000000000000000000000000000000000015
:106B80000000000000000000000000000000000005
:106B900000000000000000000000000000000000F5
:106BA00000000000000000000000000000000000E5
:106BB00000000000000000000000000000000000D5
:106BC00000000000000000000000000000000000C5
:106BD00000000000000000000000000000000000B5
:106BE00000000000000000000000000000000000A5
:106BF0000000000000000000000000000000000095
:106C00000000000000000000000000000000000084
:106C10000000000000000000000000000000000074
:106C20000000000000000000000000000000000064
:106C30000000000000000000000000000000000054
:106C40000000000000000000000000000000000044
:106C50000000000000000000000000000000000034
:106C60000000000000000000000000000000000024
:106C70000000000000000000000000000000000014
:106C80000000000000000000000000000000000004
:106C900000000000000000000000000000000000F4
:106CA00000000000000000000000000000000000E4
:106CB00000000000000000000000000000000000D4
:106CC00000000000000000000000000000000000C4
:106CD00000000000000000000000000000000000B4
:106CE00000000000000000000000000000000000A4
:106CF0000000000000000000000000000000000094
:106D00000000000000000000000000000000000083
:106D10000000000000000000000000000000000073
:106D20000000000000000000000000000000000063
:106D30000000000000000000000000000000000053
:106D40000000000000000000000000000000000043
:106D50000000000000000000000000000000000033
:106D60000000000000000000000000000000000023
:106D70000000000000000000000000000000000013
:106D80000000000000000000000000000000000003
:106D900000000000000000000000000000000000F3
:106DA00000000000000000000000000000000000E3
:106DB00000000000000000000000000000000000D3
:106DC00000000000000000000000000000000000C3
:106DD00000000000000000000000000000000000B3
:106DE00000000000000000000000000000000000A3
:106DF0000000000000000000000000000000000093
:106E00000000000000000000000000000000000082
:106E10000000000000000000000000000000000072
:106E20000000000000000000000000000000000062
:106E30000000000000000000000000000000000052
:106E40000000000000000000000000000000000042
:106E50000000000000000000000000000000000032
:106E60000000000000000000000000000000000022
:106E70000000000000000000000000000000000012
:106E80000000000000000000000000000000000002
:106E900000000000000000000000000000000000F2
:106EA00000000000000000000000000000000000E2
:106EB00000000000000000000000000000000000D2
:106EC00000000000000000000000000000000000C2
:106ED00000000000000000000000000000000000B2
:106EE00000000000000000000000000000000000A2
:106EF0000000000000000000000000000000000092
:106F00000000000000000000000000000000000081
:106F10000000000000000000000000000000000071
:106F20000000000000000000000000000000000061
:106F30000000000000000000000000000000000051
:106F40000000000000000000000000000000000041
:106F50000000000000000000000000000000000031
:106F60000000000000000000000000000000000021
:106F70000000000000000000000000000000000011
:106F80000000000000000000000000000000000001
:106F900000000000000000000000000000000000F1
:106FA00000000000000000000000000000000000E1
:106FB00000000000000000000000000000000000D1
:106FC00000000000000000000000000000000000C1
:106FD00000000000000000000000000000000000B1
:106FE00000000000000000000000000000000000A1
:106FF0000000000000000000000000000000000091
:107000000000000000000000000000000000000080
:107010000000000000000000000000000000000070
:107020000000000000000000000000000000000060
:107030000000000000000000000000000000000050
:107040000000000000000000000000000000000040
:107050000000000000000000000000000000000030
:107060000000000000000000000000000000000020
:107070000000000000000000000000000000000010
:107080000000000000000000000000000000000000
:1070900000000000000000000000000000000000F0
:1070A00000000000000000000000000000000000E0
:1070B00000000000000000000000000000000000D0
:1070C00000000000000000000000000000000000C0
:1070D00000000000000000000000000000000000B0
:1070E00000000000000000000000000000000000A0
:1070F0000000000000000000000000000000000090
:10710000000000000000000000000000000000007F
:10711000000000000000000000000000000000006F
:10712000000000000000000000000000000000005F
:10713000000000000000000000000000000000004F
:10714000000000000000000000000000000000003F
:10715000000000000000000000000000000000002F
:10716000000000000000000000000000000000001F
:10717000000000000000000000000000000000000F
:1071800000000000000000000000000000000000FF
:1071900000000000000000000000000000000000EF
:1071A00000000000000000000000000000000000DF
:1071B00000000000000000000000000000000000CF
:1071C00000000000000000000000000000000000BF
:1071D00000000000000000000000000000000000AF
:1071E000000000000000000000000000000000009F
:1071F000000000000000000000000000000000008F
:10720000000000000000000000000000000000007E
:10721000000000000000000000000000000000006E
:10722000000000000000000000000000000000005E
:10723000000000000000000000000000000000004E
:10724000000000000000000000000000000000003E
:10725000000000000000000000000000000000002E
:10726000000000000000000000000000000000001E
:10727000000000000000000000000000000000000E
:1072800000000000000000000000000000000000FE
:1072900000000000000000000000000000000000EE
:1072A00000000000000000000000000000000000DE
:1072B00000000000000000000000000000000000CE
:1072C00000000000000000000000000000000000BE
:1072D00000000000000000000000000000000000AE
:1072E000000000000000000000000000000000009E
:1072F000000000000000000000000000000000008E
:10730000000000000000000000000000000000007D
:10731000000000000000000000000000000000006D
:10732000000000000000000000000000000000005D
:10733000000000000000000000000000000000004D
:10734000000000000000000000000000000000003D
:10735000000000000000000000000000000000002D
:10736000000000000000000000000000000000001D
:10737000000000000000000000000000000000000D
:1073800000000000000000000000000000000000FD
:1073900000000000000000000000000000000000ED
:1073A00000000000000000000000000000000000DD
:1073B00000000000000000000000000000000000CD
:1073C00000000000000000000000000000000000BD
:1073D00000000000000000000000000000000000AD
:1073E000000000000000000000000000000000009D
:1073F000000000000000000000000000000000008D
:10740000000000000000000000000000000000007C
:10741000000000000000000000000000000000006C
:10742000000000000000000000000000000000005C
:10743000000000000000000000000000000000004C
:10744000000000000000000000000000000000003C
:10745000000000000000000000000000000000002C
:10746000000000000000000000000000000000001C
:10747000000000000000000000000000000000000C
:1074800000000000000000000000000000000000FC
:1074900000000000000000000000000000000000EC
:1074A00000000000000000000000000000000000DC
:1074B00000000000000000000000000000000000CC
:1074C00000000000000000000000000000000000BC
:1074D00000000000000000000000000000000000AC
:1074E000000000000000000000000000000000009C
:1074F000000000000000000000000000000000008C
:10750000000000000000000000000000000000007B
:10751000000000000000000000000000000000006B
:10752000000000000000000000000000000000005B
:10753000000000000000000000000000000000004B
:10754000000000000000000000000000000000003B
:10755000000000000000000000000000000000002B
:10756000000000000000000000000000000000001B
:10757000000000000000000000000000000000000B
:1075800000000000000000000000000000000000FB
:1075900000000000000000000000000000000000EB
:1075A00000000000000000000000000000000000DB
:1075B00000000000000000000000000000000000CB
:1075C00000000000000000000000000000000000BB
:1075D00000000000000000000000000000000000AB
:1075E000000000000000000000000000000000009B
:1075F000000000000000000000000000000000008B
:10760000000000000000000000000000000000007A
:10761000000000000000000000000000000000006A
:10762000000000000000000000000000000000005A
:10763000000000000000000000000000000000004A
:10764000000000000000000000000000000000003A
:10765000000000000000000000000000000000002A
:10766000000000000000000000000000000000001A
:10767000000000000000000000000000000000000A
:1076800000000000000000000000000000000000FA
:1076900000000000000000000000000000000000EA
:1076A00000000000000000000000000000000000DA
:1076B00000000000000000000000000000000000CA
:1076C00000000000000000000000000000000000BA
:1076D00000000000000000000000000000000000AA
:1076E000000000000000000000000000000000009A
:1076F000000000000000000000000000000000008A
:107700000000000000000000000000000000000079
:107710000000000000000000000000000000000069
:107720000000000000000000000000000000000059
:107730000000000000000000000000000000000049
:107740000000000000000000000000000000000039
:107750000000000000000000000000000000000029
:107760000000000000000000000000000000000019
:107770000000000000000000000000000000000009
:1077800000000000000000000000000000000000F9
:1077900000000000000000000000000000000000E9
:1077A00000000000000000000000000000000000D9
:1077B00000000000000000000000000000000000C9
:1077C00000000000000000000000000000000000B9
:1077D00000000000000000000000000000000000A9
:1077E0000000000000000000000000000000000099
:1077F0000000000000000000000000000000000089
:107800000000000000000000000000000000000078
:107810000000000000000000000000000000000068
:107820000000000000000000000000000000000058
:107830000000000000000000000000000000000048
:107840000000000000000000000000000000000038
:107850000000000000000000000000000000000028
:107860000000000000000000000000000000000018
:107870000000000000000000000000000000000008
:1078800000000000000000000000000000000000F8
:1078900000000000000000000000000000000000E8
:1078A00000000000000000000000000000000000D8
:1078B00000000000000000000000000000000000C8
:1078C00000000000000000000000000000000000B8
:1078D00000000000000000000000000000000000A8
:1078E0000000000000000000000000000000000098
:1078F0000000000000000000000000000000000088
:107900000000000000000000000000000000000077
:107910000000000000000000000000000000000067
:107920000000000000000000000000000000000057
:107930000000000000000000000000000000000047
:107940000000000000000000000000000000000037
:107950000000000000000000000000000000000027
:107960000000000000000000000000000000000017
:107970000000000000000000000000000000000007
:1079800000000000000000000000000000000000F7
:1079900000000000000000000000000000000000E7
:1079A00000000000000000000000000000000000D7
:1079B00000000000000000000000000000000000C7
:1079C00000000000000000000000000000000000B7
:1079D00000000000000000000000000000000000A7
:1079E0000000000000000000000000000000000097
:1079F0000000000000000000000000000000000087
:107A00000000000000000000000000000000000076
:107A10000000000000000000000000000000000066
:107A20000000000000000000000000000000000056
:107A30000000000000000000000000000000000046
:107A40000000000000000000000000000000000036
:107A50000000000000000000000000000000000026
:107A60000000000000000000000000000000000016
:107A70000000000000000000000000000000000006
:107A800000000000000000000000000000000000F6
:107A900000000000000000000000000000000000E6
:107AA00000000000000000000000000000000000D6
:107AB00000000000000000000000000000000000C6
:107AC00000000000000000000000000000000000B6
:107AD00000000000000000000000000000000000A6
:107AE0000000000000000000000000000000000096
:107AF0000000000000000000000000000000000086
:107B00000000000000000000000000000000000075
:107B10000000000000000000000000000000000065
:107B20000000000000000000000000000000000055
:107B30000000000000000000000000000000000045
:107B40000000000000000000000000000000000035
:107B50000000000000000000000000000000000025
:107B60000000000000000000000000000000000015
:107B70000000000000000000000000000000000005
:107B800000000000000000000000000000000000F5
:107B900000000000000000000000000000000000E5
:107BA00000000000000000000000000000000000D5
:107BB00000000000000000000000000000000000C5
:107BC00000000000000000000000000000000000B5
:107BD00000000000000000000000000000000000A5
:107BE0000000000000000000000000000000000095
:107BF0000000000000000000000000000000000085
:107C00000000000000000000000000000000000074
:107C10000000000000000000000000000000000064
:107C20000000000000000000000000000000000054
:107C30000000000000000000000000000000000044
:107C40000000000000000000000000000000000034
:107C50000000000000000000000000000000000024
:107C60000000000000000000000000000000000014
:107C70000000000000000000000000000000000004
:107C800000000000000000000000000000000000F4
:107C900000000000000000000000000000000000E4
:107CA00000000000000000000000000000000000D4
:107CB00000000000000000000000000000000000C4
:107CC00000000000000000000000000000000000B4
:107CD00000000000000000000000000000000000A4
:107CE0000000000000000000000000000000000094
:107CF0000000000000000000000000000000000084
:107D00000000000000000000000000000000000073
:107D10000000000000000000000000000000000063
:107D20000000000000000000000000000000000053
:107D30000000000000000000000000000000000043
:107D40000000000000000000000000000000000033
:107D50000000000000000000000000000000000023
:107D60000000000000000000000000000000000013
:107D70000000000000000000000000000000000003
:107D800000000000000000000000000000000000F3
:107D900000000000000000000000000000000000E3
:107DA00000000000000000000000000000000000D3
:107DB00000000000000000000000000000000000C3
:107DC00000000000000000000000000000000000B3
:107DD00000000000000000000000000000000000A3
:107DE0000000000000000000000000000000000093
:107DF0000000000000000000000000000000000083
:107E00000000000000000000000000000000000072
:107E10000000000000000000000000000000000062
:107E20000000000000000000000000000000000052
:107E30000000000000000000000000000000000042
:107E40000000000000000000000000000000000032
:107E50000000000000000000000000000000000022
:107E60000000000000000000000000000000000012
:107E70000000000000000000000000000000000002
:107E800000000000000000000000000000000000F2
:107E900000000000000000000000000000000000E2
:107EA00000000000000000000000000000000000D2
:107EB00000000000000000000000000000000000C2
:107EC00000000000000000000000000000000000B2
:107ED00000000000000000000000000000000000A2
:107EE0000000000000000000000000000000000092
:107EF0000000000000000000000000000000000082
:107F00000000000000000000000000000000000071
:107F10000000000000000000000000000000000061
:107F20000000000000000000000000000000000051
:107F30000000000000000000000000000000000041
:107F40000000000000000000000000000000000031
:107F50000000000000000000000000000000000021
:107F60000000000000000000000000000000000011
:107F70000000000000000000000000000000000001
:107F800000000000000000000000000000000000F1
:107F900000000000000000000000000000000000E1
:107FA00000000000000000000000000000000000D1
:107FB00000000000000000000000000000000000C1
:107FC00000000000000000000000000000000000B1
:107FD00000000000000000000000000000000000A1
:107FE0000000000000000000000000000000000091
:107FF0000000000000000000000000000000000081
:108000000000000000000000000000000000000070
:108010000000000000000000000000000000000060
:108020000000000000000000000000000000000050
:108030000000000000000000000000000000000040
:108040000000000000000000000000000000000030
:108050000000000000000000000000000000000020
:108060000000000000000000000000000000000010
:108070000000000000000000000000000000000000
:1080800000000000000000000000000000000000F0
:1080900000000000000000000000000000000000E0
:1080A00000000000000000000000000000000000D0
:1080B00000000000000000000000000000000000C0
:1080C00000000000000000000000000000000000B0
:1080D00000000000000000000000000000000000A0
:1080E0000000000000000000000000000000000090
:1080F0000000000000000000000000000000000080
:10810000000000000000000000000000000000006F
:10811000000000000000000000000000000000005F
:10812000000000000000000000000000000000004F
:10813000000000000000000000000000000000003F
:10814000000000000000000000000000000000002F
:10815000000000000000000000000000000000001F
:10816000000000000000000000000000000000000F
:1081700000000000000000000000000000000000FF
:1081800000000000000000000000000000000000EF
:1081900000000000000000000000000000000000DF
:1081A00000000000000000000000000000000000CF
:1081B00000000000000000000000000000000000BF
:1081C00000000000000000000000000000000000AF
:1081D000000000000000000000000000000000009F
:1081E000000000000000000000000000000000008F
:1081F000000000000000000000000000000000007F
:10820000000000000000000000000000000000006E
:10821000000000000000000000000000000000005E
:10822000000000000000000000000000000000004E
:10823000000000000000000000000000000000003E
:10824000000000000000000000000000000000002E
:10825000000000000000000000000000000000001E
:10826000000000000000000000000000000000000E
:1082700000000000000000000000000000000000FE
:1082800000000000000000000000000000000000EE
:1082900000000000000000000000000000000000DE
:1082A00000000000000000000000000000000000CE
:1082B00000000000000000000000000000000000BE
:1082C00000000000000000000000000000000000AE
:1082D000000000000000000000000000000000009E
:1082E000000000000000000000000000000000008E
:1082F000000000000000000000000000000000007E
:10830000000000000000000000000000000000006D
:10831000000000000000000000000000000000005D
:10832000000000000000000000000000000000004D
:10833000000000000000000000000000000000003D
:10834000000000000000000000000000000000002D
:10835000000000000000000000000000000000001D
:10836000000000000000000000000000000000000D
:1083700000000000000000000000000000000000FD
:1083800000000000000000000000000000000000ED
:1083900000000000000000000000000000000000DD
:1083A00000000000000000000000000000000000CD
:1083B00000000000000000000000000000000000BD
:1083C00000000000000000000000000000000000AD
:1083D000000000000000000000000000000000009D
:1083E000000000000000000000000000000000008D
:1083F000000000000000000000000000000000007D
:10840000000000000000000000000000000000006C
:10841000000000000000000000000000000000005C
:10842000000000000000000000000000000000004C
:10843000000000000000000000000000000000003C
:10844000000000000000000000000000000000002C
:10845000000000000000000000000000000000001C
:10846000000000000000000000000000000000000C
:1084700000000000000000000000000000000000FC
:1084800000000000000000000000000000000000EC
:1084900000000000000000000000000000000000DC
:1084A00000000000000000000000000000000000CC
:1084B00000000000000000000000000000000000BC
:1084C00000000000000000000000000000000000AC
:1084D000000000000000000000000000000000009C
:1084E000000000000000000000000000000000008C
:1084F000000000000000000000000000000000007C
:10850000000000000000000000000000000000006B
:10851000000000000000000000000000000000005B
:10852000000000000000000000000000000000004B
:10853000000000000000000000000000000000003B
:10854000000000000000000000000000000000002B
:10855000000000000000000000000000000000001B
:10856000000000000000000000000000000000000B
:1085700000000000000000000000000000000000FB
:1085800000000000000000000000000000000000EB
:1085900000000000000000000000000000000000DB
:1085A00000000000000000000000000000000000CB
:1085B00000000000000000000000000000000000BB
:1085C00000000000000000000000000000000000AB
:1085D000000000000000000000000000000000009B
:1085E000000000000000000000000000000000008B
:1085F000000000000000000000000000000000007B
:10860000000000000000000000000000000000006A
:10861000000000000000000000000000000000005A
:10862000000000000000000000000000000000004A
:10863000000000000000000000000000000000003A
:10864000000000000000000000000000000000002A
:10865000000000000000000000000000000000001A
:10866000000000000000000000000000000000000A
:1086700000000000000000000000000000000000FA
:1086800000000000000000000000000000000000EA
:1086900000000000000000000000000000000000DA
:1086A00000000000000000000000000000000000CA
:1086B00000000000000000000000000000000000BA
:1086C00000000000000000000000000000000000AA
:1086D000000000000000000000000000000000009A
:1086E000000000000000000000000000000000008A
:1086F000000000000000000000000000000000007A
:108700000000000000000000000000000000000069
:108710000000000000000000000000000000000059
:108720000000000000000000000000000000000049
:108730000000000000000000000000000000000039
:108740000000000000000000000000000000000029
:108750000000000000000000000000000000000019
:108760000000000000000000000000000000000009
:1087700000000000000000000000000000000000F9
:1087800000000000000000000000000000000000E9
:1087900000000000000000000000000000000000D9
:1087A00000000000000000000000000000000000C9
:1087B00000000000000000000000000000000000B9
:1087C00000000000000000000000000000000000A9
:1087D0000000000000000000000000000000000099
:1087E0000000000000000000000000000000000089
:1087F0000000000000000000000000000000000079
:108800000000000000000000000000000000000068
:108810000000000000000000000000000000000058
:108820000000000000000000000000000000000048
:108830000000000000000000000000000000000038
:108840000000000000000000000000000000000028
:108850000000000000000000000000000000000018
:108860000000000000000000000000000000000008
:1088700000000000000000000000000000000000F8
:1088800000000000000000000000000000000000E8
:1088900000000000000000000000000000000000D8
:1088A00000000000000000000000000000000000C8
:1088B00000000000000000000000000000000000B8
:1088C00000000000000000000000000000000000A8
:1088D0000000000000000000000000000000000098
:1088E00000000000B5650300C9410100B765030041
:1088F00000000000536A0300097A0300B8F0030087
:10890000AE04040000000200BA04040000000200EB
:10891000C60404000000020000000000998003006B
:108920000000000000000000F4470020F447002091
:1089300000000000000000000E0000000060004089
:108940000000000000000000000000000000000027
:108950000000000000000000000000000000000017
:108960000000000000000000000000000000000007
:1089700000000000000000000000000000000000F7
:1089800000000000000000000000000000000000E7
:1089900000000000000000000000000000000000D7
:1089A00000000000000000000000000000000000C7
:1089B00000000000000000000000000000000000B7
:1089C00000000000000000000000000068320120EC
:1089D0000000000000000000000000000004000093
:1089E00068360120000000000000000000000000C8
:1089F00000040000100B04000000000000490020EB
:108A0000000000005CE80300C94C0020D14C0020AD
:108A1000DA4C0020DF4C0020E44C0020E84C002021
:108A2000ED4C0020F44C0020FD4C0020044D0020B3
:108A30000B4D002000000000D3880300D5940100F6
:108A400035950100838C0300AF890300C38A0300BE
:108A5000000000006B8F0300AB8A0300458A03000F
:108A600000000000D5880300000000009D98010070
:108A7000000000000000000000000000EDB1010057
:108A800000000000000000000000000085A10100BF
:108A9000000000000000000000000000ADC0010068
:108AA0000000000000000000000000006DBF010099
:108AB00000000000000000000000000095C9010057
:108AC000000000000000000000000000D9C4010008
:108AD0000000000000000000B5D80100C5E701005B
:108AE00011E90100000000000000000071DA01003F
:108AF0001BA20300E5A2030095D8010000000000BE
:108B000000000000C9E401000000000000000000B7
:108B10006DA803000000000000000000000000003D
:108B2000DA04040000000200E604040000000A0069
:108B3000F604040000002000000000000000000017
:108B40000000000000000000F9A603000000000083
:108B50001C4A00201C4A0020000000000000000009
:108B60000E000000304A0020304A00209914020014
:108B700000000000000000009883002000000000BA
:108B80009948020000000000A083002000000000BF
:108B9000B93C020000000000A88300200000000093
:108BA00085CA020000000000B08300200000000021
:108BB00085CA020000000000B88300200000000009
:108BC000E139020000000000D08D0020000000000C
:108BD00001D4020000000000D88D00200000000039
:108BE00085CA020000000000E08D002000000000A7
:108BF00095600200000000005C8E00200000000074
:108C00005168020000000000648E00200000000097
:108C100085CA0200000000006C8E002000000000E9
:108C2000F969020000000000748E002000000000BE
:108C30003172020000000000988F00200000000048
:108C4000E88F002000000000C89100200000000014
:108C500078920020000000001DDF020000000000EC
:108C6000FC93002000000000A9C7020000000000E3
:108C70001C9400200000000085CA020000000000D3
:108C80003098002000000000392D02000000000094
:108C90002898002000000000392D0200000000008C
:108CA000209800200000000065290200000000005C
:108CB0001898002000000000392D0200000000007C
:108CC000109800200000000065290200000000004C
:108CD0000898002000000000392D0200000000006C
:108CE0000000000000000000000000000000000084
:108CF0000000000000000000000000000000000074
:108D00000000000000000000000000000000000063
:108D10000000000000000000000000000000000053
:108D20000000000000000000000000000000000043
:108D30000000000000000000000000000000000033
:108D40000000000000000000000000000000000023
:108D50000000000000000000000000000000000013
:108D60002C4C00202C4C00200000000000000000D3
:108D70000E000000000000000000000000000000E5
:108D800000000000000000000000000000000000E3
:108D900000C201000001030000C201000001030045
:108DA0007C4C0020000000000000000000000000DB
:108DB00000000000000000008EAF00202000000036
:108DC000000000000090D003FF00000090020000AF
:108DD0009C4C00209C4C0020017A01001D7A01006F
:108DE00009020000000100807D12010002EF020173
:108DF00040E32F01000404000000000106080B00FE
:108E00000202020000090400000102020000052421
:108E100000100105240100010424020205240600BB
:108E2000010705810310000A09040100020A00007D
:108E30000007058202400000070501024000000013
:108E40000001000000000000000000000000000021
:108E50000000000000000000000000000000000012
:108E60000000000000000000000000000000000002
:108E700000000000000000000000000000000000F2
:108E800000000000000000000000000000000000E2
:108E900000000000604D0020604D0020302B0120BC
:108EA000000000000100000024000000000000009D
:108EB0007C4D00207C4D00200005012000000000BA
:108EC00001000000A000000000000000984D0020FC
:108ED000984D0020542B01200000000003000000EA
:108EE0001C00000000000000B44D0020B44D002024
:108EF000FC1F01200000000008000000100000001E
:108F00000000000000000000A00501204410000047
:108F1000000000000000000000000000A82B01205D
:108F2000000400000000000000000000F84D0020D8
:108F3000F84D002000000000000000000E000000BE
:108F40000C4E00200C4E002008010000080000001C
:108F5000E4150120241E0120E4150120E415012060
:108F60000000000000000000344E0020344E0020BD
:108F70002C00000008000000241E0120841F012096
:108F8000241E0120241E012000000000000000001B
:108F90005C4E00205C4E00200100000080000000BC
:108FA000E831012068320120E8310120E831012058
:108FB0000000000000000000844E0020844E0020CD
:108FC0000C0000000A000000841F0120FC1F01208B
:108FD000841F0120841F0120000000000000000009
:108FE000AC4E0020AC4E002001000000010000004B
:108FF000BC4E0020BC4E002000000000010000001C
:10900000CC4E0020CC4E00200000000001000000EB
:10901000DC4E0020DC4E002000000000FFFFFFFFC0
:10902000EC4E0020EC4E002000000000010000008B
:10903000FC4E0020FC4E002000000000084F0020E5
:10904000084F0020000000000000000000000000A9
:109050001C4F00201C4F0020244F0020244F0020D4
:109060000000000000000000344F0020344F0020BA
:1090700003000300100000000000000080F3030064
:109080005C2901200000000000000000584F002073
:10909000584F0020030003001000000031D80100E9
:1090A0001CF40300B82A01200000000000000000AA
:1090B0007C4F00207C4F00200300030000000000D4
:1090C0000000000020F20300D02501200000000075
:1090D00000000000A04F0020A04F00200100010070
:1090E00010000000EDC301006CF3030054280120C0
:1090F0000000000000000000C44F0020C44F00200A
:1091000003000300000000000000000034F303002F
:109110000C2801200000000000000000E84F0020A3
:10912000E84F00200C000C0004000000519B0100DF
:109130000CF20300F42301200000000000000000F6
:109140000C5000200C500020010001000000000025
:109150000000000034F203001C2701200000000082
:10916000000000003050002030500020100010009F
:109170000A00000093B00300D8F90300A82F0120D3
:10918000C10B04000000000000000000000000000F
:109190000000000000000000E8E8030000000000FC
:1091A00000000000000000000000000000000000BF
:1091B00000000000000000000000000000000000AF
:1091C000000000000000000000000000000000009F
:1091D000000000000000000000000000000000008F
:1091E000000000000000000000000000000000007F
:1091F000B54C00200000000000000000000000004E
:10920000C048002000000000000000000000000036
:10921000000000000302000085430100010000007F
:10922000010200006D2701000100000000020000A3
:109230009525010001000000020200005D3E0100D2
:1092400001000000470704006126010040070400F8
:10925000E92801004B0704003526010015E015E060
:1092600007692800100020006AC338B92987758172
:1092700058E313E50CD3BB8B369C4CC71024270E48
:08928000C175A94CD668B000CD
:00000001FF
